<?xml version="1.0" encoding="utf-8"?>
<COLLADA xmlns="http://www.collada.org/2005/11/COLLADASchema" version="1.4.1">
  <asset>
    <contributor><authoring_tool>RC2027 Field Generator</authoring_tool></contributor>
    <up_axis>Z_UP</up_axis>
  </asset>
  <library_effects>
    <effect id="mat_0_392_0_243_0_000-effect">
      <profile_COMMON>
        <technique sid="common">
          <lambert>
            <emission><color sid="emission">0.0471 0.0292 0.0000 1.0</color></emission>
            <ambient><color sid="ambient">0.3138 0.1945 0.0000 1.0</color></ambient>
            <diffuse><color sid="diffuse">0.3922 0.2431 0.0000 1.0</color></diffuse>
          </lambert>
        </technique>
      </profile_COMMON>
    </effect>
    <effect id="mat_0_196_0_000_1_000-effect">
      <profile_COMMON>
        <technique sid="common">
          <lambert>
            <emission><color sid="emission">0.0235 0.0000 0.1200 1.0</color></emission>
            <ambient><color sid="ambient">0.1569 0.0000 0.8000 1.0</color></ambient>
            <diffuse><color sid="diffuse">0.1961 0.0000 1.0000 1.0</color></diffuse>
          </lambert>
        </technique>
      </profile_COMMON>
    </effect>
    <effect id="mat_0_875_0_133_0_133-effect">
      <profile_COMMON>
        <technique sid="common">
          <lambert>
            <emission><color sid="emission">0.1049 0.0160 0.0160 1.0</color></emission>
            <ambient><color sid="ambient">0.6996 0.1066 0.1066 1.0</color></ambient>
            <diffuse><color sid="diffuse">0.8745 0.1333 0.1333 1.0</color></diffuse>
          </lambert>
        </technique>
      </profile_COMMON>
    </effect>
    <effect id="mat_0_941_0_824_0_824-effect">
      <profile_COMMON>
        <technique sid="common">
          <lambert>
            <emission><color sid="emission">0.1129 0.0988 0.0988 1.0</color></emission>
            <ambient><color sid="ambient">0.7530 0.6588 0.6588 1.0</color></ambient>
            <diffuse><color sid="diffuse">0.9412 0.8235 0.8235 1.0</color></diffuse>
          </lambert>
        </technique>
      </profile_COMMON>
    </effect>
    <effect id="mat_0_667_0_824_0_902-effect">
      <profile_COMMON>
        <technique sid="common">
          <lambert>
            <emission><color sid="emission">0.0800 0.0988 0.1082 1.0</color></emission>
            <ambient><color sid="ambient">0.5334 0.6588 0.7216 1.0</color></ambient>
            <diffuse><color sid="diffuse">0.6667 0.8235 0.9020 1.0</color></diffuse>
          </lambert>
        </technique>
      </profile_COMMON>
    </effect>
    <effect id="mat_0_961_0_941_0_784-effect">
      <profile_COMMON>
        <technique sid="common">
          <lambert>
            <emission><color sid="emission">0.1153 0.1129 0.0941 1.0</color></emission>
            <ambient><color sid="ambient">0.7686 0.7530 0.6274 1.0</color></ambient>
            <diffuse><color sid="diffuse">0.9608 0.9412 0.7843 1.0</color></diffuse>
          </lambert>
        </technique>
      </profile_COMMON>
    </effect>
    <effect id="mat_0_588_0_843_0_863-effect">
      <profile_COMMON>
        <technique sid="common">
          <lambert>
            <emission><color sid="emission">0.0706 0.1012 0.1035 1.0</color></emission>
            <ambient><color sid="ambient">0.4706 0.6745 0.6902 1.0</color></ambient>
            <diffuse><color sid="diffuse">0.5882 0.8431 0.8627 1.0</color></diffuse>
          </lambert>
        </technique>
      </profile_COMMON>
    </effect>
    <effect id="mat_0_922_0_706_0_627-effect">
      <profile_COMMON>
        <technique sid="common">
          <lambert>
            <emission><color sid="emission">0.1106 0.0847 0.0753 1.0</color></emission>
            <ambient><color sid="ambient">0.7373 0.5647 0.5020 1.0</color></ambient>
            <diffuse><color sid="diffuse">0.9216 0.7059 0.6275 1.0</color></diffuse>
          </lambert>
        </technique>
      </profile_COMMON>
    </effect>
    <effect id="mat_0_961_0_667_0_235-effect">
      <profile_COMMON>
        <technique sid="common">
          <lambert>
            <emission><color sid="emission">0.1153 0.0800 0.0282 1.0</color></emission>
            <ambient><color sid="ambient">0.7686 0.5334 0.1882 1.0</color></ambient>
            <diffuse><color sid="diffuse">0.9608 0.6667 0.2353 1.0</color></diffuse>
          </lambert>
        </technique>
      </profile_COMMON>
    </effect>
    <effect id="mat_0_784_0_588_0_549-effect">
      <profile_COMMON>
        <technique sid="common">
          <lambert>
            <emission><color sid="emission">0.0941 0.0706 0.0659 1.0</color></emission>
            <ambient><color sid="ambient">0.6274 0.4706 0.4392 1.0</color></ambient>
            <diffuse><color sid="diffuse">0.7843 0.5882 0.5490 1.0</color></diffuse>
          </lambert>
        </technique>
      </profile_COMMON>
    </effect>
    <effect id="mat_0_745_0_745_0_726-effect">
      <profile_COMMON>
        <technique sid="common">
          <lambert>
            <emission><color sid="emission">0.0894 0.0894 0.0871 1.0</color></emission>
            <ambient><color sid="ambient">0.5961 0.5961 0.5804 1.0</color></ambient>
            <diffuse><color sid="diffuse">0.7451 0.7451 0.7255 1.0</color></diffuse>
          </lambert>
        </technique>
      </profile_COMMON>
    </effect>
    <effect id="mat_0_157_0_392_0_196-effect">
      <profile_COMMON>
        <technique sid="common">
          <lambert>
            <emission><color sid="emission">0.0188 0.0471 0.0235 1.0</color></emission>
            <ambient><color sid="ambient">0.1255 0.3138 0.1569 1.0</color></ambient>
            <diffuse><color sid="diffuse">0.1569 0.3922 0.1961 1.0</color></diffuse>
          </lambert>
        </technique>
      </profile_COMMON>
    </effect>
    <effect id="mat_0_855_0_647_0_126-effect">
      <profile_COMMON>
        <technique sid="common">
          <lambert>
            <emission><color sid="emission">0.1026 0.0777 0.0151 1.0</color></emission>
            <ambient><color sid="ambient">0.6839 0.5177 0.1004 1.0</color></ambient>
            <diffuse><color sid="diffuse">0.8549 0.6471 0.1255 1.0</color></diffuse>
          </lambert>
        </technique>
      </profile_COMMON>
    </effect>
    <effect id="mat_0_235_0_667_0_961-effect">
      <profile_COMMON>
        <technique sid="common">
          <lambert>
            <emission><color sid="emission">0.0282 0.0800 0.1153 1.0</color></emission>
            <ambient><color sid="ambient">0.1882 0.5334 0.7686 1.0</color></ambient>
            <diffuse><color sid="diffuse">0.2353 0.6667 0.9608 1.0</color></diffuse>
          </lambert>
        </technique>
      </profile_COMMON>
    </effect>
    <effect id="mat_0_510_0_706_0_784-effect">
      <profile_COMMON>
        <technique sid="common">
          <lambert>
            <emission><color sid="emission">0.0612 0.0847 0.0941 1.0</color></emission>
            <ambient><color sid="ambient">0.4078 0.5647 0.6274 1.0</color></ambient>
            <diffuse><color sid="diffuse">0.5098 0.7059 0.7843 1.0</color></diffuse>
          </lambert>
        </technique>
      </profile_COMMON>
    </effect>
  </library_effects>
  <library_materials>
    <material id="mat_0_392_0_243_0_000" name="mat_0_392_0_243_0_000">
      <instance_effect url="#mat_0_392_0_243_0_000-effect"/>
    </material>
    <material id="mat_0_196_0_000_1_000" name="mat_0_196_0_000_1_000">
      <instance_effect url="#mat_0_196_0_000_1_000-effect"/>
    </material>
    <material id="mat_0_875_0_133_0_133" name="mat_0_875_0_133_0_133">
      <instance_effect url="#mat_0_875_0_133_0_133-effect"/>
    </material>
    <material id="mat_0_941_0_824_0_824" name="mat_0_941_0_824_0_824">
      <instance_effect url="#mat_0_941_0_824_0_824-effect"/>
    </material>
    <material id="mat_0_667_0_824_0_902" name="mat_0_667_0_824_0_902">
      <instance_effect url="#mat_0_667_0_824_0_902-effect"/>
    </material>
    <material id="mat_0_961_0_941_0_784" name="mat_0_961_0_941_0_784">
      <instance_effect url="#mat_0_961_0_941_0_784-effect"/>
    </material>
    <material id="mat_0_588_0_843_0_863" name="mat_0_588_0_843_0_863">
      <instance_effect url="#mat_0_588_0_843_0_863-effect"/>
    </material>
    <material id="mat_0_922_0_706_0_627" name="mat_0_922_0_706_0_627">
      <instance_effect url="#mat_0_922_0_706_0_627-effect"/>
    </material>
    <material id="mat_0_961_0_667_0_235" name="mat_0_961_0_667_0_235">
      <instance_effect url="#mat_0_961_0_667_0_235-effect"/>
    </material>
    <material id="mat_0_784_0_588_0_549" name="mat_0_784_0_588_0_549">
      <instance_effect url="#mat_0_784_0_588_0_549-effect"/>
    </material>
    <material id="mat_0_745_0_745_0_726" name="mat_0_745_0_745_0_726">
      <instance_effect url="#mat_0_745_0_745_0_726-effect"/>
    </material>
    <material id="mat_0_157_0_392_0_196" name="mat_0_157_0_392_0_196">
      <instance_effect url="#mat_0_157_0_392_0_196-effect"/>
    </material>
    <material id="mat_0_855_0_647_0_126" name="mat_0_855_0_647_0_126">
      <instance_effect url="#mat_0_855_0_647_0_126-effect"/>
    </material>
    <material id="mat_0_235_0_667_0_961" name="mat_0_235_0_667_0_961">
      <instance_effect url="#mat_0_235_0_667_0_961-effect"/>
    </material>
    <material id="mat_0_510_0_706_0_784" name="mat_0_510_0_706_0_784">
      <instance_effect url="#mat_0_510_0_706_0_784-effect"/>
    </material>
  </library_materials>
  <library_geometries>
    <geometry id="part_000-mesh" name="part_000">
      <mesh>
        <source id="part_000-mesh-positions">
          <float_array id="part_000-mesh-positions-array" count="486">0.0250 -5.5000 0.1250 -5.5500 -5.5500 0.1250 5.5500 -5.5500 0.1250 0.0250 5.5000 0.1250 5.5000 5.5000 0.1250 5.5500 5.5500 0.1250 5.5500 5.5500 0.1250 5.5000 5.5000 0.1250 5.5500 -5.5500 0.1250 5.5000 -5.5000 0.1250 0.0250 -5.5000 0.1250 0.0250 -4.8500 0.1250 -0.0250 -4.8500 0.1250 0.0250 -5.5000 0.1250 -0.0250 -5.5000 0.1250 -5.5500 -5.5500 0.1250 -5.5000 -5.5000 0.1250 -5.5500 5.5500 0.1250 -5.5000 5.5000 0.1250 -0.0250 5.5000 0.1250 -0.0250 4.7500 0.1250 0.0250 4.7500 0.1250 -0.0250 5.5000 0.1250 0.0250 5.5000 0.1250 -5.5500 5.5500 0.1250 5.5500 5.5500 0.1250 5.5500 -5.5500 0.1250 -5.5500 -5.5500 0.1250 5.5500 -5.5500 0.0250 -5.5500 -5.5500 0.0250 -0.0250 -5.5000 0.0250 5.5500 -5.5500 0.0250 -5.5500 -5.5500 0.0250 0.0250 5.5000 0.0250 -5.5500 5.5500 0.0250 5.5500 5.5500 0.0250 -0.0250 -4.8500 0.0250 0.0250 -4.8500 0.0250 -0.0250 -5.5000 0.0250 0.0250 -5.5000 0.0250 5.5500 -5.5500 0.0250 5.5000 -5.5000 0.0250 5.5500 5.5500 0.0250 5.5000 5.5000 0.0250 0.0250 5.5000 0.0250 0.0250 4.7500 0.0250 -0.0250 4.7500 0.0250 0.0250 5.5000 0.0250 -0.0250 5.5000 0.0250 -5.5500 5.5500 0.0250 -5.5000 5.5000 0.0250 -5.5500 -5.5500 0.0250 -5.5000 -5.5000 0.0250 -0.0250 -5.5000 0.0250 -0.0250 5.5000 0.1250 -5.5000 5.5000 0.1250 -0.0250 5.5000 0.0250 -5.5000 5.5000 0.0250 -5.5000 5.5000 0.1250 -5.5000 -5.5000 0.1250 -5.5000 5.5000 0.0250 -5.5000 -5.5000 0.0250 0.0250 5.5000 0.1250 0.0250 4.7500 0.1250 0.0250 5.5000 0.0250 0.0250 4.7500 0.0250 5.5000 5.5000 0.1250 0.0250 5.5000 0.1250 5.5000 5.5000 0.0250 0.0250 5.5000 0.0250 -5.5000 -5.5000 0.1250 -0.0250 -5.5000 0.1250 -5.5000 -5.5000 0.0250 -0.0250 -5.5000 0.0250 -0.0250 -5.5000 0.1250 -0.0250 -4.8500 0.1250 -0.0250 -5.5000 0.0250 -0.0250 -4.8500 0.0250 0.0250 -4.8500 0.1250 0.0250 -5.5000 0.1250 0.0250 -4.8500 0.0250 0.0250 -5.5000 0.0250 5.5000 -5.5000 0.1250 5.5000 5.5000 0.1250 5.5000 -5.5000 0.0250 5.5000 5.5000 0.0250 0.0250 -5.5000 0.1250 5.5000 -5.5000 0.1250 0.0250 -5.5000 0.0250 5.5000 -5.5000 0.0250 -0.0250 -4.8500 0.1250 0.0250 -4.8500 0.1250 -0.0250 -4.8500 0.0250 0.0250 -4.8500 0.0250 -5.5500 -5.5500 0.1250 -5.5500 5.5500 0.1250 -5.5500 -5.5500 0.0250 -5.5500 5.5500 0.0250 -5.5500 5.5500 0.1250 5.5500 5.5500 0.1250 -5.5500 5.5500 0.0250 5.5500 5.5500 0.0250 5.5500 5.5500 0.1250 5.5500 -5.5500 0.1250 5.5500 5.5500 0.0250 5.5500 -5.5500 0.0250 -0.0250 4.7500 0.1250 -0.0250 5.5000 0.1250 -0.0250 4.7500 0.0250 -0.0250 5.5000 0.0250 0.0250 4.7500 0.1250 -0.0250 4.7500 0.1250 0.0250 4.7500 0.0250 -0.0250 4.7500 0.0250 0.0250 -3.0000 0.1250 0.0250 -3.6500 0.1250 0.0250 -3.0000 0.0250 0.0250 -3.6500 0.0250 -0.0250 -3.0000 0.1250 0.0250 -3.0000 0.1250 -0.0250 -3.0000 0.0250 0.0250 -3.0000 0.0250 -0.0250 -3.6500 0.1250 -0.0250 -3.0000 0.1250 -0.0250 -3.6500 0.0250 -0.0250 -3.0000 0.0250 0.0250 -3.6500 0.1250 -0.0250 -3.6500 0.1250 0.0250 -3.6500 0.0250 -0.0250 -3.6500 0.0250 -0.0250 -3.0000 0.1250 -0.0250 -3.6500 0.1250 0.0250 -3.0000 0.1250 0.0250 -3.6500 0.1250 -0.0250 -3.6500 0.0250 -0.0250 -3.0000 0.0250 0.0250 -3.6500 0.0250 0.0250 -3.0000 0.0250 -0.0250 3.0000 0.1250 -0.0250 3.7500 0.1250 -0.0250 3.0000 0.0250 -0.0250 3.7500 0.0250 -0.0250 3.7500 0.1250 0.0250 3.7500 0.1250 -0.0250 3.7500 0.0250 0.0250 3.7500 0.0250 0.0250 3.0000 0.1250 -0.0250 3.0000 0.1250 0.0250 3.0000 0.0250 -0.0250 3.0000 0.0250 -0.0250 3.0000 0.0250 -0.0250 3.7500 0.0250 0.0250 3.0000 0.0250 0.0250 3.7500 0.0250 -0.0250 3.7500 0.1250 -0.0250 3.0000 0.1250 0.0250 3.7500 0.1250 0.0250 3.0000 0.1250 0.0250 3.7500 0.1250 0.0250 3.0000 0.1250 0.0250 3.7500 0.0250 0.0250 3.0000 0.0250</float_array>
          <technique_common>
            <accessor source="#part_000-mesh-positions-array" count="162" stride="3">
              <param name="X" type="float"/>
              <param name="Y" type="float"/>
              <param name="Z" type="float"/>
            </accessor>
          </technique_common>
        </source>
        <source id="part_000-mesh-normals">
          <float_array id="part_000-mesh-normals-array" count="264">0.0000 0.0000 1.0000 0.0000 0.0000 1.0000 0.0000 0.0000 1.0000 0.0000 0.0000 1.0000 0.0000 0.0000 1.0000 0.0000 0.0000 1.0000 0.0000 0.0000 1.0000 0.0000 0.0000 1.0000 0.0000 0.0000 1.0000 0.0000 0.0000 1.0000 0.0000 0.0000 1.0000 0.0000 0.0000 1.0000 0.0000 0.0000 1.0000 -0.0000 0.0000 1.0000 0.0000 -0.0000 1.0000 -0.0000 0.0000 1.0000 -0.0000 -1.0000 -0.0000 0.0000 -1.0000 0.0000 0.0000 -0.0000 -1.0000 0.0000 0.0000 -1.0000 0.0000 0.0000 -1.0000 0.0000 0.0000 -1.0000 0.0000 0.0000 -1.0000 0.0000 0.0000 -1.0000 0.0000 0.0000 -1.0000 0.0000 0.0000 -1.0000 0.0000 0.0000 -1.0000 0.0000 0.0000 -1.0000 -0.0000 0.0000 -1.0000 0.0000 0.0000 -1.0000 0.0000 0.0000 -1.0000 0.0000 0.0000 -1.0000 0.0000 0.0000 -1.0000 0.0000 0.0000 -1.0000 -0.0000 -1.0000 -0.0000 0.0000 -1.0000 0.0000 1.0000 0.0000 0.0000 1.0000 0.0000 0.0000 1.0000 0.0000 0.0000 1.0000 0.0000 0.0000 -0.0000 -1.0000 -0.0000 0.0000 -1.0000 0.0000 -0.0000 1.0000 0.0000 0.0000 1.0000 0.0000 -1.0000 0.0000 0.0000 -1.0000 0.0000 0.0000 1.0000 0.0000 0.0000 1.0000 0.0000 0.0000 -1.0000 0.0000 0.0000 -1.0000 0.0000 0.0000 -0.0000 1.0000 0.0000 0.0000 1.0000 0.0000 -0.0000 1.0000 0.0000 0.0000 1.0000 0.0000 -1.0000 0.0000 0.0000 -1.0000 0.0000 0.0000 -0.0000 1.0000 0.0000 0.0000 1.0000 0.0000 1.0000 0.0000 0.0000 1.0000 0.0000 0.0000 -1.0000 0.0000 0.0000 -1.0000 0.0000 0.0000 -0.0000 -1.0000 -0.0000 0.0000 -1.0000 0.0000 1.0000 0.0000 0.0000 1.0000 0.0000 0.0000 -0.0000 1.0000 0.0000 0.0000 1.0000 0.0000 -1.0000 0.0000 0.0000 -1.0000 0.0000 0.0000 -0.0000 -1.0000 -0.0000 0.0000 -1.0000 0.0000 -0.0000 0.0000 1.0000 0.0000 0.0000 1.0000 0.0000 0.0000 -1.0000 0.0000 0.0000 -1.0000 -1.0000 0.0000 0.0000 -1.0000 0.0000 0.0000 -0.0000 1.0000 0.0000 0.0000 1.0000 0.0000 -0.0000 -1.0000 -0.0000 0.0000 -1.0000 0.0000 0.0000 0.0000 -1.0000 0.0000 0.0000 -1.0000 -0.0000 0.0000 1.0000 0.0000 0.0000 1.0000 1.0000 0.0000 0.0000 1.0000 0.0000 0.0000</float_array>
          <technique_common>
            <accessor source="#part_000-mesh-normals-array" count="88" stride="3">
              <param name="X" type="float"/>
              <param name="Y" type="float"/>
              <param name="Z" type="float"/>
            </accessor>
          </technique_common>
        </source>
        <vertices id="part_000-mesh-vertices">
          <input semantic="POSITION" source="#part_000-mesh-positions"/>
        </vertices>
        <triangles material="mat_0_392_0_243_0_000" count="88">
          <input semantic="VERTEX" source="#part_000-mesh-vertices" offset="0"/>
          <input semantic="NORMAL" source="#part_000-mesh-normals" offset="1"/>
          <p>0 0 1 0 2 0 3 1 4 1 5 1 6 2 7 2 8 2 8 3 7 3 9 3 8 4 9 4 10 4 11 5 12 5 13 5 13 6 12 6 14 6 13 7 14 7 15 7 15 8 14 8 16 8 15 9 16 9 17 9 17 10 16 10 18 10 17 11 18 11 19 11 20 12 21 12 22 12 22 13 21 13 23 13 22 14 23 14 24 14 24 15 23 15 25 15 26 16 27 16 28 16 28 17 27 17 29 17 30 18 31 18 32 18 33 19 34 19 35 19 36 20 37 20 38 20 38 21 37 21 39 21 38 22 39 22 40 22 40 23 39 23 41 23 40 24 41 24 42 24 42 25 41 25 43 25 42 26 43 26 44 26 45 27 46 27 47 27 47 28 46 28 48 28 47 29 48 29 49 29 49 30 48 30 50 30 49 31 50 31 51 31 51 32 50 32 52 32 51 33 52 33 53 33 54 34 55 34 56 34 56 35 55 35 57 35 58 36 59 36 60 36 60 37 59 37 61 37 62 38 63 38 64 38 64 39 63 39 65 39 66 40 67 40 68 40 68 41 67 41 69 41 70 42 71 42 72 42 72 43 71 43 73 43 74 44 75 44 76 44 76 45 75 45 77 45 78 46 79 46 80 46 80 47 79 47 81 47 82 48 83 48 84 48 84 49 83 49 85 49 86 50 87 50 88 50 88 51 87 51 89 51 90 52 91 52 92 52 92 53 91 53 93 53 94 54 95 54 96 54 96 55 95 55 97 55 98 56 99 56 100 56 100 57 99 57 101 57 102 58 103 58 104 58 104 59 103 59 105 59 106 60 107 60 108 60 108 61 107 61 109 61 110 62 111 62 112 62 112 63 111 63 113 63 114 64 115 64 116 64 116 65 115 65 117 65 118 66 119 66 120 66 120 67 119 67 121 67 122 68 123 68 124 68 124 69 123 69 125 69 126 70 127 70 128 70 128 71 127 71 129 71 130 72 131 72 132 72 132 73 131 73 133 73 134 74 135 74 136 74 136 75 135 75 137 75 138 76 139 76 140 76 140 77 139 77 141 77 142 78 143 78 144 78 144 79 143 79 145 79 146 80 147 80 148 80 148 81 147 81 149 81 150 82 151 82 152 82 152 83 151 83 153 83 154 84 155 84 156 84 156 85 155 85 157 85 158 86 159 86 160 86 160 87 159 87 161 87</p>
        </triangles>
      </mesh>
    </geometry>
    <geometry id="part_001-mesh" name="part_001">
      <mesh>
        <source id="part_001-mesh-positions">
          <float_array id="part_001-mesh-positions-array" count="72">3.5000 4.5000 0.0266 3.5000 5.5000 0.0266 3.5000 4.5000 0.0265 3.5000 5.5000 0.0265 5.5000 4.5000 0.0266 3.5000 4.5000 0.0266 5.5000 4.5000 0.0265 3.5000 4.5000 0.0265 5.5000 5.5000 0.0266 5.5000 4.5000 0.0266 5.5000 5.5000 0.0265 5.5000 4.5000 0.0265 3.5000 5.5000 0.0266 5.5000 5.5000 0.0266 3.5000 5.5000 0.0265 5.5000 5.5000 0.0265 5.5000 4.5000 0.0266 5.5000 5.5000 0.0266 3.5000 4.5000 0.0266 3.5000 5.5000 0.0266 5.5000 5.5000 0.0265 5.5000 4.5000 0.0265 3.5000 5.5000 0.0265 3.5000 4.5000 0.0265</float_array>
          <technique_common>
            <accessor source="#part_001-mesh-positions-array" count="24" stride="3">
              <param name="X" type="float"/>
              <param name="Y" type="float"/>
              <param name="Z" type="float"/>
            </accessor>
          </technique_common>
        </source>
        <source id="part_001-mesh-normals">
          <float_array id="part_001-mesh-normals-array" count="36">-1.0000 0.0000 0.0000 -1.0000 0.0000 0.0000 -0.0000 -1.0000 -0.0000 0.0000 -1.0000 0.0000 1.0000 0.0000 0.0000 1.0000 0.0000 0.0000 -0.0000 1.0000 0.0000 0.0000 1.0000 0.0000 0.0000 -0.0000 1.0000 0.0000 0.0000 1.0000 -0.0000 -0.0000 -1.0000 0.0000 0.0000 -1.0000</float_array>
          <technique_common>
            <accessor source="#part_001-mesh-normals-array" count="12" stride="3">
              <param name="X" type="float"/>
              <param name="Y" type="float"/>
              <param name="Z" type="float"/>
            </accessor>
          </technique_common>
        </source>
        <vertices id="part_001-mesh-vertices">
          <input semantic="POSITION" source="#part_001-mesh-positions"/>
        </vertices>
        <triangles material="mat_0_196_0_000_1_000" count="12">
          <input semantic="VERTEX" source="#part_001-mesh-vertices" offset="0"/>
          <input semantic="NORMAL" source="#part_001-mesh-normals" offset="1"/>
          <p>0 0 1 0 2 0 2 1 1 1 3 1 4 2 5 2 6 2 6 3 5 3 7 3 8 4 9 4 10 4 10 5 9 5 11 5 12 6 13 6 14 6 14 7 13 7 15 7 16 8 17 8 18 8 18 9 17 9 19 9 20 10 21 10 22 10 22 11 21 11 23 11</p>
        </triangles>
      </mesh>
    </geometry>
    <geometry id="part_002-mesh" name="part_002">
      <mesh>
        <source id="part_002-mesh-positions">
          <float_array id="part_002-mesh-positions-array" count="144">4.0000 -5.5000 0.0266 4.0000 -4.8000 0.0266 4.0000 -5.5000 0.0265 4.0000 -4.8000 0.0265 4.7000 -4.8000 0.0265 4.7000 -5.5000 0.0265 4.0000 -4.8000 0.0265 4.0000 -5.5000 0.0265 4.7000 -5.5000 0.0266 4.0000 -5.5000 0.0266 4.7000 -5.5000 0.0265 4.0000 -5.5000 0.0265 4.7000 -4.8000 0.0266 4.7000 -5.5000 0.0266 4.7000 -4.8000 0.0265 4.7000 -5.5000 0.0265 4.0000 -4.8000 0.0266 4.7000 -4.8000 0.0266 4.0000 -4.8000 0.0265 4.7000 -4.8000 0.0265 4.7000 -5.5000 0.0266 4.7000 -4.8000 0.0266 4.0000 -5.5000 0.0266 4.0000 -4.8000 0.0266 5.5000 -5.5000 0.0266 5.5000 -4.8000 0.0266 4.8000 -5.5000 0.0266 4.8000 -4.8000 0.0266 4.8000 -4.8000 0.0266 5.5000 -4.8000 0.0266 4.8000 -4.8000 0.0265 5.5000 -4.8000 0.0265 5.5000 -4.8000 0.0265 5.5000 -5.5000 0.0265 4.8000 -4.8000 0.0265 4.8000 -5.5000 0.0265 5.5000 -4.8000 0.0266 5.5000 -5.5000 0.0266 5.5000 -4.8000 0.0265 5.5000 -5.5000 0.0265 5.5000 -5.5000 0.0266 4.8000 -5.5000 0.0266 5.5000 -5.5000 0.0265 4.8000 -5.5000 0.0265 4.8000 -5.5000 0.0266 4.8000 -4.8000 0.0266 4.8000 -5.5000 0.0265 4.8000 -4.8000 0.0265</float_array>
          <technique_common>
            <accessor source="#part_002-mesh-positions-array" count="48" stride="3">
              <param name="X" type="float"/>
              <param name="Y" type="float"/>
              <param name="Z" type="float"/>
            </accessor>
          </technique_common>
        </source>
        <source id="part_002-mesh-normals">
          <float_array id="part_002-mesh-normals-array" count="72">-1.0000 0.0000 0.0000 -1.0000 0.0000 0.0000 -0.0000 -0.0000 -1.0000 0.0000 0.0000 -1.0000 -0.0000 -1.0000 -0.0000 0.0000 -1.0000 0.0000 1.0000 0.0000 0.0000 1.0000 0.0000 0.0000 -0.0000 1.0000 0.0000 0.0000 1.0000 0.0000 0.0000 -0.0000 1.0000 0.0000 0.0000 1.0000 0.0000 -0.0000 1.0000 0.0000 0.0000 1.0000 -0.0000 1.0000 0.0000 0.0000 1.0000 0.0000 -0.0000 -0.0000 -1.0000 0.0000 0.0000 -1.0000 1.0000 0.0000 0.0000 1.0000 0.0000 0.0000 -0.0000 -1.0000 -0.0000 0.0000 -1.0000 0.0000 -1.0000 0.0000 0.0000 -1.0000 0.0000 0.0000</float_array>
          <technique_common>
            <accessor source="#part_002-mesh-normals-array" count="24" stride="3">
              <param name="X" type="float"/>
              <param name="Y" type="float"/>
              <param name="Z" type="float"/>
            </accessor>
          </technique_common>
        </source>
        <vertices id="part_002-mesh-vertices">
          <input semantic="POSITION" source="#part_002-mesh-positions"/>
        </vertices>
        <triangles material="mat_0_196_0_000_1_000" count="24">
          <input semantic="VERTEX" source="#part_002-mesh-vertices" offset="0"/>
          <input semantic="NORMAL" source="#part_002-mesh-normals" offset="1"/>
          <p>0 0 1 0 2 0 2 1 1 1 3 1 4 2 5 2 6 2 6 3 5 3 7 3 8 4 9 4 10 4 10 5 9 5 11 5 12 6 13 6 14 6 14 7 13 7 15 7 16 8 17 8 18 8 18 9 17 9 19 9 20 10 21 10 22 10 22 11 21 11 23 11 24 12 25 12 26 12 26 13 25 13 27 13 28 14 29 14 30 14 30 15 29 15 31 15 32 16 33 16 34 16 34 17 33 17 35 17 36 18 37 18 38 18 38 19 37 19 39 19 40 20 41 20 42 20 42 21 41 21 43 21 44 22 45 22 46 22 46 23 45 23 47 23</p>
        </triangles>
      </mesh>
    </geometry>
    <geometry id="part_003-mesh" name="part_003">
      <mesh>
        <source id="part_003-mesh-positions">
          <float_array id="part_003-mesh-positions-array" count="864">-0.1000 -3.8833 0.2271 -0.1000 -3.8833 0.0270 0.0000 -3.8833 0.2271 0.0000 -3.8833 0.0270 -0.1000 -3.6833 0.0270 -0.1000 -3.6833 0.2271 0.0000 -3.6833 0.0270 0.0000 -3.6833 0.2271 0.0000 -3.6833 0.2271 -0.1000 -3.6833 0.2271 0.0000 -3.8833 0.2271 -0.1000 -3.8833 0.2271 -0.1000 -3.8833 0.0270 -0.1000 -3.6833 0.0270 0.0000 -3.8833 0.0270 0.0000 -3.6833 0.0270 0.0000 -3.8833 0.0270 0.0000 -3.6833 0.0270 0.0000 -3.8833 0.2271 0.0000 -3.6833 0.2271 -0.1000 -3.8833 0.2271 -0.1000 -3.6833 0.2271 -0.1000 -3.8833 0.0270 -0.1000 -3.6833 0.0270 -0.3333 -3.9167 0.0270 -0.3333 -3.9167 0.2271 -0.2333 -3.9167 0.0270 -0.2333 -3.9167 0.2271 -0.3333 -4.1167 0.2271 -0.3333 -4.1167 0.0270 -0.2333 -4.1167 0.2271 -0.2333 -4.1167 0.0270 -0.2333 -3.9167 0.2271 -0.3333 -3.9167 0.2271 -0.2333 -4.1167 0.2271 -0.3333 -4.1167 0.2271 -0.2333 -4.1167 0.0270 -0.2333 -3.9167 0.0270 -0.2333 -4.1167 0.2271 -0.2333 -3.9167 0.2271 -0.3333 -4.1167 0.2271 -0.3333 -3.9167 0.2271 -0.3333 -4.1167 0.0270 -0.3333 -3.9167 0.0270 -0.3333 -4.1167 0.0270 -0.3333 -3.9167 0.0270 -0.2333 -4.1167 0.0270 -0.2333 -3.9167 0.0270 -0.5667 -3.6833 0.2271 -0.3667 -3.6833 0.2271 -0.5667 -3.6833 0.0270 -0.3667 -3.6833 0.0270 -0.5667 -3.6833 0.0270 -0.3667 -3.6833 0.0270 -0.5667 -3.7833 0.0270 -0.3667 -3.7833 0.0270 -0.5667 -3.7833 0.0270 -0.3667 -3.7833 0.0270 -0.5667 -3.7833 0.2271 -0.3667 -3.7833 0.2271 -0.3667 -3.7833 0.2271 -0.3667 -3.6833 0.2271 -0.5667 -3.7833 0.2271 -0.5667 -3.6833 0.2271 -0.3667 -3.6833 0.0270 -0.3667 -3.6833 0.2271 -0.3667 -3.7833 0.0270 -0.3667 -3.7833 0.2271 -0.5667 -3.6833 0.2271 -0.5667 -3.6833 0.0270 -0.5667 -3.7833 0.2271 -0.5667 -3.7833 0.0270 -0.5667 -4.2500 0.2271 -0.5667 -4.3500 0.2271 -0.3667 -4.2500 0.2271 -0.3667 -4.3500 0.2271 -0.3667 -4.3500 0.2271 -0.3667 -4.3500 0.0270 -0.3667 -4.2500 0.2271 -0.3667 -4.2500 0.0270 -0.3667 -4.3500 0.0270 -0.5667 -4.3500 0.0270 -0.3667 -4.2500 0.0270 -0.5667 -4.2500 0.0270 -0.3667 -4.2500 0.0270 -0.5667 -4.2500 0.0270 -0.3667 -4.2500 0.2271 -0.5667 -4.2500 0.2271 -0.3667 -4.3500 0.2271 -0.5667 -4.3500 0.2271 -0.3667 -4.3500 0.0270 -0.5667 -4.3500 0.0270 -0.5667 -4.3500 0.0270 -0.5667 -4.3500 0.2271 -0.5667 -4.2500 0.0270 -0.5667 -4.2500 0.2271 -0.5667 -4.6167 0.2271 -0.3667 -4.6167 0.2271 -0.5667 -4.6167 0.0270 -0.3667 -4.6167 0.0270 -0.5667 -4.6167 0.0270 -0.3667 -4.6167 0.0270 -0.5667 -4.7167 0.0270 -0.3667 -4.7167 0.0270 -0.5667 -4.7167 0.0270 -0.3667 -4.7167 0.0270 -0.5667 -4.7167 0.2271 -0.3667 -4.7167 0.2271 -0.3667 -4.7167 0.2271 -0.3667 -4.6167 0.2271 -0.5667 -4.7167 0.2271 -0.5667 -4.6167 0.2271 -0.3667 -4.6167 0.0270 -0.3667 -4.6167 0.2271 -0.3667 -4.7167 0.0270 -0.3667 -4.7167 0.2271 -0.5667 -4.6167 0.2271 -0.5667 -4.6167 0.0270 -0.5667 -4.7167 0.2271 -0.5667 -4.7167 0.0270 0.5667 -4.8167 0.2271 0.5667 -4.8167 0.0270 0.5667 -4.7167 0.2271 0.5667 -4.7167 0.0270 0.3667 -4.8167 0.0270 0.3667 -4.8167 0.2271 0.3667 -4.7167 0.0270 0.3667 -4.7167 0.2271 0.3667 -4.7167 0.2271 0.3667 -4.8167 0.2271 0.5667 -4.7167 0.2271 0.5667 -4.8167 0.2271 0.5667 -4.7167 0.0270 0.3667 -4.7167 0.0270 0.5667 -4.7167 0.2271 0.3667 -4.7167 0.2271 0.5667 -4.8167 0.2271 0.3667 -4.8167 0.2271 0.5667 -4.8167 0.0270 0.3667 -4.8167 0.0270 0.5667 -4.8167 0.0270 0.3667 -4.8167 0.0270 0.5667 -4.7167 0.0270 0.3667 -4.7167 0.0270 0.3667 -4.1500 0.2271 0.3667 -4.1500 0.0270 0.3667 -4.2500 0.2271 0.3667 -4.2500 0.0270 0.5667 -4.1500 0.0270 0.5667 -4.1500 0.2271 0.5667 -4.2500 0.0270 0.5667 -4.2500 0.2271 0.5667 -4.2500 0.2271 0.5667 -4.1500 0.2271 0.3667 -4.2500 0.2271 0.3667 -4.1500 0.2271 0.3667 -4.1500 0.0270 0.5667 -4.1500 0.0270 0.3667 -4.2500 0.0270 0.5667 -4.2500 0.0270 0.3667 -4.1500 0.2271 0.5667 -4.1500 0.2271 0.3667 -4.1500 0.0270 0.5667 -4.1500 0.0270 0.3667 -4.2500 0.0270 0.5667 -4.2500 0.0270 0.3667 -4.2500 0.2271 0.5667 -4.2500 0.2271 0.5667 -3.8833 0.2271 0.3667 -3.8833 0.2271 0.5667 -3.8833 0.0270 0.3667 -3.8833 0.0270 0.5667 -3.8833 0.0270 0.3667 -3.8833 0.0270 0.5667 -3.7833 0.0270 0.3667 -3.7833 0.0270 0.5667 -3.7833 0.0270 0.3667 -3.7833 0.0270 0.5667 -3.7833 0.2271 0.3667 -3.7833 0.2271 0.3667 -3.7833 0.2271 0.3667 -3.8833 0.2271 0.5667 -3.7833 0.2271 0.5667 -3.8833 0.2271 0.5667 -3.8833 0.2271 0.5667 -3.8833 0.0270 0.5667 -3.7833 0.2271 0.5667 -3.7833 0.0270 0.3667 -3.8833 0.0270 0.3667 -3.8833 0.2271 0.3667 -3.7833 0.0270 0.3667 -3.7833 0.2271 0.1333 -4.3833 0.0270 0.1333 -4.3833 0.2271 0.2333 -4.3833 0.0270 0.2333 -4.3833 0.2271 0.1333 -4.5833 0.2271 0.1333 -4.5833 0.0270 0.2333 -4.5833 0.2271 0.2333 -4.5833 0.0270 0.2333 -4.5833 0.0270 0.2333 -4.3833 0.0270 0.2333 -4.5833 0.2271 0.2333 -4.3833 0.2271 0.2333 -4.3833 0.2271 0.1333 -4.3833 0.2271 0.2333 -4.5833 0.2271 0.1333 -4.5833 0.2271 0.1333 -4.5833 0.0270 0.1333 -4.3833 0.0270 0.2333 -4.5833 0.0270 0.2333 -4.3833 0.0270 0.1333 -4.5833 0.2271 0.1333 -4.3833 0.2271 0.1333 -4.5833 0.0270 0.1333 -4.3833 0.0270 0.1000 -4.8167 0.0270 0.1000 -4.8167 0.2271 0.0000 -4.8167 0.0270 0.0000 -4.8167 0.2271 0.1000 -4.6167 0.2271 0.1000 -4.6167 0.0270 0.0000 -4.6167 0.2271 0.0000 -4.6167 0.0270 0.0000 -4.8167 0.2271 0.1000 -4.8167 0.2271 0.0000 -4.6167 0.2271 0.1000 -4.6167 0.2271 0.0000 -4.6167 0.0270 0.0000 -4.8167 0.0270 0.0000 -4.6167 0.2271 0.0000 -4.8167 0.2271 0.1000 -4.6167 0.0270 0.1000 -4.8167 0.0270 0.0000 -4.6167 0.0270 0.0000 -4.8167 0.0270 0.1000 -4.6167 0.2271 0.1000 -4.8167 0.2271 0.1000 -4.6167 0.0270 0.1000 -4.8167 0.0270 -0.2333 -4.3833 0.0270 -0.2333 -4.5833 0.0270 -0.2333 -4.3833 0.2271 -0.2333 -4.5833 0.2271 -0.1333 -4.3833 0.2271 -0.1333 -4.3833 0.0270 -0.2333 -4.3833 0.2271 -0.2333 -4.3833 0.0270 -0.1333 -4.5833 0.0270 -0.1333 -4.5833 0.2271 -0.2333 -4.5833 0.0270 -0.2333 -4.5833 0.2271 -0.2333 -4.5833 0.2271 -0.1333 -4.5833 0.2271 -0.2333 -4.3833 0.2271 -0.1333 -4.3833 0.2271 -0.1333 -4.3833 0.0270 -0.1333 -4.5833 0.0270 -0.2333 -4.3833 0.0270 -0.2333 -4.5833 0.0270 -0.1333 -4.3833 0.2271 -0.1333 -4.5833 0.2271 -0.1333 -4.3833 0.0270 -0.1333 -4.5833 0.0270 0.3333 -4.1167 0.0270 0.3333 -4.1167 0.2271 0.2333 -4.1167 0.0270 0.2333 -4.1167 0.2271 0.3333 -3.9167 0.2271 0.3333 -4.1167 0.2271 0.3333 -3.9167 0.0270 0.3333 -4.1167 0.0270 0.3333 -3.9167 0.2271 0.3333 -3.9167 0.0270 0.2333 -3.9167 0.2271 0.2333 -3.9167 0.0270 0.2333 -4.1167 0.2271 0.3333 -4.1167 0.2271 0.2333 -3.9167 0.2271 0.3333 -3.9167 0.2271 0.3333 -3.9167 0.0270 0.3333 -4.1167 0.0270 0.2333 -3.9167 0.0270 0.2333 -4.1167 0.0270 0.2333 -3.9167 0.0270 0.2333 -4.1167 0.0270 0.2333 -3.9167 0.2271 0.2333 -4.1167 0.2271</float_array>
          <technique_common>
            <accessor source="#part_003-mesh-positions-array" count="288" stride="3">
              <param name="X" type="float"/>
              <param name="Y" type="float"/>
              <param name="Z" type="float"/>
            </accessor>
          </technique_common>
        </source>
        <source id="part_003-mesh-normals">
          <float_array id="part_003-mesh-normals-array" count="432">0.0000 -1.0000 0.0000 0.0000 -1.0000 -0.0000 0.0000 1.0000 0.0000 0.0000 1.0000 -0.0000 0.0000 0.0000 1.0000 0.0000 0.0000 1.0000 0.0000 0.0000 -1.0000 0.0000 0.0000 -1.0000 1.0000 0.0000 0.0000 1.0000 -0.0000 0.0000 -1.0000 0.0000 0.0000 -1.0000 0.0000 0.0000 0.0000 1.0000 0.0000 0.0000 1.0000 -0.0000 0.0000 -1.0000 0.0000 0.0000 -1.0000 -0.0000 0.0000 0.0000 1.0000 0.0000 0.0000 1.0000 1.0000 0.0000 0.0000 1.0000 -0.0000 0.0000 -1.0000 0.0000 0.0000 -1.0000 0.0000 0.0000 0.0000 0.0000 -1.0000 0.0000 0.0000 -1.0000 -0.0000 1.0000 0.0000 0.0000 1.0000 0.0000 0.0000 0.0000 -1.0000 0.0000 0.0000 -1.0000 0.0000 -1.0000 0.0000 0.0000 -1.0000 0.0000 0.0000 -0.0000 1.0000 0.0000 0.0000 1.0000 1.0000 0.0000 -0.0000 1.0000 0.0000 0.0000 -1.0000 -0.0000 -0.0000 -1.0000 0.0000 0.0000 -0.0000 0.0000 1.0000 0.0000 0.0000 1.0000 1.0000 -0.0000 0.0000 1.0000 0.0000 0.0000 0.0000 0.0000 -1.0000 -0.0000 0.0000 -1.0000 0.0000 1.0000 -0.0000 0.0000 1.0000 0.0000 -0.0000 -1.0000 -0.0000 0.0000 -1.0000 0.0000 -1.0000 0.0000 0.0000 -1.0000 0.0000 0.0000 -0.0000 1.0000 0.0000 0.0000 1.0000 0.0000 0.0000 0.0000 -1.0000 0.0000 0.0000 -1.0000 0.0000 -1.0000 0.0000 0.0000 -1.0000 0.0000 0.0000 -0.0000 1.0000 0.0000 0.0000 1.0000 1.0000 0.0000 -0.0000 1.0000 0.0000 0.0000 -1.0000 -0.0000 -0.0000 -1.0000 0.0000 0.0000 1.0000 -0.0000 0.0000 1.0000 0.0000 0.0000 -1.0000 0.0000 0.0000 -1.0000 0.0000 0.0000 -0.0000 0.0000 1.0000 0.0000 0.0000 1.0000 0.0000 1.0000 -0.0000 0.0000 1.0000 0.0000 -0.0000 -1.0000 -0.0000 0.0000 -1.0000 0.0000 0.0000 0.0000 -1.0000 -0.0000 0.0000 -1.0000 -1.0000 -0.0000 -0.0000 -1.0000 0.0000 0.0000 1.0000 0.0000 -0.0000 1.0000 0.0000 0.0000 0.0000 -0.0000 1.0000 0.0000 0.0000 1.0000 0.0000 0.0000 -1.0000 0.0000 0.0000 -1.0000 -0.0000 1.0000 0.0000 0.0000 1.0000 0.0000 0.0000 -1.0000 0.0000 0.0000 -1.0000 0.0000 -0.0000 -1.0000 -0.0000 0.0000 -1.0000 0.0000 0.0000 0.0000 -1.0000 -0.0000 0.0000 -1.0000 0.0000 1.0000 -0.0000 0.0000 1.0000 0.0000 -0.0000 0.0000 1.0000 0.0000 0.0000 1.0000 1.0000 -0.0000 0.0000 1.0000 0.0000 0.0000 -1.0000 0.0000 0.0000 -1.0000 0.0000 0.0000 0.0000 1.0000 0.0000 0.0000 1.0000 -0.0000 0.0000 -1.0000 0.0000 0.0000 -1.0000 -0.0000 1.0000 0.0000 0.0000 1.0000 -0.0000 0.0000 0.0000 0.0000 1.0000 0.0000 0.0000 1.0000 0.0000 0.0000 -1.0000 0.0000 0.0000 -1.0000 -1.0000 0.0000 0.0000 -1.0000 0.0000 0.0000 0.0000 -1.0000 0.0000 0.0000 -1.0000 0.0000 0.0000 1.0000 0.0000 0.0000 1.0000 0.0000 0.0000 0.0000 1.0000 -0.0000 0.0000 1.0000 -1.0000 0.0000 0.0000 -1.0000 -0.0000 0.0000 -0.0000 -0.0000 -1.0000 0.0000 0.0000 -1.0000 1.0000 0.0000 0.0000 1.0000 0.0000 0.0000 -1.0000 0.0000 0.0000 -1.0000 -0.0000 0.0000 0.0000 1.0000 0.0000 0.0000 1.0000 0.0000 0.0000 -1.0000 0.0000 0.0000 -1.0000 0.0000 0.0000 0.0000 1.0000 -0.0000 0.0000 1.0000 -0.0000 -0.0000 -1.0000 0.0000 0.0000 -1.0000 1.0000 0.0000 0.0000 1.0000 0.0000 0.0000 0.0000 -1.0000 0.0000 0.0000 -1.0000 0.0000 1.0000 0.0000 0.0000 1.0000 0.0000 0.0000 0.0000 1.0000 0.0000 0.0000 1.0000 0.0000 0.0000 0.0000 1.0000 -0.0000 0.0000 1.0000 -0.0000 -0.0000 -1.0000 0.0000 0.0000 -1.0000 -1.0000 0.0000 0.0000 -1.0000 -0.0000 0.0000</float_array>
          <technique_common>
            <accessor source="#part_003-mesh-normals-array" count="144" stride="3">
              <param name="X" type="float"/>
              <param name="Y" type="float"/>
              <param name="Z" type="float"/>
            </accessor>
          </technique_common>
        </source>
        <vertices id="part_003-mesh-vertices">
          <input semantic="POSITION" source="#part_003-mesh-positions"/>
        </vertices>
        <triangles material="mat_0_875_0_133_0_133" count="144">
          <input semantic="VERTEX" source="#part_003-mesh-vertices" offset="0"/>
          <input semantic="NORMAL" source="#part_003-mesh-normals" offset="1"/>
          <p>0 0 1 0 2 0 2 1 1 1 3 1 4 2 5 2 6 2 6 3 5 3 7 3 8 4 9 4 10 4 10 5 9 5 11 5 12 6 13 6 14 6 14 7 13 7 15 7 16 8 17 8 18 8 18 9 17 9 19 9 20 10 21 10 22 10 22 11 21 11 23 11 24 12 25 12 26 12 26 13 25 13 27 13 28 14 29 14 30 14 30 15 29 15 31 15 32 16 33 16 34 16 34 17 33 17 35 17 36 18 37 18 38 18 38 19 37 19 39 19 40 20 41 20 42 20 42 21 41 21 43 21 44 22 45 22 46 22 46 23 45 23 47 23 48 24 49 24 50 24 50 25 49 25 51 25 52 26 53 26 54 26 54 27 53 27 55 27 56 28 57 28 58 28 58 29 57 29 59 29 60 30 61 30 62 30 62 31 61 31 63 31 64 32 65 32 66 32 66 33 65 33 67 33 68 34 69 34 70 34 70 35 69 35 71 35 72 36 73 36 74 36 74 37 73 37 75 37 76 38 77 38 78 38 78 39 77 39 79 39 80 40 81 40 82 40 82 41 81 41 83 41 84 42 85 42 86 42 86 43 85 43 87 43 88 44 89 44 90 44 90 45 89 45 91 45 92 46 93 46 94 46 94 47 93 47 95 47 96 48 97 48 98 48 98 49 97 49 99 49 100 50 101 50 102 50 102 51 101 51 103 51 104 52 105 52 106 52 106 53 105 53 107 53 108 54 109 54 110 54 110 55 109 55 111 55 112 56 113 56 114 56 114 57 113 57 115 57 116 58 117 58 118 58 118 59 117 59 119 59 120 60 121 60 122 60 122 61 121 61 123 61 124 62 125 62 126 62 126 63 125 63 127 63 128 64 129 64 130 64 130 65 129 65 131 65 132 66 133 66 134 66 134 67 133 67 135 67 136 68 137 68 138 68 138 69 137 69 139 69 140 70 141 70 142 70 142 71 141 71 143 71 144 72 145 72 146 72 146 73 145 73 147 73 148 74 149 74 150 74 150 75 149 75 151 75 152 76 153 76 154 76 154 77 153 77 155 77 156 78 157 78 158 78 158 79 157 79 159 79 160 80 161 80 162 80 162 81 161 81 163 81 164 82 165 82 166 82 166 83 165 83 167 83 168 84 169 84 170 84 170 85 169 85 171 85 172 86 173 86 174 86 174 87 173 87 175 87 176 88 177 88 178 88 178 89 177 89 179 89 180 90 181 90 182 90 182 91 181 91 183 91 184 92 185 92 186 92 186 93 185 93 187 93 188 94 189 94 190 94 190 95 189 95 191 95 192 96 193 96 194 96 194 97 193 97 195 97 196 98 197 98 198 98 198 99 197 99 199 99 200 100 201 100 202 100 202 101 201 101 203 101 204 102 205 102 206 102 206 103 205 103 207 103 208 104 209 104 210 104 210 105 209 105 211 105 212 106 213 106 214 106 214 107 213 107 215 107 216 108 217 108 218 108 218 109 217 109 219 109 220 110 221 110 222 110 222 111 221 111 223 111 224 112 225 112 226 112 226 113 225 113 227 113 228 114 229 114 230 114 230 115 229 115 231 115 232 116 233 116 234 116 234 117 233 117 235 117 236 118 237 118 238 118 238 119 237 119 239 119 240 120 241 120 242 120 242 121 241 121 243 121 244 122 245 122 246 122 246 123 245 123 247 123 248 124 249 124 250 124 250 125 249 125 251 125 252 126 253 126 254 126 254 127 253 127 255 127 256 128 257 128 258 128 258 129 257 129 259 129 260 130 261 130 262 130 262 131 261 131 263 131 264 132 265 132 266 132 266 133 265 133 267 133 268 134 269 134 270 134 270 135 269 135 271 135 272 136 273 136 274 136 274 137 273 137 275 137 276 138 277 138 278 138 278 139 277 139 279 139 280 140 281 140 282 140 282 141 281 141 283 141 284 142 285 142 286 142 286 143 285 143 287 143</p>
        </triangles>
      </mesh>
    </geometry>
    <geometry id="part_004-mesh" name="part_004">
      <mesh>
        <source id="part_004-mesh-positions">
          <float_array id="part_004-mesh-positions-array" count="72">-5.5500 -5.5500 0.0250 -5.5500 5.5500 0.0250 -5.5500 -5.5500 -0.0250 -5.5500 5.5500 -0.0250 0.0000 -5.5500 0.0250 -5.5500 -5.5500 0.0250 0.0000 -5.5500 -0.0250 -5.5500 -5.5500 -0.0250 0.0000 5.5500 0.0250 0.0000 -5.5500 0.0250 0.0000 5.5500 -0.0250 0.0000 -5.5500 -0.0250 -5.5500 5.5500 0.0250 0.0000 5.5500 0.0250 -5.5500 5.5500 -0.0250 0.0000 5.5500 -0.0250 0.0000 -5.5500 0.0250 0.0000 5.5500 0.0250 -5.5500 -5.5500 0.0250 -5.5500 5.5500 0.0250 0.0000 5.5500 -0.0250 0.0000 -5.5500 -0.0250 -5.5500 5.5500 -0.0250 -5.5500 -5.5500 -0.0250</float_array>
          <technique_common>
            <accessor source="#part_004-mesh-positions-array" count="24" stride="3">
              <param name="X" type="float"/>
              <param name="Y" type="float"/>
              <param name="Z" type="float"/>
            </accessor>
          </technique_common>
        </source>
        <source id="part_004-mesh-normals">
          <float_array id="part_004-mesh-normals-array" count="36">-1.0000 0.0000 0.0000 -1.0000 0.0000 0.0000 -0.0000 -1.0000 -0.0000 0.0000 -1.0000 0.0000 1.0000 0.0000 0.0000 1.0000 0.0000 0.0000 -0.0000 1.0000 0.0000 0.0000 1.0000 0.0000 0.0000 -0.0000 1.0000 0.0000 0.0000 1.0000 -0.0000 -0.0000 -1.0000 0.0000 0.0000 -1.0000</float_array>
          <technique_common>
            <accessor source="#part_004-mesh-normals-array" count="12" stride="3">
              <param name="X" type="float"/>
              <param name="Y" type="float"/>
              <param name="Z" type="float"/>
            </accessor>
          </technique_common>
        </source>
        <vertices id="part_004-mesh-vertices">
          <input semantic="POSITION" source="#part_004-mesh-positions"/>
        </vertices>
        <triangles material="mat_0_941_0_824_0_824" count="12">
          <input semantic="VERTEX" source="#part_004-mesh-vertices" offset="0"/>
          <input semantic="NORMAL" source="#part_004-mesh-normals" offset="1"/>
          <p>0 0 1 0 2 0 2 1 1 1 3 1 4 2 5 2 6 2 6 3 5 3 7 3 8 4 9 4 10 4 10 5 9 5 11 5 12 6 13 6 14 6 14 7 13 7 15 7 16 8 17 8 18 8 18 9 17 9 19 9 20 10 21 10 22 10 22 11 21 11 23 11</p>
        </triangles>
      </mesh>
    </geometry>
    <geometry id="part_005-mesh" name="part_005">
      <mesh>
        <source id="part_005-mesh-positions">
          <float_array id="part_005-mesh-positions-array" count="72">5.5500 -5.5500 0.0250 0.0000 -5.5500 0.0250 5.5500 -5.5500 -0.0250 0.0000 -5.5500 -0.0250 0.0000 -5.5500 0.0250 0.0000 5.5500 0.0250 0.0000 -5.5500 -0.0250 0.0000 5.5500 -0.0250 5.5500 5.5500 0.0250 5.5500 -5.5500 0.0250 5.5500 5.5500 -0.0250 5.5500 -5.5500 -0.0250 0.0000 5.5500 0.0250 5.5500 5.5500 0.0250 0.0000 5.5500 -0.0250 5.5500 5.5500 -0.0250 5.5500 -5.5500 0.0250 5.5500 5.5500 0.0250 0.0000 -5.5500 0.0250 0.0000 5.5500 0.0250 5.5500 5.5500 -0.0250 5.5500 -5.5500 -0.0250 0.0000 5.5500 -0.0250 0.0000 -5.5500 -0.0250</float_array>
          <technique_common>
            <accessor source="#part_005-mesh-positions-array" count="24" stride="3">
              <param name="X" type="float"/>
              <param name="Y" type="float"/>
              <param name="Z" type="float"/>
            </accessor>
          </technique_common>
        </source>
        <source id="part_005-mesh-normals">
          <float_array id="part_005-mesh-normals-array" count="36">-0.0000 -1.0000 -0.0000 0.0000 -1.0000 0.0000 -1.0000 0.0000 0.0000 -1.0000 0.0000 0.0000 1.0000 0.0000 0.0000 1.0000 0.0000 0.0000 -0.0000 1.0000 0.0000 0.0000 1.0000 0.0000 0.0000 -0.0000 1.0000 0.0000 0.0000 1.0000 -0.0000 -0.0000 -1.0000 0.0000 0.0000 -1.0000</float_array>
          <technique_common>
            <accessor source="#part_005-mesh-normals-array" count="12" stride="3">
              <param name="X" type="float"/>
              <param name="Y" type="float"/>
              <param name="Z" type="float"/>
            </accessor>
          </technique_common>
        </source>
        <vertices id="part_005-mesh-vertices">
          <input semantic="POSITION" source="#part_005-mesh-positions"/>
        </vertices>
        <triangles material="mat_0_667_0_824_0_902" count="12">
          <input semantic="VERTEX" source="#part_005-mesh-vertices" offset="0"/>
          <input semantic="NORMAL" source="#part_005-mesh-normals" offset="1"/>
          <p>0 0 1 0 2 0 2 1 1 1 3 1 4 2 5 2 6 2 6 3 5 3 7 3 8 4 9 4 10 4 10 5 9 5 11 5 12 6 13 6 14 6 14 7 13 7 15 7 16 8 17 8 18 8 18 9 17 9 19 9 20 10 21 10 22 10 22 11 21 11 23 11</p>
        </triangles>
      </mesh>
    </geometry>
    <geometry id="part_006-mesh" name="part_006">
      <mesh>
        <source id="part_006-mesh-positions">
          <float_array id="part_006-mesh-positions-array" count="144">-4.8000 -4.8000 0.0265 -4.8000 -5.5000 0.0265 -5.5000 -4.8000 0.0265 -5.5000 -5.5000 0.0265 -5.5000 -5.5000 0.0266 -5.5000 -4.8000 0.0266 -5.5000 -5.5000 0.0265 -5.5000 -4.8000 0.0265 -5.5000 -4.8000 0.0266 -4.8000 -4.8000 0.0266 -5.5000 -4.8000 0.0265 -4.8000 -4.8000 0.0265 -4.8000 -5.5000 0.0266 -5.5000 -5.5000 0.0266 -4.8000 -5.5000 0.0265 -5.5000 -5.5000 0.0265 -4.8000 -4.8000 0.0266 -4.8000 -5.5000 0.0266 -4.8000 -4.8000 0.0265 -4.8000 -5.5000 0.0265 -4.8000 -5.5000 0.0266 -4.8000 -4.8000 0.0266 -5.5000 -5.5000 0.0266 -5.5000 -4.8000 0.0266 -4.7000 -5.5000 0.0266 -4.7000 -4.8000 0.0266 -4.7000 -5.5000 0.0265 -4.7000 -4.8000 0.0265 -4.0000 -5.5000 0.0266 -4.7000 -5.5000 0.0266 -4.0000 -5.5000 0.0265 -4.7000 -5.5000 0.0265 -4.0000 -5.5000 0.0266 -4.0000 -4.8000 0.0266 -4.7000 -5.5000 0.0266 -4.7000 -4.8000 0.0266 -4.0000 -4.8000 0.0266 -4.0000 -5.5000 0.0266 -4.0000 -4.8000 0.0265 -4.0000 -5.5000 0.0265 -4.7000 -4.8000 0.0266 -4.0000 -4.8000 0.0266 -4.7000 -4.8000 0.0265 -4.0000 -4.8000 0.0265 -4.0000 -4.8000 0.0265 -4.0000 -5.5000 0.0265 -4.7000 -4.8000 0.0265 -4.7000 -5.5000 0.0265</float_array>
          <technique_common>
            <accessor source="#part_006-mesh-positions-array" count="48" stride="3">
              <param name="X" type="float"/>
              <param name="Y" type="float"/>
              <param name="Z" type="float"/>
            </accessor>
          </technique_common>
        </source>
        <source id="part_006-mesh-normals">
          <float_array id="part_006-mesh-normals-array" count="72">-0.0000 -0.0000 -1.0000 0.0000 0.0000 -1.0000 -1.0000 0.0000 0.0000 -1.0000 0.0000 0.0000 -0.0000 1.0000 0.0000 0.0000 1.0000 0.0000 -0.0000 -1.0000 -0.0000 0.0000 -1.0000 0.0000 1.0000 0.0000 0.0000 1.0000 0.0000 0.0000 0.0000 -0.0000 1.0000 0.0000 0.0000 1.0000 -1.0000 0.0000 0.0000 -1.0000 0.0000 0.0000 -0.0000 -1.0000 -0.0000 0.0000 -1.0000 0.0000 0.0000 -0.0000 1.0000 0.0000 0.0000 1.0000 1.0000 0.0000 0.0000 1.0000 0.0000 0.0000 -0.0000 1.0000 0.0000 0.0000 1.0000 0.0000 -0.0000 -0.0000 -1.0000 0.0000 0.0000 -1.0000</float_array>
          <technique_common>
            <accessor source="#part_006-mesh-normals-array" count="24" stride="3">
              <param name="X" type="float"/>
              <param name="Y" type="float"/>
              <param name="Z" type="float"/>
            </accessor>
          </technique_common>
        </source>
        <vertices id="part_006-mesh-vertices">
          <input semantic="POSITION" source="#part_006-mesh-positions"/>
        </vertices>
        <triangles material="mat_0_875_0_133_0_133" count="24">
          <input semantic="VERTEX" source="#part_006-mesh-vertices" offset="0"/>
          <input semantic="NORMAL" source="#part_006-mesh-normals" offset="1"/>
          <p>0 0 1 0 2 0 2 1 1 1 3 1 4 2 5 2 6 2 6 3 5 3 7 3 8 4 9 4 10 4 10 5 9 5 11 5 12 6 13 6 14 6 14 7 13 7 15 7 16 8 17 8 18 8 18 9 17 9 19 9 20 10 21 10 22 10 22 11 21 11 23 11 24 12 25 12 26 12 26 13 25 13 27 13 28 14 29 14 30 14 30 15 29 15 31 15 32 16 33 16 34 16 34 17 33 17 35 17 36 18 37 18 38 18 38 19 37 19 39 19 40 20 41 20 42 20 42 21 41 21 43 21 44 22 45 22 46 22 46 23 45 23 47 23</p>
        </triangles>
      </mesh>
    </geometry>
    <geometry id="part_007-mesh" name="part_007">
      <mesh>
        <source id="part_007-mesh-positions">
          <float_array id="part_007-mesh-positions-array" count="72">-5.5000 4.5000 0.0266 -5.5000 5.5000 0.0266 -5.5000 4.5000 0.0265 -5.5000 5.5000 0.0265 -3.5000 4.5000 0.0266 -5.5000 4.5000 0.0266 -3.5000 4.5000 0.0265 -5.5000 4.5000 0.0265 -3.5000 5.5000 0.0266 -3.5000 4.5000 0.0266 -3.5000 5.5000 0.0265 -3.5000 4.5000 0.0265 -5.5000 5.5000 0.0266 -3.5000 5.5000 0.0266 -5.5000 5.5000 0.0265 -3.5000 5.5000 0.0265 -3.5000 4.5000 0.0266 -3.5000 5.5000 0.0266 -5.5000 4.5000 0.0266 -5.5000 5.5000 0.0266 -3.5000 5.5000 0.0265 -3.5000 4.5000 0.0265 -5.5000 5.5000 0.0265 -5.5000 4.5000 0.0265</float_array>
          <technique_common>
            <accessor source="#part_007-mesh-positions-array" count="24" stride="3">
              <param name="X" type="float"/>
              <param name="Y" type="float"/>
              <param name="Z" type="float"/>
            </accessor>
          </technique_common>
        </source>
        <source id="part_007-mesh-normals">
          <float_array id="part_007-mesh-normals-array" count="36">-1.0000 0.0000 0.0000 -1.0000 0.0000 0.0000 -0.0000 -1.0000 -0.0000 0.0000 -1.0000 0.0000 1.0000 0.0000 0.0000 1.0000 0.0000 0.0000 -0.0000 1.0000 0.0000 0.0000 1.0000 0.0000 0.0000 -0.0000 1.0000 0.0000 0.0000 1.0000 -0.0000 -0.0000 -1.0000 0.0000 0.0000 -1.0000</float_array>
          <technique_common>
            <accessor source="#part_007-mesh-normals-array" count="12" stride="3">
              <param name="X" type="float"/>
              <param name="Y" type="float"/>
              <param name="Z" type="float"/>
            </accessor>
          </technique_common>
        </source>
        <vertices id="part_007-mesh-vertices">
          <input semantic="POSITION" source="#part_007-mesh-positions"/>
        </vertices>
        <triangles material="mat_0_875_0_133_0_133" count="12">
          <input semantic="VERTEX" source="#part_007-mesh-vertices" offset="0"/>
          <input semantic="NORMAL" source="#part_007-mesh-normals" offset="1"/>
          <p>0 0 1 0 2 0 2 1 1 1 3 1 4 2 5 2 6 2 6 3 5 3 7 3 8 4 9 4 10 4 10 5 9 5 11 5 12 6 13 6 14 6 14 7 13 7 15 7 16 8 17 8 18 8 18 9 17 9 19 9 20 10 21 10 22 10 22 11 21 11 23 11</p>
        </triangles>
      </mesh>
    </geometry>
    <geometry id="part_008-mesh" name="part_008">
      <mesh>
        <source id="part_008-mesh-positions">
          <float_array id="part_008-mesh-positions-array" count="1614">0.5667 -4.3500 0.0265 0.3667 -4.3500 0.0265 0.5667 -4.3500 0.0266 0.3667 -4.3500 0.0266 0.5667 -4.1500 0.0265 0.5667 -4.3500 0.0265 0.5667 -4.1500 0.0266 0.5667 -4.3500 0.0266 0.5667 -4.3500 0.0265 0.5667 -4.1500 0.0265 0.3667 -4.3500 0.0265 0.3667 -4.1500 0.0265 -0.3667 -4.3500 0.0265 -0.3667 -4.1500 0.0265 -0.5667 -4.3500 0.0265 -0.5667 -4.1500 0.0265 -0.3667 -4.3500 0.0265 -0.5667 -4.3500 0.0265 -0.3667 -4.3500 0.0266 -0.5667 -4.3500 0.0266 -0.3667 -3.6833 0.0265 -0.3667 -3.8833 0.0265 -0.3667 -3.6833 0.0266 -0.3667 -3.8833 0.0266 -0.5667 -3.6833 0.0265 -0.3667 -3.6833 0.0265 -0.5667 -3.6833 0.0266 -0.3667 -3.6833 0.0266 -0.3667 -3.8833 0.0265 -0.5667 -3.8833 0.0265 -0.3667 -3.8833 0.0266 -0.5667 -3.8833 0.0266 0.5667 -3.8833 0.0265 0.3667 -3.8833 0.0265 0.5667 -3.8833 0.0266 0.3667 -3.8833 0.0266 0.3333 -4.5833 0.0265 0.3333 -4.3833 0.0265 0.1333 -4.5833 0.0265 0.1333 -4.3833 0.0265 0.1000 -4.1500 0.0265 0.1000 -4.3500 0.0265 0.1000 -4.1500 0.0266 0.1000 -4.3500 0.0266 0.3333 -4.5833 0.0265 0.1333 -4.5833 0.0265 0.3333 -4.5833 0.0266 0.1333 -4.5833 0.0266 -0.3667 -3.8833 0.0265 -0.3667 -3.6833 0.0265 -0.5667 -3.8833 0.0265 -0.5667 -3.6833 0.0265 0.1333 -4.5833 0.0265 0.1333 -4.3833 0.0265 0.1333 -4.5833 0.0266 0.1333 -4.3833 0.0266 0.3667 -3.6833 0.0265 0.5667 -3.6833 0.0265 0.3667 -3.6833 0.0266 0.5667 -3.6833 0.0266 0.5667 -3.6833 0.0265 0.5667 -3.8833 0.0265 0.5667 -3.6833 0.0266 0.5667 -3.8833 0.0266 0.5667 -3.8833 0.0265 0.5667 -3.6833 0.0265 0.3667 -3.8833 0.0265 0.3667 -3.6833 0.0265 0.3667 -4.3500 0.0265 0.3667 -4.1500 0.0265 0.3667 -4.3500 0.0266 0.3667 -4.1500 0.0266 0.3667 -4.1500 0.0265 0.5667 -4.1500 0.0265 0.3667 -4.1500 0.0266 0.5667 -4.1500 0.0266 -0.3667 -4.6167 0.0265 -0.3667 -4.8167 0.0265 -0.3667 -4.6167 0.0266 -0.3667 -4.8167 0.0266 -0.5667 -4.6167 0.0265 -0.3667 -4.6167 0.0265 -0.5667 -4.6167 0.0266 -0.3667 -4.6167 0.0266 -0.3667 -4.8167 0.0265 -0.5667 -4.8167 0.0265 -0.3667 -4.8167 0.0266 -0.5667 -4.8167 0.0266 0.1333 -4.3833 0.0265 0.3333 -4.3833 0.0265 0.1333 -4.3833 0.0266 0.3333 -4.3833 0.0266 0.3333 -4.3833 0.0265 0.3333 -4.5833 0.0265 0.3333 -4.3833 0.0266 0.3333 -4.5833 0.0266 -0.3333 -4.5833 0.0265 -0.3333 -4.3833 0.0265 -0.3333 -4.5833 0.0266 -0.3333 -4.3833 0.0266 -0.6000 -3.6500 0.0265 -0.6000 -3.6500 0.0266 -0.5833 -3.6500 0.0266 0.3500 -3.6500 0.0266 0.6000 -3.6500 0.0266 0.6000 -3.6500 0.0265 -0.5833 -3.6500 0.0266 -0.3500 -3.6500 0.0266 -0.6000 -3.6500 0.0265 -0.1167 -3.6500 0.0266 0.6000 -3.6500 0.0265 0.1167 -3.6500 0.0266 0.3500 -3.6500 0.0266 -0.6000 -4.8500 0.0265 -0.6000 -4.8500 0.0266 -0.6000 -4.8333 0.0266 -0.6000 -3.9000 0.0266 -0.6000 -3.6500 0.0266 -0.6000 -3.6500 0.0265 -0.6000 -4.8333 0.0266 -0.6000 -4.6000 0.0266 -0.6000 -4.8500 0.0265 -0.6000 -4.3667 0.0266 -0.6000 -3.6500 0.0265 -0.6000 -4.1333 0.0266 -0.6000 -3.9000 0.0266 -0.5833 -4.8500 0.0266 -0.6000 -4.8500 0.0266 -0.6000 -4.8500 0.0265 -0.5833 -4.8500 0.0266 -0.6000 -4.8500 0.0265 -0.3500 -4.8500 0.0266 0.6000 -4.8500 0.0266 0.3500 -4.8500 0.0266 0.6000 -4.8500 0.0265 0.1167 -4.8500 0.0266 -0.6000 -4.8500 0.0265 -0.1167 -4.8500 0.0266 -0.3500 -4.8500 0.0266 -0.6000 -4.8333 0.0266 -0.6000 -4.8500 0.0266 -0.5833 -4.8500 0.0266 -0.6000 -4.8333 0.0266 -0.5833 -4.8333 0.0266 -0.6000 -4.6000 0.0266 -0.5833 -4.6000 0.0266 -0.6000 -4.3667 0.0266 -0.5833 -4.3667 0.0266 -0.6000 -4.1333 0.0266 -0.5833 -4.1333 0.0266 -0.6000 -3.9000 0.0266 -0.5833 -3.9000 0.0266 -0.6000 -3.6500 0.0266 -0.5833 -3.6500 0.0266 -0.3667 -3.6833 0.0266 -0.3500 -3.6500 0.0266 -0.5667 -3.6833 0.0266 -0.5833 -3.6500 0.0266 -0.5667 -3.8833 0.0266 -0.5833 -3.9000 0.0266 -0.3667 -3.8833 0.0266 -0.5833 -4.1333 0.0266 -0.3500 -4.1333 0.0266 -0.5833 -3.9000 0.0266 -0.3500 -3.9000 0.0266 -0.3667 -3.8833 0.0266 -0.3667 -3.6833 0.0266 -0.3667 -4.3500 0.0266 -0.5667 -4.3500 0.0266 -0.5833 -4.3667 0.0266 -0.5833 -4.3667 0.0266 -0.5667 -4.3500 0.0266 -0.5833 -4.1333 0.0266 -0.5667 -4.1500 0.0266 -0.3500 -4.1333 0.0266 -0.3667 -4.1500 0.0266 -0.3500 -4.3667 0.0266 -0.5833 -4.6000 0.0266 -0.3500 -4.6000 0.0266 -0.5833 -4.3667 0.0266 -0.3500 -4.3667 0.0266 -0.3667 -4.3500 0.0266 -0.3667 -4.1500 0.0266 -0.3667 -4.6167 0.0266 -0.3500 -4.6000 0.0266 -0.5667 -4.6167 0.0266 -0.5833 -4.6000 0.0266 -0.5667 -4.8167 0.0266 -0.5833 -4.8333 0.0266 -0.3667 -4.8167 0.0266 -0.3500 -4.8333 0.0266 -0.3667 -4.6167 0.0266 -0.3500 -4.6000 0.0266 -0.3667 -3.6833 0.0266 -0.3500 -3.9000 0.0266 -0.3500 -3.6500 0.0266 -0.1167 -3.9000 0.0266 -0.1167 -3.6500 0.0266 -0.1333 -4.1167 0.0266 -0.3333 -4.1167 0.0266 -0.3500 -4.1333 0.0266 -0.3500 -4.1333 0.0266 -0.3333 -4.1167 0.0266 -0.3500 -3.9000 0.0266 -0.3333 -3.9167 0.0266 -0.1167 -3.9000 0.0266 -0.1333 -3.9167 0.0266 -0.1167 -4.1333 0.0266 -0.3500 -4.3667 0.0266 -0.1167 -4.3667 0.0266 -0.3500 -4.1333 0.0266 -0.1167 -4.1333 0.0266 -0.1333 -4.1167 0.0266 -0.1333 -3.9167 0.0266 -0.1333 -4.5833 0.0266 -0.3333 -4.5833 0.0266 -0.3500 -4.6000 0.0266 -0.3500 -4.6000 0.0266 -0.3333 -4.5833 0.0266 -0.3500 -4.3667 0.0266 -0.3333 -4.3833 0.0266 -0.1167 -4.3667 0.0266 -0.1333 -4.3833 0.0266 -0.1167 -4.6000 0.0266 -0.3500 -4.8333 0.0266 -0.1167 -4.8333 0.0266 -0.3500 -4.6000 0.0266 -0.1167 -4.6000 0.0266 -0.1333 -4.5833 0.0266 -0.1333 -4.3833 0.0266 0.1000 -3.6833 0.0266 0.1167 -3.6500 0.0266 -0.1000 -3.6833 0.0266 -0.1167 -3.6500 0.0266 -0.1000 -3.8833 0.0266 -0.1167 -3.9000 0.0266 0.1000 -3.8833 0.0266 -0.1167 -4.1333 0.0266 0.1167 -4.1333 0.0266 -0.1167 -3.9000 0.0266 0.1167 -3.9000 0.0266 0.1000 -3.8833 0.0266 0.1000 -3.6833 0.0266 0.1000 -4.3500 0.0266 -0.1000 -4.3500 0.0266 -0.1167 -4.3667 0.0266 -0.1167 -4.3667 0.0266 -0.1000 -4.3500 0.0266 -0.1167 -4.1333 0.0266 -0.1000 -4.1500 0.0266 0.1167 -4.1333 0.0266 0.1000 -4.1500 0.0266 0.1167 -4.3667 0.0266 -0.1167 -4.6000 0.0266 0.1167 -4.6000 0.0266 -0.1167 -4.3667 0.0266 0.1167 -4.3667 0.0266 0.1000 -4.3500 0.0266 0.1000 -4.1500 0.0266 0.1000 -4.6167 0.0266 0.1167 -4.6000 0.0266 -0.1000 -4.6167 0.0266 -0.1167 -4.6000 0.0266 -0.1000 -4.8167 0.0266 -0.1167 -4.8333 0.0266 0.1000 -4.8167 0.0266 0.1167 -4.8333 0.0266 0.1000 -4.6167 0.0266 0.1167 -4.6000 0.0266 0.1000 -3.6833 0.0266 0.1167 -3.9000 0.0266 0.1167 -3.6500 0.0266 0.3500 -3.9000 0.0266 0.3500 -3.6500 0.0266 0.3333 -4.1167 0.0266 0.1333 -4.1167 0.0266 0.1167 -4.1333 0.0266 0.1167 -4.1333 0.0266 0.1333 -4.1167 0.0266 0.1167 -3.9000 0.0266 0.1333 -3.9167 0.0266 0.3500 -3.9000 0.0266 0.3333 -3.9167 0.0266 0.3500 -4.1333 0.0266 0.1167 -4.3667 0.0266 0.3500 -4.3667 0.0266 0.1167 -4.1333 0.0266 0.3500 -4.1333 0.0266 0.3333 -4.1167 0.0266 0.3333 -3.9167 0.0266 0.3333 -4.5833 0.0266 0.1333 -4.5833 0.0266 0.1167 -4.6000 0.0266 0.1167 -4.6000 0.0266 0.1333 -4.5833 0.0266 0.1167 -4.3667 0.0266 0.1333 -4.3833 0.0266 0.3500 -4.3667 0.0266 0.3333 -4.3833 0.0266 0.3500 -4.6000 0.0266 0.1167 -4.8333 0.0266 0.3500 -4.8333 0.0266 0.1167 -4.6000 0.0266 0.3500 -4.6000 0.0266 0.3333 -4.5833 0.0266 0.3333 -4.3833 0.0266 0.5667 -3.8833 0.0266 0.3667 -3.8833 0.0266 0.3500 -3.9000 0.0266 0.3500 -3.9000 0.0266 0.3667 -3.8833 0.0266 0.3500 -3.6500 0.0266 0.3667 -3.6833 0.0266 0.6000 -3.6500 0.0266 0.5667 -3.6833 0.0266 0.6000 -3.9000 0.0266 0.3500 -4.1333 0.0266 0.6000 -4.1333 0.0266 0.3500 -3.9000 0.0266 0.6000 -3.9000 0.0266 0.5667 -3.8833 0.0266 0.5667 -3.6833 0.0266 0.5667 -4.3500 0.0266 0.3667 -4.3500 0.0266 0.3500 -4.3667 0.0266 0.3500 -4.3667 0.0266 0.3667 -4.3500 0.0266 0.3500 -4.1333 0.0266 0.3667 -4.1500 0.0266 0.6000 -4.1333 0.0266 0.5667 -4.1500 0.0266 0.6000 -4.3667 0.0266 0.3500 -4.6000 0.0266 0.6000 -4.6000 0.0266 0.3500 -4.3667 0.0266 0.6000 -4.3667 0.0266 0.5667 -4.3500 0.0266 0.5667 -4.1500 0.0266 0.5667 -4.6167 0.0266 0.6000 -4.6000 0.0266 0.3667 -4.6167 0.0266 0.3500 -4.6000 0.0266 0.3667 -4.8167 0.0266 0.3500 -4.8333 0.0266 0.5667 -4.8167 0.0266 0.6000 -4.8333 0.0266 0.5667 -4.6167 0.0266 0.6000 -4.6000 0.0266 -0.6000 -4.8333 0.0266 -0.5833 -4.8500 0.0266 -0.5833 -4.8333 0.0266 -0.3500 -4.8500 0.0266 -0.3500 -4.8333 0.0266 -0.1167 -4.8500 0.0266 -0.1167 -4.8333 0.0266 0.1167 -4.8500 0.0266 0.1167 -4.8333 0.0266 0.3500 -4.8500 0.0266 0.3500 -4.8333 0.0266 0.6000 -4.8500 0.0266 0.6000 -4.8333 0.0266 -0.6000 -4.8500 0.0265 -0.6000 -3.6500 0.0265 0.6000 -4.8500 0.0265 0.6000 -3.6500 0.0265 0.3333 -4.1167 0.0265 0.1333 -4.1167 0.0265 0.3333 -4.1167 0.0266 0.1333 -4.1167 0.0266 0.3667 -3.8833 0.0265 0.3667 -3.6833 0.0265 0.3667 -3.8833 0.0266 0.3667 -3.6833 0.0266 -0.5667 -3.8833 0.0265 -0.5667 -3.6833 0.0265 -0.5667 -3.8833 0.0266 -0.5667 -3.6833 0.0266 -0.5667 -4.1500 0.0265 -0.3667 -4.1500 0.0265 -0.5667 -4.1500 0.0266 -0.3667 -4.1500 0.0266 -0.5667 -4.3500 0.0265 -0.5667 -4.1500 0.0265 -0.5667 -4.3500 0.0266 -0.5667 -4.1500 0.0266 -0.3667 -4.1500 0.0265 -0.3667 -4.3500 0.0265 -0.3667 -4.1500 0.0266 -0.3667 -4.3500 0.0266 0.1333 -4.1167 0.0265 0.1333 -3.9167 0.0265 0.1333 -4.1167 0.0266 0.1333 -3.9167 0.0266 0.3333 -3.9167 0.0265 0.3333 -4.1167 0.0265 0.3333 -3.9167 0.0266 0.3333 -4.1167 0.0266 -0.3333 -4.3833 0.0265 -0.1333 -4.3833 0.0265 -0.3333 -4.3833 0.0266 -0.1333 -4.3833 0.0266 -0.1333 -4.5833 0.0265 -0.3333 -4.5833 0.0265 -0.1333 -4.5833 0.0266 -0.3333 -4.5833 0.0266 -0.1333 -4.5833 0.0265 -0.1333 -4.3833 0.0265 -0.3333 -4.5833 0.0265 -0.3333 -4.3833 0.0265 -0.3333 -4.1167 0.0265 -0.3333 -3.9167 0.0265 -0.3333 -4.1167 0.0266 -0.3333 -3.9167 0.0266 -0.3333 -3.9167 0.0265 -0.1333 -3.9167 0.0265 -0.3333 -3.9167 0.0266 -0.1333 -3.9167 0.0266 -0.1333 -3.9167 0.0265 -0.1333 -4.1167 0.0265 -0.1333 -3.9167 0.0266 -0.1333 -4.1167 0.0266 -0.1333 -4.1167 0.0265 -0.1333 -3.9167 0.0265 -0.3333 -4.1167 0.0265 -0.3333 -3.9167 0.0265 -0.5667 -4.8167 0.0265 -0.5667 -4.6167 0.0265 -0.5667 -4.8167 0.0266 -0.5667 -4.6167 0.0266 -0.3667 -4.8167 0.0265 -0.3667 -4.6167 0.0265 -0.5667 -4.8167 0.0265 -0.5667 -4.6167 0.0265 0.6000 -4.8333 0.0266 0.6000 -4.8500 0.0266 0.6000 -4.8500 0.0265 0.6000 -4.8333 0.0266 0.6000 -4.8500 0.0265 0.6000 -4.6000 0.0266 0.6000 -3.6500 0.0266 0.6000 -3.9000 0.0266 0.6000 -3.6500 0.0265 0.6000 -4.1333 0.0266 0.6000 -4.8500 0.0265 0.6000 -4.3667 0.0266 0.6000 -4.6000 0.0266 -0.1333 -4.1167 0.0265 -0.3333 -4.1167 0.0265 -0.1333 -4.1167 0.0266 -0.3333 -4.1167 0.0266 -0.1000 -3.6833 0.0265 0.1000 -3.6833 0.0265 -0.1000 -3.6833 0.0266 0.1000 -3.6833 0.0266 0.3667 -4.8167 0.0265 0.3667 -4.6167 0.0265 0.3667 -4.8167 0.0266 0.3667 -4.6167 0.0266 0.1000 -4.8167 0.0265 0.1000 -4.6167 0.0265 -0.1000 -4.8167 0.0265 -0.1000 -4.6167 0.0265 0.5667 -4.6167 0.0265 0.5667 -4.8167 0.0265 0.5667 -4.6167 0.0266 0.5667 -4.8167 0.0266 0.3667 -4.6167 0.0265 0.5667 -4.6167 0.0265 0.3667 -4.6167 0.0266 0.5667 -4.6167 0.0266 0.3333 -4.1167 0.0265 0.3333 -3.9167 0.0265 0.1333 -4.1167 0.0265 0.1333 -3.9167 0.0265 0.5667 -4.8167 0.0265 0.3667 -4.8167 0.0265 0.5667 -4.8167 0.0266 0.3667 -4.8167 0.0266 0.5667 -4.8167 0.0265 0.5667 -4.6167 0.0265 0.3667 -4.8167 0.0265 0.3667 -4.6167 0.0265 0.1333 -3.9167 0.0265 0.3333 -3.9167 0.0265 0.1333 -3.9167 0.0266 0.3333 -3.9167 0.0266 -0.1000 -3.8833 0.0265 -0.1000 -3.6833 0.0265 -0.1000 -3.8833 0.0266 -0.1000 -3.6833 0.0266 0.1000 -3.6833 0.0265 0.1000 -3.8833 0.0265 0.1000 -3.6833 0.0266 0.1000 -3.8833 0.0266 0.1000 -3.8833 0.0265 -0.1000 -3.8833 0.0265 0.1000 -3.8833 0.0266 -0.1000 -3.8833 0.0266 -0.1000 -4.6167 0.0265 0.1000 -4.6167 0.0265 -0.1000 -4.6167 0.0266 0.1000 -4.6167 0.0266 0.1000 -3.8833 0.0265 0.1000 -3.6833 0.0265 -0.1000 -3.8833 0.0265 -0.1000 -3.6833 0.0265 -0.1000 -4.8167 0.0265 -0.1000 -4.6167 0.0265 -0.1000 -4.8167 0.0266 -0.1000 -4.6167 0.0266 0.1000 -4.6167 0.0265 0.1000 -4.8167 0.0265 0.1000 -4.6167 0.0266 0.1000 -4.8167 0.0266 0.1000 -4.8167 0.0265 -0.1000 -4.8167 0.0265 0.1000 -4.8167 0.0266 -0.1000 -4.8167 0.0266 -0.1000 -4.3500 0.0265 -0.1000 -4.1500 0.0265 -0.1000 -4.3500 0.0266 -0.1000 -4.1500 0.0266 -0.1000 -4.1500 0.0265 0.1000 -4.1500 0.0265 -0.1000 -4.1500 0.0266 0.1000 -4.1500 0.0266 -0.1333 -4.3833 0.0265 -0.1333 -4.5833 0.0265 -0.1333 -4.3833 0.0266 -0.1333 -4.5833 0.0266 0.1000 -4.3500 0.0265 -0.1000 -4.3500 0.0265 0.1000 -4.3500 0.0266 -0.1000 -4.3500 0.0266 0.1000 -4.3500 0.0265 0.1000 -4.1500 0.0265 -0.1000 -4.3500 0.0265 -0.1000 -4.1500 0.0265</float_array>
          <technique_common>
            <accessor source="#part_008-mesh-positions-array" count="538" stride="3">
              <param name="X" type="float"/>
              <param name="Y" type="float"/>
              <param name="Z" type="float"/>
            </accessor>
          </technique_common>
        </source>
        <source id="part_008-mesh-normals">
          <float_array id="part_008-mesh-normals-array" count="930">0.0000 1.0000 -0.0000 0.0000 1.0000 0.0000 -1.0000 0.0000 0.0000 -1.0000 -0.0000 0.0000 0.0000 -0.0000 1.0000 0.0000 0.0000 1.0000 0.0000 -0.0000 1.0000 0.0000 0.0000 1.0000 0.0000 1.0000 -0.0000 0.0000 1.0000 0.0000 -1.0000 0.0000 0.0000 -1.0000 -0.0000 0.0000 0.0000 -1.0000 0.0000 0.0000 -1.0000 0.0000 0.0000 1.0000 -0.0000 0.0000 1.0000 0.0000 0.0000 1.0000 -0.0000 0.0000 1.0000 0.0000 0.0000 -0.0000 1.0000 0.0000 0.0000 1.0000 -1.0000 0.0000 0.0000 -1.0000 -0.0000 0.0000 0.0000 1.0000 -0.0000 0.0000 1.0000 0.0000 0.0000 -0.0000 1.0000 0.0000 0.0000 1.0000 1.0000 0.0000 0.0000 1.0000 -0.0000 0.0000 0.0000 -1.0000 0.0000 0.0000 -1.0000 0.0000 -1.0000 0.0000 0.0000 -1.0000 -0.0000 0.0000 0.0000 -0.0000 1.0000 0.0000 0.0000 1.0000 1.0000 0.0000 0.0000 1.0000 -0.0000 0.0000 0.0000 -1.0000 0.0000 0.0000 -1.0000 0.0000 -1.0000 0.0000 0.0000 -1.0000 -0.0000 0.0000 0.0000 -1.0000 0.0000 0.0000 -1.0000 0.0000 0.0000 1.0000 -0.0000 0.0000 1.0000 0.0000 0.0000 -1.0000 0.0000 0.0000 -1.0000 0.0000 -1.0000 0.0000 0.0000 -1.0000 -0.0000 0.0000 1.0000 0.0000 0.0000 1.0000 -0.0000 0.0000 0.0000 1.0000 0.0000 -0.0000 1.0000 0.0000 -0.0000 1.0000 0.0000 0.0000 1.0000 0.0000 0.0000 1.0000 0.0000 0.0000 1.0000 0.0000 0.0000 1.0000 0.0000 -1.0000 0.0000 0.0000 -1.0000 0.0000 0.0000 -1.0000 0.0000 -0.0000 -1.0000 0.0000 0.0000 -1.0000 0.0000 0.0000 -1.0000 0.0000 0.0000 -1.0000 0.0000 0.0000 -0.0000 -1.0000 0.0000 0.0000 -1.0000 -0.0000 -0.0000 -1.0000 -0.0000 0.0000 -1.0000 0.0000 0.0000 -1.0000 0.0000 0.0000 -1.0000 0.0000 0.0000 -1.0000 0.0000 0.0000 0.0000 1.0000 0.0000 0.0000 1.0000 -0.0000 0.0000 1.0000 0.0000 0.0000 1.0000 -0.0000 0.0000 1.0000 0.0000 0.0000 1.0000 -0.0000 0.0000 1.0000 0.0000 0.0000 1.0000 -0.0000 0.0000 1.0000 0.0000 0.0000 1.0000 -0.0000 0.0000 1.0000 0.0000 -0.0000 1.0000 0.0000 -0.0000 1.0000 0.0000 0.0000 1.0000 0.0000 0.0000 1.0000 -0.0000 0.0000 1.0000 0.0000 0.0000 1.0000 -0.0000 0.0000 1.0000 0.0000 0.0000 1.0000 -0.0000 0.0000 1.0000 0.0000 0.0000 1.0000 0.0000 0.0000 1.0000 0.0000 0.0000 1.0000 -0.0000 0.0000 1.0000 0.0000 0.0000 1.0000 0.0000 0.0000 1.0000 0.0000 0.0000 1.0000 -0.0000 0.0000 1.0000 0.0000 0.0000 1.0000 -0.0000 0.0000 1.0000 0.0000 -0.0000 1.0000 0.0000 -0.0000 1.0000 0.0000 0.0000 1.0000 0.0000 0.0000 1.0000 -0.0000 0.0000 1.0000 0.0000 0.0000 1.0000 -0.0000 0.0000 1.0000 -0.0000 0.0000 1.0000 -0.0000 0.0000 1.0000 0.0000 0.0000 1.0000 -0.0000 0.0000 1.0000 0.0000 0.0000 1.0000 0.0000 0.0000 1.0000 0.0000 0.0000 1.0000 -0.0000 0.0000 1.0000 0.0000 0.0000 1.0000 0.0000 0.0000 1.0000 0.0000 0.0000 1.0000 -0.0000 0.0000 1.0000 0.0000 0.0000 1.0000 -0.0000 0.0000 1.0000 0.0000 0.0000 1.0000 0.0000 0.0000 1.0000 0.0000 0.0000 1.0000 -0.0000 0.0000 1.0000 0.0000 0.0000 1.0000 0.0000 0.0000 1.0000 0.0000 0.0000 1.0000 -0.0000 0.0000 1.0000 0.0000 0.0000 1.0000 -0.0000 0.0000 1.0000 0.0000 -0.0000 1.0000 0.0000 -0.0000 1.0000 0.0000 0.0000 1.0000 0.0000 0.0000 1.0000 -0.0000 0.0000 1.0000 0.0000 0.0000 1.0000 -0.0000 0.0000 1.0000 0.0000 0.0000 1.0000 -0.0000 0.0000 1.0000 0.0000 0.0000 1.0000 0.0000 0.0000 1.0000 0.0000 0.0000 1.0000 -0.0000 0.0000 1.0000 0.0000 0.0000 1.0000 0.0000 0.0000 1.0000 0.0000 0.0000 1.0000 -0.0000 0.0000 1.0000 0.0000 0.0000 1.0000 -0.0000 0.0000 1.0000 0.0000 -0.0000 1.0000 0.0000 -0.0000 1.0000 0.0000 0.0000 1.0000 0.0000 0.0000 1.0000 -0.0000 0.0000 1.0000 0.0000 0.0000 1.0000 -0.0000 0.0000 1.0000 -0.0000 0.0000 1.0000 -0.0000 0.0000 1.0000 0.0000 0.0000 1.0000 -0.0000 0.0000 1.0000 0.0000 0.0000 1.0000 0.0000 0.0000 1.0000 0.0000 0.0000 1.0000 -0.0000 0.0000 1.0000 0.0000 0.0000 1.0000 0.0000 0.0000 1.0000 0.0000 0.0000 1.0000 -0.0000 0.0000 1.0000 0.0000 0.0000 1.0000 -0.0000 0.0000 1.0000 0.0000 0.0000 1.0000 0.0000 0.0000 1.0000 0.0000 0.0000 1.0000 -0.0000 0.0000 1.0000 0.0000 0.0000 1.0000 0.0000 0.0000 1.0000 0.0000 0.0000 1.0000 -0.0000 0.0000 1.0000 0.0000 0.0000 1.0000 -0.0000 0.0000 1.0000 0.0000 0.0000 1.0000 0.0000 0.0000 1.0000 0.0000 0.0000 1.0000 -0.0000 0.0000 1.0000 0.0000 0.0000 1.0000 0.0000 0.0000 1.0000 0.0000 0.0000 1.0000 -0.0000 0.0000 1.0000 0.0000 0.0000 1.0000 -0.0000 0.0000 1.0000 0.0000 0.0000 1.0000 0.0000 0.0000 1.0000 0.0000 0.0000 1.0000 -0.0000 0.0000 1.0000 0.0000 0.0000 1.0000 0.0000 0.0000 1.0000 0.0000 0.0000 1.0000 -0.0000 0.0000 1.0000 0.0000 0.0000 1.0000 -0.0000 0.0000 1.0000 0.0000 -0.0000 1.0000 0.0000 -0.0000 1.0000 0.0000 0.0000 1.0000 0.0000 0.0000 1.0000 -0.0000 0.0000 1.0000 0.0000 0.0000 1.0000 -0.0000 0.0000 1.0000 -0.0000 0.0000 1.0000 -0.0000 0.0000 1.0000 0.0000 0.0000 1.0000 -0.0000 0.0000 1.0000 0.0000 0.0000 1.0000 -0.0000 0.0000 1.0000 0.0000 0.0000 1.0000 -0.0000 0.0000 1.0000 0.0000 0.0000 1.0000 -0.0000 0.0000 1.0000 0.0000 0.0000 1.0000 -0.0000 0.0000 1.0000 0.0000 0.0000 -1.0000 0.0000 0.0000 -1.0000 0.0000 1.0000 -0.0000 0.0000 1.0000 0.0000 1.0000 0.0000 0.0000 1.0000 -0.0000 0.0000 1.0000 0.0000 0.0000 1.0000 -0.0000 0.0000 0.0000 -1.0000 0.0000 0.0000 -1.0000 0.0000 1.0000 0.0000 0.0000 1.0000 -0.0000 0.0000 -1.0000 0.0000 0.0000 -1.0000 -0.0000 0.0000 1.0000 0.0000 0.0000 1.0000 -0.0000 0.0000 -1.0000 0.0000 0.0000 -1.0000 -0.0000 0.0000 0.0000 -1.0000 0.0000 0.0000 -1.0000 0.0000 0.0000 1.0000 -0.0000 0.0000 1.0000 0.0000 0.0000 -0.0000 1.0000 0.0000 0.0000 1.0000 1.0000 0.0000 0.0000 1.0000 -0.0000 0.0000 0.0000 -1.0000 0.0000 0.0000 -1.0000 0.0000 -1.0000 0.0000 0.0000 -1.0000 -0.0000 0.0000 0.0000 -0.0000 1.0000 0.0000 0.0000 1.0000 1.0000 0.0000 0.0000 1.0000 -0.0000 0.0000 0.0000 -0.0000 1.0000 0.0000 0.0000 1.0000 1.0000 0.0000 0.0000 1.0000 -0.0000 0.0000 1.0000 0.0000 0.0000 1.0000 0.0000 0.0000 1.0000 0.0000 0.0000 1.0000 0.0000 0.0000 1.0000 0.0000 0.0000 0.0000 1.0000 -0.0000 0.0000 1.0000 0.0000 0.0000 -1.0000 0.0000 0.0000 -1.0000 0.0000 1.0000 0.0000 0.0000 1.0000 -0.0000 0.0000 0.0000 -0.0000 1.0000 0.0000 0.0000 1.0000 -1.0000 0.0000 0.0000 -1.0000 -0.0000 0.0000 0.0000 -1.0000 0.0000 0.0000 -1.0000 0.0000 0.0000 -0.0000 1.0000 0.0000 0.0000 1.0000 0.0000 1.0000 -0.0000 0.0000 1.0000 0.0000 0.0000 -0.0000 1.0000 0.0000 0.0000 1.0000 0.0000 -1.0000 0.0000 0.0000 -1.0000 0.0000 1.0000 0.0000 0.0000 1.0000 -0.0000 0.0000 -1.0000 0.0000 0.0000 -1.0000 -0.0000 0.0000 0.0000 1.0000 -0.0000 0.0000 1.0000 0.0000 0.0000 -1.0000 0.0000 0.0000 -1.0000 0.0000 0.0000 -0.0000 1.0000 0.0000 0.0000 1.0000 1.0000 0.0000 0.0000 1.0000 -0.0000 0.0000 -1.0000 0.0000 0.0000 -1.0000 -0.0000 0.0000 0.0000 1.0000 -0.0000 0.0000 1.0000 0.0000 1.0000 0.0000 0.0000 1.0000 -0.0000 0.0000 0.0000 -1.0000 0.0000 0.0000 -1.0000 0.0000 -1.0000 0.0000 0.0000 -1.0000 -0.0000 0.0000 0.0000 1.0000 -0.0000 0.0000 1.0000 0.0000 0.0000 -0.0000 1.0000 0.0000 0.0000 1.0000</float_array>
          <technique_common>
            <accessor source="#part_008-mesh-normals-array" count="310" stride="3">
              <param name="X" type="float"/>
              <param name="Y" type="float"/>
              <param name="Z" type="float"/>
            </accessor>
          </technique_common>
        </source>
        <vertices id="part_008-mesh-vertices">
          <input semantic="POSITION" source="#part_008-mesh-positions"/>
        </vertices>
        <triangles material="mat_0_961_0_941_0_784" count="310">
          <input semantic="VERTEX" source="#part_008-mesh-vertices" offset="0"/>
          <input semantic="NORMAL" source="#part_008-mesh-normals" offset="1"/>
          <p>0 0 1 0 2 0 2 1 1 1 3 1 4 2 5 2 6 2 6 3 5 3 7 3 8 4 9 4 10 4 10 5 9 5 11 5 12 6 13 6 14 6 14 7 13 7 15 7 16 8 17 8 18 8 18 9 17 9 19 9 20 10 21 10 22 10 22 11 21 11 23 11 24 12 25 12 26 12 26 13 25 13 27 13 28 14 29 14 30 14 30 15 29 15 31 15 32 16 33 16 34 16 34 17 33 17 35 17 36 18 37 18 38 18 38 19 37 19 39 19 40 20 41 20 42 20 42 21 41 21 43 21 44 22 45 22 46 22 46 23 45 23 47 23 48 24 49 24 50 24 50 25 49 25 51 25 52 26 53 26 54 26 54 27 53 27 55 27 56 28 57 28 58 28 58 29 57 29 59 29 60 30 61 30 62 30 62 31 61 31 63 31 64 32 65 32 66 32 66 33 65 33 67 33 68 34 69 34 70 34 70 35 69 35 71 35 72 36 73 36 74 36 74 37 73 37 75 37 76 38 77 38 78 38 78 39 77 39 79 39 80 40 81 40 82 40 82 41 81 41 83 41 84 42 85 42 86 42 86 43 85 43 87 43 88 44 89 44 90 44 90 45 89 45 91 45 92 46 93 46 94 46 94 47 93 47 95 47 96 48 97 48 98 48 98 49 97 49 99 49 100 50 101 50 102 50 103 51 104 51 105 51 106 52 107 52 108 52 108 53 107 53 109 53 108 54 109 54 110 54 110 55 109 55 111 55 110 56 111 56 112 56 113 57 114 57 115 57 116 58 117 58 118 58 119 59 120 59 121 59 121 60 120 60 122 60 121 61 122 61 123 61 123 62 122 62 124 62 123 63 124 63 125 63 126 64 127 64 128 64 129 65 130 65 131 65 132 66 133 66 134 66 134 67 133 67 135 67 134 68 135 68 136 68 136 69 135 69 137 69 136 70 137 70 138 70 139 71 140 71 141 71 142 72 143 72 144 72 144 73 143 73 145 73 144 74 145 74 146 74 146 75 145 75 147 75 146 76 147 76 148 76 148 77 147 77 149 77 148 78 149 78 150 78 150 79 149 79 151 79 150 80 151 80 152 80 152 81 151 81 153 81 154 82 155 82 156 82 156 83 155 83 157 83 156 84 157 84 158 84 158 85 157 85 159 85 158 86 159 86 160 86 161 87 162 87 163 87 163 88 162 88 164 88 163 89 164 89 165 89 165 90 164 90 166 90 167 91 168 91 169 91 170 92 171 92 172 92 172 93 171 93 173 93 172 94 173 94 174 94 174 95 173 95 175 95 174 96 175 96 176 96 177 97 178 97 179 97 179 98 178 98 180 98 179 99 180 99 181 99 181 100 180 100 182 100 183 101 184 101 185 101 185 102 184 102 186 102 185 103 186 103 187 103 187 104 186 104 188 104 187 105 188 105 189 105 189 106 188 106 190 106 189 107 190 107 191 107 191 108 190 108 192 108 193 109 194 109 195 109 195 110 194 110 196 110 195 111 196 111 197 111 198 112 199 112 200 112 201 113 202 113 203 113 203 114 202 114 204 114 203 115 204 115 205 115 205 116 204 116 206 116 205 117 206 117 207 117 208 118 209 118 210 118 210 119 209 119 211 119 210 120 211 120 212 120 212 121 211 121 213 121 214 122 215 122 216 122 217 123 218 123 219 123 219 124 218 124 220 124 219 125 220 125 221 125 221 126 220 126 222 126 221 127 222 127 223 127 224 128 225 128 226 128 226 129 225 129 227 129 226 130 227 130 228 130 228 131 227 131 229 131 230 132 231 132 232 132 232 133 231 133 233 133 232 134 233 134 234 134 234 135 233 135 235 135 234 136 235 136 236 136 237 137 238 137 239 137 239 138 238 138 240 138 239 139 240 139 241 139 241 140 240 140 242 140 243 141 244 141 245 141 246 142 247 142 248 142 248 143 247 143 249 143 248 144 249 144 250 144 250 145 249 145 251 145 250 146 251 146 252 146 253 147 254 147 255 147 255 148 254 148 256 148 255 149 256 149 257 149 257 150 256 150 258 150 259 151 260 151 261 151 261 152 260 152 262 152 261 153 262 153 263 153 263 154 262 154 264 154 263 155 264 155 265 155 265 156 264 156 266 156 265 157 266 157 267 157 267 158 266 158 268 158 269 159 270 159 271 159 271 160 270 160 272 160 271 161 272 161 273 161 274 162 275 162 276 162 277 163 278 163 279 163 279 164 278 164 280 164 279 165 280 165 281 165 281 166 280 166 282 166 281 167 282 167 283 167 284 168 285 168 286 168 286 169 285 169 287 169 286 170 287 170 288 170 288 171 287 171 289 171 290 172 291 172 292 172 293 173 294 173 295 173 295 174 294 174 296 174 295 175 296 175 297 175 297 176 296 176 298 176 297 177 298 177 299 177 300 178 301 178 302 178 302 179 301 179 303 179 302 180 303 180 304 180 304 181 303 181 305 181 306 182 307 182 308 182 309 183 310 183 311 183 311 184 310 184 312 184 311 185 312 185 313 185 313 186 312 186 314 186 313 187 314 187 315 187 316 188 317 188 318 188 318 189 317 189 319 189 318 190 319 190 320 190 320 191 319 191 321 191 322 192 323 192 324 192 325 193 326 193 327 193 327 194 326 194 328 194 327 195 328 195 329 195 329 196 328 196 330 196 329 197 330 197 331 197 332 198 333 198 334 198 334 199 333 199 335 199 334 200 335 200 336 200 336 201 335 201 337 201 338 202 339 202 340 202 340 203 339 203 341 203 340 204 341 204 342 204 342 205 341 205 343 205 342 206 343 206 344 206 344 207 343 207 345 207 344 208 345 208 346 208 346 209 345 209 347 209 348 210 349 210 350 210 350 211 349 211 351 211 350 212 351 212 352 212 352 213 351 213 353 213 352 214 353 214 354 214 354 215 353 215 355 215 354 216 355 216 356 216 356 217 355 217 357 217 356 218 357 218 358 218 358 219 357 219 359 219 358 220 359 220 360 220 361 221 362 221 363 221 363 222 362 222 364 222 365 223 366 223 367 223 367 224 366 224 368 224 369 225 370 225 371 225 371 226 370 226 372 226 373 227 374 227 375 227 375 228 374 228 376 228 377 229 378 229 379 229 379 230 378 230 380 230 381 231 382 231 383 231 383 232 382 232 384 232 385 233 386 233 387 233 387 234 386 234 388 234 389 235 390 235 391 235 391 236 390 236 392 236 393 237 394 237 395 237 395 238 394 238 396 238 397 239 398 239 399 239 399 240 398 240 400 240 401 241 402 241 403 241 403 242 402 242 404 242 405 243 406 243 407 243 407 244 406 244 408 244 409 245 410 245 411 245 411 246 410 246 412 246 413 247 414 247 415 247 415 248 414 248 416 248 417 249 418 249 419 249 419 250 418 250 420 250 421 251 422 251 423 251 423 252 422 252 424 252 425 253 426 253 427 253 427 254 426 254 428 254 429 255 430 255 431 255 431 256 430 256 432 256 433 257 434 257 435 257 436 258 437 258 438 258 439 259 440 259 441 259 441 260 440 260 442 260 441 261 442 261 443 261 443 262 442 262 444 262 443 263 444 263 445 263 446 264 447 264 448 264 448 265 447 265 449 265 450 266 451 266 452 266 452 267 451 267 453 267 454 268 455 268 456 268 456 269 455 269 457 269 458 270 459 270 460 270 460 271 459 271 461 271 462 272 463 272 464 272 464 273 463 273 465 273 466 274 467 274 468 274 468 275 467 275 469 275 470 276 471 276 472 276 472 277 471 277 473 277 474 278 475 278 476 278 476 279 475 279 477 279 478 280 479 280 480 280 480 281 479 281 481 281 482 282 483 282 484 282 484 283 483 283 485 283 486 284 487 284 488 284 488 285 487 285 489 285 490 286 491 286 492 286 492 287 491 287 493 287 494 288 495 288 496 288 496 289 495 289 497 289 498 290 499 290 500 290 500 291 499 291 501 291 502 292 503 292 504 292 504 293 503 293 505 293 506 294 507 294 508 294 508 295 507 295 509 295 510 296 511 296 512 296 512 297 511 297 513 297 514 298 515 298 516 298 516 299 515 299 517 299 518 300 519 300 520 300 520 301 519 301 521 301 522 302 523 302 524 302 524 303 523 303 525 303 526 304 527 304 528 304 528 305 527 305 529 305 530 306 531 306 532 306 532 307 531 307 533 307 534 308 535 308 536 308 536 309 535 309 537 309</p>
        </triangles>
      </mesh>
    </geometry>
    <geometry id="part_009-mesh" name="part_009">
      <mesh>
        <source id="part_009-mesh-positions">
          <float_array id="part_009-mesh-positions-array" count="528">-0.0300 4.1184 0.0266 -0.0586 4.1284 0.0266 -0.5000 3.7500 0.0266 0.1216 4.1914 0.0266 0.1055 4.1658 0.0266 0.5000 3.7500 0.0266 0.0842 4.1445 0.0266 0.0842 4.1445 0.0266 0.0586 4.1284 0.0266 0.5000 3.7500 0.0266 0.0300 4.1184 0.0266 -0.5000 3.7500 0.0266 0.0000 4.1150 0.0266 -0.0300 4.1184 0.0266 -0.0586 4.1284 0.0266 -0.0842 4.1445 0.0266 -0.5000 3.7500 0.0266 -0.1055 4.1658 0.0266 -0.1216 4.1914 0.0266 -0.1216 4.1914 0.0266 -0.1316 4.2200 0.0266 -0.5000 3.7500 0.0266 -0.1350 4.2500 0.0266 -0.5000 4.7500 0.0266 -0.1316 4.2800 0.0266 -0.1316 4.2800 0.0266 -0.1216 4.3086 0.0266 -0.5000 4.7500 0.0266 -0.1055 4.3342 0.0266 -0.0842 4.3555 0.0266 0.0300 4.3816 0.0266 0.0586 4.3716 0.0266 0.5000 4.7500 0.0266 0.1216 4.3086 0.0266 0.1316 4.2800 0.0266 0.5000 4.7500 0.0266 0.1350 4.2500 0.0266 0.5000 3.7500 0.0266 0.1316 4.2200 0.0266 0.1216 4.1914 0.0266 0.0586 4.3716 0.0266 0.0842 4.3555 0.0266 0.5000 4.7500 0.0266 0.1055 4.3342 0.0266 0.1216 4.3086 0.0266 -0.0842 4.3555 0.0266 -0.0586 4.3716 0.0266 -0.5000 4.7500 0.0266 -0.0300 4.3816 0.0266 0.5000 4.7500 0.0266 0.0000 4.3850 0.0266 0.0300 4.3816 0.0266 0.5000 3.7500 0.0266 -0.5000 3.7500 0.0266 0.5000 3.7500 0.0265 -0.5000 3.7500 0.0265 -0.5000 3.7500 0.0265 -0.5000 4.7500 0.0265 0.5000 3.7500 0.0265 0.5000 4.7500 0.0265 0.1216 4.3086 0.0265 -0.1316 4.2200 0.0265 0.1316 4.2800 0.0265 -0.1216 4.1914 0.0265 -0.1055 4.1658 0.0265 0.1216 4.3086 0.0265 0.1055 4.3342 0.0265 -0.1316 4.2200 0.0265 0.0842 4.3555 0.0265 0.0586 4.3716 0.0265 -0.1055 4.1658 0.0265 -0.0842 4.1445 0.0265 0.1316 4.2800 0.0265 -0.0586 4.1284 0.0265 -0.0300 4.1184 0.0265 -0.0300 4.1184 0.0265 0.0000 4.1150 0.0265 0.1316 4.2800 0.0265 0.0300 4.1184 0.0265 0.0586 4.1284 0.0265 0.0586 4.3716 0.0265 0.0300 4.3816 0.0265 -0.1316 4.2200 0.0265 0.0000 4.3850 0.0265 -0.0300 4.3816 0.0265 0.1055 4.1658 0.0265 0.1216 4.1914 0.0265 0.1316 4.2200 0.0265 -0.1316 4.2800 0.0265 -0.0842 4.3555 0.0265 -0.1216 4.3086 0.0265 -0.1055 4.3342 0.0265 -0.0300 4.3816 0.0265 -0.0586 4.3716 0.0265 -0.1316 4.2200 0.0265 -0.0842 4.3555 0.0265 -0.1350 4.2500 0.0265 -0.1316 4.2800 0.0265 0.0586 4.1284 0.0265 0.0842 4.1445 0.0265 0.1316 4.2800 0.0265 0.1055 4.1658 0.0265 0.1350 4.2500 0.0265 0.1316 4.2200 0.0265 0.0000 4.1150 0.0265 0.0000 4.1150 0.0266 0.0300 4.1184 0.0265 0.0300 4.1184 0.0266 0.0586 4.1284 0.0265 0.0586 4.1284 0.0266 0.0842 4.1445 0.0265 0.0842 4.1445 0.0266 0.1055 4.1658 0.0265 0.1055 4.1658 0.0266 0.1216 4.1914 0.0265 0.1216 4.1914 0.0266 0.1316 4.2200 0.0265 0.1316 4.2200 0.0266 0.1350 4.2500 0.0265 0.1350 4.2500 0.0266 0.1316 4.2800 0.0265 0.1316 4.2800 0.0266 0.1216 4.3086 0.0265 0.1216 4.3086 0.0266 0.1055 4.3342 0.0265 0.1055 4.3342 0.0266 0.0842 4.3555 0.0265 0.0842 4.3555 0.0266 0.0586 4.3716 0.0265 0.0586 4.3716 0.0266 0.0300 4.3816 0.0265 0.0300 4.3816 0.0266 0.0000 4.3850 0.0265 0.0000 4.3850 0.0266 0.0000 4.3850 0.0265 0.0000 4.3850 0.0266 -0.0300 4.3816 0.0265 -0.0300 4.3816 0.0266 -0.0586 4.3716 0.0265 -0.0586 4.3716 0.0266 -0.0842 4.3555 0.0265 -0.0842 4.3555 0.0266 -0.1055 4.3342 0.0265 -0.1055 4.3342 0.0266 -0.1216 4.3086 0.0265 -0.1216 4.3086 0.0266 -0.1316 4.2800 0.0265 -0.1316 4.2800 0.0266 -0.1350 4.2500 0.0265 -0.1350 4.2500 0.0266 -0.1316 4.2200 0.0265 -0.1316 4.2200 0.0266 -0.1216 4.1914 0.0265 -0.1216 4.1914 0.0266 -0.1055 4.1658 0.0265 -0.1055 4.1658 0.0266 -0.0842 4.1445 0.0265 -0.0842 4.1445 0.0266 -0.0586 4.1284 0.0265 -0.0586 4.1284 0.0266 -0.0300 4.1184 0.0265 -0.0300 4.1184 0.0266 0.0000 4.1150 0.0265 0.0000 4.1150 0.0266 0.5000 4.7500 0.0266 0.5000 3.7500 0.0266 0.5000 4.7500 0.0265 0.5000 3.7500 0.0265 -0.5000 4.7500 0.0266 0.5000 4.7500 0.0266 -0.5000 4.7500 0.0265 0.5000 4.7500 0.0265 -0.5000 3.7500 0.0266 -0.5000 4.7500 0.0266 -0.5000 3.7500 0.0265 -0.5000 4.7500 0.0265</float_array>
          <technique_common>
            <accessor source="#part_009-mesh-positions-array" count="176" stride="3">
              <param name="X" type="float"/>
              <param name="Y" type="float"/>
              <param name="Z" type="float"/>
            </accessor>
          </technique_common>
        </source>
        <source id="part_009-mesh-normals">
          <float_array id="part_009-mesh-normals-array" count="372">0.0000 0.0000 1.0000 0.0000 0.0000 1.0000 0.0000 0.0000 1.0000 0.0000 0.0000 1.0000 0.0000 0.0000 1.0000 0.0000 0.0000 1.0000 0.0000 0.0000 1.0000 0.0000 0.0000 1.0000 0.0000 0.0000 1.0000 0.0000 0.0000 1.0000 0.0000 0.0000 1.0000 0.0000 0.0000 1.0000 0.0000 0.0000 1.0000 0.0000 0.0000 1.0000 0.0000 0.0000 1.0000 0.0000 -0.0000 1.0000 0.0000 0.0000 1.0000 0.0000 0.0000 1.0000 -0.0000 0.0000 1.0000 -0.0000 0.0000 1.0000 0.0000 0.0000 1.0000 0.0000 0.0000 1.0000 0.0000 0.0000 1.0000 0.0000 0.0000 1.0000 -0.0000 0.0000 1.0000 0.0000 0.0000 1.0000 0.0000 0.0000 1.0000 0.0000 -0.0000 1.0000 0.0000 0.0000 1.0000 -0.0000 0.0000 1.0000 0.0000 0.0000 1.0000 0.0000 0.0000 1.0000 -0.0000 -1.0000 -0.0000 0.0000 -1.0000 0.0000 0.0000 0.0000 -1.0000 0.0000 0.0000 -1.0000 0.0000 0.0000 1.0000 0.0000 0.0000 1.0000 0.0000 0.0000 1.0000 0.0000 0.0000 1.0000 0.0000 0.0000 1.0000 0.0000 0.0000 1.0000 -0.0000 0.0000 1.0000 0.0000 0.0000 1.0000 0.0000 0.0000 1.0000 -0.0000 0.0000 1.0000 0.0000 0.0000 1.0000 0.0000 0.0000 1.0000 0.0000 0.0000 1.0000 0.0000 0.0000 1.0000 0.0000 0.0000 1.0000 0.0000 0.0000 1.0000 0.0000 0.0000 1.0000 0.0000 0.0000 1.0000 0.0000 0.0000 1.0000 0.0000 0.0000 1.0000 0.0000 -0.0000 1.0000 0.0000 0.0000 1.0000 0.0000 0.0000 1.0000 0.0000 0.0000 1.0000 0.0000 0.0000 1.0000 0.0000 0.0000 1.0000 -0.1120 0.9937 0.0000 -0.1120 0.9937 0.0000 -0.3303 0.9439 0.0000 -0.3303 0.9439 0.0000 -0.5320 0.8467 0.0000 -0.5320 0.8467 0.0000 -0.7071 0.7071 0.0000 -0.7071 0.7071 0.0000 -0.8467 0.5320 0.0000 -0.8467 0.5320 0.0000 -0.9439 0.3303 0.0000 -0.9439 0.3303 0.0000 -0.9937 0.1120 0.0000 -0.9937 0.1120 0.0000 -0.9937 -0.1120 0.0000 -0.9937 -0.1120 0.0000 -0.9439 -0.3303 0.0000 -0.9439 -0.3303 0.0000 -0.8467 -0.5320 0.0000 -0.8467 -0.5320 0.0000 -0.7071 -0.7071 0.0000 -0.7071 -0.7071 0.0000 -0.5320 -0.8467 0.0000 -0.5320 -0.8467 0.0000 -0.3303 -0.9439 0.0000 -0.3303 -0.9439 0.0000 -0.1120 -0.9937 0.0000 -0.1120 -0.9937 0.0000 0.1120 -0.9937 0.0000 0.1120 -0.9937 0.0000 0.3303 -0.9439 0.0000 0.3303 -0.9439 0.0000 0.5320 -0.8467 0.0000 0.5320 -0.8467 0.0000 0.7071 -0.7071 0.0000 0.7071 -0.7071 0.0000 0.8467 -0.5320 0.0000 0.8467 -0.5320 0.0000 0.9439 -0.3303 0.0000 0.9439 -0.3303 0.0000 0.9937 -0.1120 0.0000 0.9937 -0.1120 0.0000 0.9937 0.1120 -0.0000 0.9937 0.1120 -0.0000 0.9439 0.3303 -0.0000 0.9439 0.3303 -0.0000 0.8467 0.5320 -0.0000 0.8467 0.5320 -0.0000 0.7071 0.7071 -0.0000 0.7071 0.7071 -0.0000 0.5320 0.8467 -0.0000 0.5320 0.8467 -0.0000 0.3303 0.9439 -0.0000 0.3303 0.9439 -0.0000 0.1120 0.9937 -0.0000 0.1120 0.9937 -0.0000 1.0000 0.0000 0.0000 1.0000 0.0000 0.0000 -0.0000 1.0000 0.0000 0.0000 1.0000 0.0000 -1.0000 0.0000 0.0000 -1.0000 0.0000 0.0000</float_array>
          <technique_common>
            <accessor source="#part_009-mesh-normals-array" count="124" stride="3">
              <param name="X" type="float"/>
              <param name="Y" type="float"/>
              <param name="Z" type="float"/>
            </accessor>
          </technique_common>
        </source>
        <vertices id="part_009-mesh-vertices">
          <input semantic="POSITION" source="#part_009-mesh-positions"/>
        </vertices>
        <triangles material="mat_0_961_0_941_0_784" count="124">
          <input semantic="VERTEX" source="#part_009-mesh-vertices" offset="0"/>
          <input semantic="NORMAL" source="#part_009-mesh-normals" offset="1"/>
          <p>0 0 1 0 2 0 3 1 4 1 5 1 5 2 4 2 6 2 7 3 8 3 9 3 9 4 8 4 10 4 9 5 10 5 11 5 11 6 10 6 12 6 11 7 12 7 13 7 14 8 15 8 16 8 16 9 15 9 17 9 16 10 17 10 18 10 19 11 20 11 21 11 21 12 20 12 22 12 21 13 22 13 23 13 23 14 22 14 24 14 25 15 26 15 27 15 27 16 26 16 28 16 27 17 28 17 29 17 30 18 31 18 32 18 33 19 34 19 35 19 35 20 34 20 36 20 35 21 36 21 37 21 37 22 36 22 38 22 37 23 38 23 39 23 40 24 41 24 42 24 42 25 41 25 43 25 42 26 43 26 44 26 45 27 46 27 47 27 47 28 46 28 48 28 47 29 48 29 49 29 49 30 48 30 50 30 49 31 50 31 51 31 52 32 53 32 54 32 54 33 53 33 55 33 56 34 57 34 58 34 58 35 57 35 59 35 60 36 61 36 62 36 62 37 61 37 63 37 62 38 63 38 64 38 65 39 66 39 67 39 67 40 66 40 68 40 67 41 68 41 69 41 70 42 71 42 72 42 72 43 71 43 73 43 72 44 73 44 74 44 75 45 76 45 77 45 77 46 76 46 78 46 77 47 78 47 79 47 80 48 81 48 82 48 82 49 81 49 83 49 82 50 83 50 84 50 85 51 86 51 87 51 88 52 89 52 90 52 90 53 89 53 91 53 92 54 93 54 94 54 94 55 93 55 95 55 94 56 95 56 96 56 96 57 95 57 97 57 98 58 99 58 100 58 100 59 99 59 101 59 100 60 101 60 102 60 102 61 101 61 103 61 104 62 105 62 106 62 106 63 105 63 107 63 106 64 107 64 108 64 108 65 107 65 109 65 108 66 109 66 110 66 110 67 109 67 111 67 110 68 111 68 112 68 112 69 111 69 113 69 112 70 113 70 114 70 114 71 113 71 115 71 114 72 115 72 116 72 116 73 115 73 117 73 116 74 117 74 118 74 118 75 117 75 119 75 118 76 119 76 120 76 120 77 119 77 121 77 120 78 121 78 122 78 122 79 121 79 123 79 122 80 123 80 124 80 124 81 123 81 125 81 124 82 125 82 126 82 126 83 125 83 127 83 126 84 127 84 128 84 128 85 127 85 129 85 128 86 129 86 130 86 130 87 129 87 131 87 130 88 131 88 132 88 132 89 131 89 133 89 134 90 135 90 136 90 136 91 135 91 137 91 136 92 137 92 138 92 138 93 137 93 139 93 138 94 139 94 140 94 140 95 139 95 141 95 140 96 141 96 142 96 142 97 141 97 143 97 142 98 143 98 144 98 144 99 143 99 145 99 144 100 145 100 146 100 146 101 145 101 147 101 146 102 147 102 148 102 148 103 147 103 149 103 148 104 149 104 150 104 150 105 149 105 151 105 150 106 151 106 152 106 152 107 151 107 153 107 152 108 153 108 154 108 154 109 153 109 155 109 154 110 155 110 156 110 156 111 155 111 157 111 156 112 157 112 158 112 158 113 157 113 159 113 158 114 159 114 160 114 160 115 159 115 161 115 160 116 161 116 162 116 162 117 161 117 163 117 164 118 165 118 166 118 166 119 165 119 167 119 168 120 169 120 170 120 170 121 169 121 171 121 172 122 173 122 174 122 174 123 173 123 175 123</p>
        </triangles>
      </mesh>
    </geometry>
    <geometry id="part_010-mesh" name="part_010">
      <mesh>
        <source id="part_010-mesh-positions">
          <float_array id="part_010-mesh-positions-array" count="1266">0.0000 4.3850 0.0250 0.0184 4.3837 0.0250 0.0364 4.1200 0.0250 0.0000 4.3850 0.0250 0.0364 4.1200 0.0250 -0.0184 4.3837 0.0250 -0.0852 4.3547 0.0250 -0.0701 4.3653 0.0250 0.0364 4.1200 0.0250 0.0701 4.1347 0.0250 0.0538 4.1262 0.0250 0.1272 4.2952 0.0250 0.0364 4.1200 0.0250 0.1199 4.3121 0.0250 0.0364 4.1200 0.0250 0.0184 4.1163 0.0250 -0.1347 4.2592 0.0250 0.0000 4.1150 0.0250 -0.0701 4.3653 0.0250 -0.0538 4.3738 0.0250 0.0364 4.1200 0.0250 -0.0364 4.3800 0.0250 -0.0184 4.3837 0.0250 0.0364 4.1200 0.0250 0.0701 4.3653 0.0250 0.0852 4.3547 0.0250 0.1272 4.2952 0.0250 0.1322 4.2775 0.0250 0.0701 4.1347 0.0250 0.1347 4.2592 0.0250 0.1347 4.2408 0.0250 0.0000 4.1150 0.0250 -0.0184 4.1163 0.0250 -0.1347 4.2592 0.0250 -0.0364 4.1200 0.0250 -0.0538 4.1262 0.0250 -0.1347 4.2592 0.0250 -0.1322 4.2775 0.0250 0.0364 4.1200 0.0250 -0.1272 4.2952 0.0250 -0.1199 4.3121 0.0250 0.0184 4.3837 0.0250 0.0364 4.3800 0.0250 0.0364 4.1200 0.0250 0.0538 4.3738 0.0250 0.0701 4.3653 0.0250 0.0852 4.3547 0.0250 0.0987 4.3421 0.0250 0.0364 4.1200 0.0250 0.1103 4.3279 0.0250 0.1199 4.3121 0.0250 -0.0538 4.1262 0.0250 -0.0701 4.1347 0.0250 -0.1347 4.2592 0.0250 -0.0852 4.1453 0.0250 -0.1347 4.2408 0.0250 -0.0987 4.1579 0.0250 -0.1103 4.1721 0.0250 -0.1199 4.3121 0.0250 -0.1103 4.3279 0.0250 0.0364 4.1200 0.0250 -0.0987 4.3421 0.0250 -0.0852 4.3547 0.0250 0.1103 4.1721 0.0250 0.0987 4.1579 0.0250 0.1199 4.1879 0.0250 0.1272 4.2048 0.0250 0.1347 4.2408 0.0250 0.1322 4.2225 0.0250 0.0701 4.1347 0.0250 0.1272 4.2048 0.0250 0.0852 4.1453 0.0250 0.0987 4.1579 0.0250 -0.1199 4.1879 0.0250 -0.1272 4.2048 0.0250 -0.1103 4.1721 0.0250 -0.1322 4.2225 0.0250 -0.1347 4.2408 0.0250 0.0000 4.1150 0.5250 0.0000 4.1150 0.0250 0.0184 4.1163 0.0250 0.0000 4.1150 0.5250 0.0184 4.1163 0.0250 0.0184 4.1163 0.5250 0.0364 4.1200 0.0250 0.0364 4.1200 0.5250 0.0538 4.1262 0.0250 0.0538 4.1262 0.5250 0.0701 4.1347 0.0250 0.0701 4.1347 0.5250 0.0852 4.1453 0.0250 0.0852 4.1453 0.5250 0.0987 4.1579 0.0250 0.0987 4.1579 0.5250 0.1103 4.1721 0.0250 0.1103 4.1721 0.5250 0.1199 4.1879 0.0250 0.1199 4.1879 0.5250 0.1272 4.2048 0.0250 0.1272 4.2048 0.5250 0.1322 4.2225 0.0250 0.1322 4.2225 0.5250 0.1347 4.2408 0.0250 0.1347 4.2408 0.5250 0.1347 4.2592 0.0250 0.1347 4.2592 0.5250 0.1322 4.2775 0.0250 0.1322 4.2775 0.5250 0.1272 4.2952 0.0250 0.1272 4.2952 0.5250 0.1199 4.3121 0.0250 0.1199 4.3121 0.5250 0.1103 4.3279 0.0250 0.1103 4.3279 0.5250 0.0987 4.3421 0.0250 0.0987 4.3421 0.5250 0.0852 4.3547 0.0250 0.0852 4.3547 0.5250 0.0701 4.3653 0.0250 0.0701 4.3653 0.5250 0.0538 4.3738 0.0250 0.0538 4.3738 0.5250 0.0364 4.3800 0.0250 0.0364 4.3800 0.5250 0.0184 4.3837 0.0250 0.0184 4.3837 0.5250 0.0000 4.3850 0.0250 0.0000 4.3850 0.5250 0.0000 4.3850 0.5250 0.0000 4.3850 0.0250 -0.0184 4.3837 0.0250 0.0000 4.3850 0.5250 -0.0184 4.3837 0.0250 -0.0184 4.3837 0.5250 -0.0364 4.3800 0.0250 -0.0364 4.3800 0.5250 -0.0538 4.3738 0.0250 -0.0538 4.3738 0.5250 -0.0701 4.3653 0.0250 -0.0701 4.3653 0.5250 -0.0852 4.3547 0.0250 -0.0852 4.3547 0.5250 -0.0987 4.3421 0.0250 -0.0987 4.3421 0.5250 -0.1103 4.3279 0.0250 -0.1103 4.3279 0.5250 -0.1199 4.3121 0.0250 -0.1199 4.3121 0.5250 -0.1272 4.2952 0.0250 -0.1272 4.2952 0.5250 -0.1322 4.2775 0.0250 -0.1322 4.2775 0.5250 -0.1347 4.2592 0.0250 -0.1347 4.2592 0.5250 -0.1347 4.2408 0.0250 -0.1347 4.2408 0.5250 -0.1322 4.2225 0.0250 -0.1322 4.2225 0.5250 -0.1272 4.2048 0.0250 -0.1272 4.2048 0.5250 -0.1199 4.1879 0.0250 -0.1199 4.1879 0.5250 -0.1103 4.1721 0.0250 -0.1103 4.1721 0.5250 -0.0987 4.1579 0.0250 -0.0987 4.1579 0.5250 -0.0852 4.1453 0.0250 -0.0852 4.1453 0.5250 -0.0701 4.1347 0.0250 -0.0701 4.1347 0.5250 -0.0538 4.1262 0.0250 -0.0538 4.1262 0.5250 -0.0364 4.1200 0.0250 -0.0364 4.1200 0.5250 -0.0184 4.1163 0.0250 -0.0184 4.1163 0.5250 0.0000 4.1150 0.0250 0.0000 4.1150 0.5250 -0.0148 4.3388 0.4250 -0.0292 4.3351 0.4250 0.0824 4.2138 0.4250 -0.0428 4.1708 0.4250 0.0824 4.2138 0.4250 -0.0553 4.1790 0.4250 -0.0662 4.1890 0.4250 -0.0428 4.1708 0.4250 -0.0292 4.1649 0.4250 0.0824 4.2138 0.4250 -0.0148 4.1612 0.4250 0.0753 4.2008 0.4250 -0.0148 4.3388 0.4250 0.0824 4.2138 0.4250 0.0000 4.3400 0.4250 -0.0292 4.3351 0.4250 -0.0428 4.3292 0.4250 0.0824 4.2138 0.4250 -0.0553 4.3210 0.4250 -0.0662 4.3110 0.4250 -0.0662 4.3110 0.4250 -0.0753 4.2992 0.4250 0.0824 4.2138 0.4250 -0.0824 4.2862 0.4250 -0.0872 4.2721 0.4250 0.0897 4.2574 0.4250 0.0292 4.3351 0.4250 0.0897 4.2426 0.4250 0.0872 4.2279 0.4250 -0.0872 4.2721 0.4250 -0.0897 4.2574 0.4250 0.0824 4.2138 0.4250 -0.0897 4.2426 0.4250 -0.0872 4.2279 0.4250 -0.0148 4.1612 0.4250 0.0000 4.1600 0.4250 0.0753 4.2008 0.4250 0.0148 4.1612 0.4250 0.0292 4.1649 0.4250 0.0872 4.2721 0.4250 0.0553 4.3210 0.4250 0.0897 4.2574 0.4250 0.0428 4.3292 0.4250 0.0292 4.3351 0.4250 0.0872 4.2721 0.4250 0.0824 4.2862 0.4250 0.0553 4.3210 0.4250 0.0753 4.2992 0.4250 0.0662 4.3110 0.4250 0.0872 4.2279 0.4250 0.0292 4.3351 0.4250 0.0824 4.2138 0.4250 0.0148 4.3388 0.4250 0.0000 4.3400 0.4250 -0.0872 4.2279 0.4250 -0.0824 4.2138 0.4250 0.0824 4.2138 0.4250 -0.0753 4.2008 0.4250 -0.0662 4.1890 0.4250 0.0292 4.1649 0.4250 0.0428 4.1708 0.4250 0.0753 4.2008 0.4250 0.0553 4.1790 0.4250 0.0662 4.1890 0.4250 0.0000 4.3400 0.5250 0.0000 4.3400 0.4250 0.0148 4.3388 0.5250 0.0148 4.3388 0.4250 0.0292 4.3351 0.5250 0.0292 4.3351 0.4250 0.0428 4.3292 0.5250 0.0428 4.3292 0.4250 0.0553 4.3210 0.5250 0.0553 4.3210 0.4250 0.0662 4.3110 0.5250 0.0662 4.3110 0.4250 0.0753 4.2992 0.5250 0.0753 4.2992 0.4250 0.0824 4.2862 0.5250 0.0824 4.2862 0.4250 0.0872 4.2721 0.5250 0.0872 4.2721 0.4250 0.0897 4.2574 0.5250 0.0897 4.2574 0.4250 0.0897 4.2426 0.5250 0.0897 4.2426 0.4250 0.0872 4.2279 0.5250 0.0872 4.2279 0.4250 0.0824 4.2138 0.5250 0.0824 4.2138 0.4250 0.0753 4.2008 0.5250 0.0753 4.2008 0.4250 0.0662 4.1890 0.5250 0.0662 4.1890 0.4250 0.0553 4.1790 0.5250 0.0553 4.1790 0.4250 0.0428 4.1708 0.5250 0.0428 4.1708 0.4250 0.0292 4.1649 0.5250 0.0292 4.1649 0.4250 0.0148 4.1612 0.5250 0.0148 4.1612 0.4250 0.0000 4.1600 0.5250 0.0000 4.1600 0.4250 -0.0872 4.2279 0.5250 -0.1272 4.2048 0.5250 -0.0824 4.2138 0.5250 -0.1199 4.1879 0.5250 -0.0753 4.2008 0.5250 -0.1103 4.1721 0.5250 -0.0662 4.1890 0.5250 -0.0987 4.1579 0.5250 -0.0553 4.1790 0.5250 -0.0852 4.1453 0.5250 -0.0428 4.1708 0.5250 -0.0824 4.2862 0.5250 -0.1272 4.2952 0.5250 -0.0872 4.2721 0.5250 -0.1322 4.2775 0.5250 -0.0897 4.2574 0.5250 -0.1347 4.2592 0.5250 -0.0897 4.2426 0.5250 -0.1347 4.2408 0.5250 -0.0872 4.2279 0.5250 -0.1322 4.2225 0.5250 -0.1272 4.2048 0.5250 0.0872 4.2721 0.5250 0.1272 4.2952 0.5250 0.0824 4.2862 0.5250 0.1199 4.3121 0.5250 0.0753 4.2992 0.5250 0.1103 4.3279 0.5250 0.0662 4.3110 0.5250 0.0987 4.3421 0.5250 0.0553 4.3210 0.5250 0.0852 4.3547 0.5250 0.0428 4.3292 0.5250 -0.0292 4.3351 0.5250 -0.0538 4.3738 0.5250 -0.0428 4.3292 0.5250 -0.0701 4.3653 0.5250 -0.0553 4.3210 0.5250 -0.0852 4.3547 0.5250 -0.0662 4.3110 0.5250 -0.0987 4.3421 0.5250 -0.0753 4.2992 0.5250 -0.1103 4.3279 0.5250 -0.0824 4.2862 0.5250 -0.1199 4.3121 0.5250 -0.1272 4.2952 0.5250 0.0852 4.3547 0.5250 0.0701 4.3653 0.5250 0.0428 4.3292 0.5250 0.0538 4.3738 0.5250 0.0292 4.3351 0.5250 0.0364 4.3800 0.5250 0.0148 4.3388 0.5250 0.0184 4.3837 0.5250 0.0000 4.3400 0.5250 0.0000 4.3850 0.5250 -0.0148 4.3388 0.5250 -0.0184 4.3837 0.5250 -0.0292 4.3351 0.5250 -0.0364 4.3800 0.5250 -0.0538 4.3738 0.5250 0.0824 4.2138 0.5250 0.1272 4.2048 0.5250 0.0872 4.2279 0.5250 0.1322 4.2225 0.5250 0.0897 4.2426 0.5250 0.1347 4.2408 0.5250 0.0897 4.2574 0.5250 0.1347 4.2592 0.5250 0.0872 4.2721 0.5250 0.1322 4.2775 0.5250 0.1272 4.2952 0.5250 0.0292 4.1649 0.5250 0.0538 4.1262 0.5250 0.0428 4.1708 0.5250 0.0701 4.1347 0.5250 0.0553 4.1790 0.5250 0.0852 4.1453 0.5250 0.0662 4.1890 0.5250 0.0987 4.1579 0.5250 0.0753 4.2008 0.5250 0.1103 4.1721 0.5250 0.0824 4.2138 0.5250 0.1199 4.1879 0.5250 0.1272 4.2048 0.5250 -0.0852 4.1453 0.5250 -0.0701 4.1347 0.5250 -0.0428 4.1708 0.5250 -0.0538 4.1262 0.5250 -0.0292 4.1649 0.5250 -0.0364 4.1200 0.5250 -0.0148 4.1612 0.5250 -0.0184 4.1163 0.5250 0.0000 4.1600 0.5250 0.0000 4.1150 0.5250 0.0148 4.1612 0.5250 0.0184 4.1163 0.5250 0.0292 4.1649 0.5250 0.0364 4.1200 0.5250 0.0538 4.1262 0.5250 0.0000 4.1600 0.5250 0.0000 4.1600 0.4250 -0.0148 4.1612 0.5250 -0.0148 4.1612 0.4250 -0.0292 4.1649 0.5250 -0.0292 4.1649 0.4250 -0.0428 4.1708 0.5250 -0.0428 4.1708 0.4250 -0.0553 4.1790 0.5250 -0.0553 4.1790 0.4250 -0.0662 4.1890 0.5250 -0.0662 4.1890 0.4250 -0.0753 4.2008 0.5250 -0.0753 4.2008 0.4250 -0.0824 4.2138 0.5250 -0.0824 4.2138 0.4250 -0.0872 4.2279 0.5250 -0.0872 4.2279 0.4250 -0.0897 4.2426 0.5250 -0.0897 4.2426 0.4250 -0.0897 4.2574 0.5250 -0.0897 4.2574 0.4250 -0.0872 4.2721 0.5250 -0.0872 4.2721 0.4250 -0.0824 4.2862 0.5250 -0.0824 4.2862 0.4250 -0.0753 4.2992 0.5250 -0.0753 4.2992 0.4250 -0.0662 4.3110 0.5250 -0.0662 4.3110 0.4250 -0.0553 4.3210 0.5250 -0.0553 4.3210 0.4250 -0.0428 4.3292 0.5250 -0.0428 4.3292 0.4250 -0.0292 4.3351 0.5250 -0.0292 4.3351 0.4250 -0.0148 4.3388 0.5250 -0.0148 4.3388 0.4250 0.0000 4.3400 0.5250 0.0000 4.3400 0.4250</float_array>
          <technique_common>
            <accessor source="#part_010-mesh-positions-array" count="422" stride="3">
              <param name="X" type="float"/>
              <param name="Y" type="float"/>
              <param name="Z" type="float"/>
            </accessor>
          </technique_common>
        </source>
        <source id="part_010-mesh-normals">
          <float_array id="part_010-mesh-normals-array" count="996">0.0000 0.0000 -1.0000 0.0000 -0.0000 -1.0000 0.0000 0.0000 -1.0000 -0.0000 0.0000 -1.0000 0.0000 0.0000 -1.0000 -0.0000 0.0000 -1.0000 -0.0000 0.0000 -1.0000 0.0000 0.0000 -1.0000 0.0000 0.0000 -1.0000 0.0000 0.0000 -1.0000 0.0000 0.0000 -1.0000 0.0000 0.0000 -1.0000 0.0000 -0.0000 -1.0000 0.0000 0.0000 -1.0000 0.0000 0.0000 -1.0000 0.0000 0.0000 -1.0000 0.0000 0.0000 -1.0000 0.0000 0.0000 -1.0000 0.0000 0.0000 -1.0000 0.0000 0.0000 -1.0000 0.0000 0.0000 -1.0000 0.0000 0.0000 -1.0000 0.0000 0.0000 -1.0000 0.0000 0.0000 -1.0000 0.0000 -0.0000 -1.0000 0.0000 0.0000 -1.0000 0.0000 0.0000 -1.0000 0.0000 0.0000 -1.0000 0.0000 0.0000 -1.0000 0.0000 0.0000 -1.0000 0.0000 0.0000 -1.0000 0.0000 0.0000 -1.0000 0.0000 0.0000 -1.0000 0.0000 0.0000 -1.0000 0.0000 0.0000 -1.0000 -0.0000 0.0000 -1.0000 -0.0000 0.0000 -1.0000 0.0000 0.0000 -1.0000 0.0000 0.0000 -1.0000 0.0000 0.0000 -1.0000 0.0000 0.0000 -1.0000 0.0000 0.0000 -1.0000 0.0000 0.0000 -1.0000 0.0000 0.0000 -1.0000 0.0682 -0.9977 0.0000 0.0682 -0.9977 0.0000 0.2035 -0.9791 0.0000 0.2035 -0.9791 0.0000 0.3349 -0.9423 0.0000 0.3349 -0.9423 0.0000 0.4601 -0.8879 0.0000 0.4601 -0.8879 0.0000 0.5767 -0.8170 0.0000 0.5767 -0.8170 0.0000 0.6825 -0.7308 0.0000 0.6825 -0.7308 0.0000 0.7757 -0.6311 0.0000 0.7757 -0.6311 0.0000 0.8544 -0.5196 0.0000 0.8544 -0.5196 0.0000 0.9172 -0.3984 0.0000 0.9172 -0.3984 0.0000 0.9629 -0.2698 0.0000 0.9629 -0.2698 0.0000 0.9907 -0.1362 0.0000 0.9907 -0.1362 0.0000 1.0000 0.0000 0.0000 1.0000 -0.0000 0.0000 0.9907 0.1362 0.0000 0.9907 0.1362 0.0000 0.9629 0.2698 0.0000 0.9629 0.2698 0.0000 0.9172 0.3984 0.0000 0.9172 0.3984 0.0000 0.8544 0.5196 0.0000 0.8544 0.5196 0.0000 0.7757 0.6311 0.0000 0.7757 0.6311 0.0000 0.6825 0.7308 0.0000 0.6825 0.7308 0.0000 0.5767 0.8170 0.0000 0.5767 0.8170 0.0000 0.4601 0.8879 0.0000 0.4601 0.8879 0.0000 0.3349 0.9423 0.0000 0.3349 0.9423 0.0000 0.2035 0.9791 0.0000 0.2035 0.9791 0.0000 0.0682 0.9977 0.0000 0.0682 0.9977 0.0000 -0.0682 0.9977 0.0000 -0.0682 0.9977 0.0000 -0.2035 0.9791 0.0000 -0.2035 0.9791 0.0000 -0.3349 0.9423 0.0000 -0.3349 0.9423 0.0000 -0.4601 0.8879 0.0000 -0.4601 0.8879 0.0000 -0.5767 0.8170 0.0000 -0.5767 0.8170 0.0000 -0.6825 0.7308 0.0000 -0.6825 0.7308 0.0000 -0.7757 0.6311 0.0000 -0.7757 0.6311 0.0000 -0.8544 0.5196 0.0000 -0.8544 0.5196 0.0000 -0.9172 0.3984 0.0000 -0.9172 0.3984 0.0000 -0.9629 0.2698 0.0000 -0.9629 0.2698 0.0000 -0.9907 0.1362 0.0000 -0.9907 0.1362 0.0000 -1.0000 0.0000 -0.0000 -1.0000 -0.0000 0.0000 -0.9907 -0.1362 -0.0000 -0.9907 -0.1362 0.0000 -0.9629 -0.2698 -0.0000 -0.9629 -0.2698 0.0000 -0.9172 -0.3984 -0.0000 -0.9172 -0.3984 0.0000 -0.8544 -0.5196 -0.0000 -0.8544 -0.5196 0.0000 -0.7757 -0.6311 -0.0000 -0.7757 -0.6311 0.0000 -0.6825 -0.7308 -0.0000 -0.6825 -0.7308 0.0000 -0.5767 -0.8170 -0.0000 -0.5767 -0.8170 0.0000 -0.4601 -0.8879 -0.0000 -0.4601 -0.8879 0.0000 -0.3349 -0.9423 -0.0000 -0.3349 -0.9423 0.0000 -0.2035 -0.9791 -0.0000 -0.2035 -0.9791 0.0000 -0.0682 -0.9977 -0.0000 -0.0682 -0.9977 0.0000 0.0000 0.0000 1.0000 0.0000 -0.0000 1.0000 0.0000 -0.0000 1.0000 -0.0000 0.0000 1.0000 0.0000 0.0000 1.0000 0.0000 0.0000 1.0000 -0.0000 0.0000 1.0000 0.0000 0.0000 1.0000 0.0000 0.0000 1.0000 0.0000 0.0000 1.0000 0.0000 0.0000 1.0000 0.0000 0.0000 1.0000 0.0000 0.0000 1.0000 0.0000 0.0000 1.0000 0.0000 0.0000 1.0000 0.0000 0.0000 1.0000 0.0000 0.0000 1.0000 0.0000 0.0000 1.0000 -0.0000 0.0000 1.0000 0.0000 0.0000 1.0000 0.0000 0.0000 1.0000 0.0000 0.0000 1.0000 0.0000 0.0000 1.0000 0.0000 0.0000 1.0000 0.0000 0.0000 1.0000 0.0000 0.0000 1.0000 0.0000 0.0000 1.0000 0.0000 0.0000 1.0000 0.0000 0.0000 1.0000 0.0000 0.0000 1.0000 0.0000 0.0000 1.0000 0.0000 0.0000 1.0000 0.0000 0.0000 1.0000 0.0000 0.0000 1.0000 0.0000 0.0000 1.0000 0.0000 0.0000 1.0000 -0.0826 -0.9966 -0.0000 -0.0826 -0.9966 -0.0000 -0.2455 -0.9694 -0.0000 -0.2455 -0.9694 -0.0000 -0.4017 -0.9158 -0.0000 -0.4017 -0.9158 -0.0000 -0.5469 -0.8372 -0.0000 -0.5469 -0.8372 -0.0000 -0.6773 -0.7357 -0.0000 -0.6773 -0.7357 -0.0000 -0.7891 -0.6142 -0.0000 -0.7891 -0.6142 -0.0000 -0.8795 -0.4760 -0.0000 -0.8795 -0.4760 -0.0000 -0.9458 -0.3247 -0.0000 -0.9458 -0.3247 -0.0000 -0.9864 -0.1646 -0.0000 -0.9864 -0.1646 -0.0000 -1.0000 -0.0000 -0.0000 -1.0000 0.0000 0.0000 -0.9864 0.1646 0.0000 -0.9864 0.1646 0.0000 -0.9458 0.3247 0.0000 -0.9458 0.3247 0.0000 -0.8795 0.4760 0.0000 -0.8795 0.4760 0.0000 -0.7891 0.6142 0.0000 -0.7891 0.6142 0.0000 -0.6773 0.7357 0.0000 -0.6773 0.7357 0.0000 -0.5469 0.8372 0.0000 -0.5469 0.8372 0.0000 -0.4017 0.9158 0.0000 -0.4017 0.9158 0.0000 -0.2455 0.9694 0.0000 -0.2455 0.9694 0.0000 -0.0826 0.9966 0.0000 -0.0826 0.9966 0.0000 0.0000 0.0000 1.0000 0.0000 0.0000 1.0000 0.0000 0.0000 1.0000 0.0000 0.0000 1.0000 0.0000 0.0000 1.0000 0.0000 0.0000 1.0000 0.0000 0.0000 1.0000 0.0000 0.0000 1.0000 0.0000 0.0000 1.0000 0.0000 0.0000 1.0000 0.0000 0.0000 1.0000 0.0000 0.0000 1.0000 0.0000 0.0000 1.0000 0.0000 0.0000 1.0000 0.0000 0.0000 1.0000 0.0000 0.0000 1.0000 0.0000 0.0000 1.0000 0.0000 0.0000 1.0000 0.0000 -0.0000 1.0000 0.0000 0.0000 1.0000 0.0000 -0.0000 1.0000 0.0000 0.0000 1.0000 0.0000 -0.0000 1.0000 0.0000 0.0000 1.0000 0.0000 -0.0000 1.0000 0.0000 0.0000 1.0000 0.0000 -0.0000 1.0000 0.0000 0.0000 1.0000 0.0000 0.0000 1.0000 0.0000 0.0000 1.0000 0.0000 0.0000 1.0000 0.0000 0.0000 1.0000 0.0000 0.0000 1.0000 0.0000 0.0000 1.0000 0.0000 0.0000 1.0000 0.0000 0.0000 1.0000 0.0000 0.0000 1.0000 0.0000 0.0000 1.0000 0.0000 0.0000 1.0000 0.0000 0.0000 1.0000 0.0000 -0.0000 1.0000 0.0000 0.0000 1.0000 0.0000 -0.0000 1.0000 0.0000 0.0000 1.0000 0.0000 -0.0000 1.0000 0.0000 0.0000 1.0000 0.0000 -0.0000 1.0000 0.0000 -0.0000 1.0000 0.0000 0.0000 1.0000 0.0000 -0.0000 1.0000 0.0000 0.0000 1.0000 -0.0000 0.0000 1.0000 0.0000 0.0000 1.0000 -0.0000 0.0000 1.0000 0.0000 0.0000 1.0000 -0.0000 0.0000 1.0000 -0.0000 0.0000 1.0000 0.0000 -0.0000 1.0000 -0.0000 0.0000 1.0000 0.0000 0.0000 1.0000 -0.0000 0.0000 1.0000 0.0000 0.0000 1.0000 -0.0000 0.0000 1.0000 0.0000 0.0000 1.0000 -0.0000 0.0000 1.0000 0.0000 0.0000 1.0000 -0.0000 0.0000 1.0000 0.0000 0.0000 1.0000 -0.0000 0.0000 1.0000 0.0000 0.0000 1.0000 0.0000 0.0000 1.0000 -0.0000 0.0000 1.0000 0.0000 0.0000 1.0000 0.0000 0.0000 1.0000 0.0000 0.0000 1.0000 0.0000 0.0000 1.0000 0.0000 0.0000 1.0000 0.0000 0.0000 1.0000 0.0000 0.0000 1.0000 -0.0000 0.0000 1.0000 0.0000 0.0000 1.0000 -0.0000 0.0000 1.0000 0.0000 0.0000 1.0000 0.0000 0.0000 1.0000 0.0826 0.9966 0.0000 0.0826 0.9966 0.0000 0.2455 0.9694 0.0000 0.2455 0.9694 0.0000 0.4017 0.9158 0.0000 0.4017 0.9158 0.0000 0.5469 0.8372 0.0000 0.5469 0.8372 0.0000 0.6773 0.7357 0.0000 0.6773 0.7357 0.0000 0.7891 0.6142 0.0000 0.7891 0.6142 0.0000 0.8795 0.4760 0.0000 0.8795 0.4760 0.0000 0.9458 0.3247 0.0000 0.9458 0.3247 0.0000 0.9864 0.1646 0.0000 0.9864 0.1646 0.0000 1.0000 -0.0000 0.0000 1.0000 0.0000 0.0000 0.9864 -0.1646 0.0000 0.9864 -0.1646 0.0000 0.9458 -0.3247 0.0000 0.9458 -0.3247 0.0000 0.8795 -0.4760 0.0000 0.8795 -0.4760 0.0000 0.7891 -0.6142 0.0000 0.7891 -0.6142 0.0000 0.6773 -0.7357 0.0000 0.6773 -0.7357 0.0000 0.5469 -0.8372 0.0000 0.5469 -0.8372 0.0000 0.4017 -0.9158 0.0000 0.4017 -0.9158 0.0000 0.2455 -0.9694 0.0000 0.2455 -0.9694 0.0000 0.0826 -0.9966 0.0000 0.0826 -0.9966 0.0000</float_array>
          <technique_common>
            <accessor source="#part_010-mesh-normals-array" count="332" stride="3">
              <param name="X" type="float"/>
              <param name="Y" type="float"/>
              <param name="Z" type="float"/>
            </accessor>
          </technique_common>
        </source>
        <vertices id="part_010-mesh-vertices">
          <input semantic="POSITION" source="#part_010-mesh-positions"/>
        </vertices>
        <triangles material="mat_0_392_0_243_0_000" count="332">
          <input semantic="VERTEX" source="#part_010-mesh-vertices" offset="0"/>
          <input semantic="NORMAL" source="#part_010-mesh-normals" offset="1"/>
          <p>0 0 1 0 2 0 3 1 4 1 5 1 6 2 7 2 8 2 9 3 10 3 11 3 11 4 10 4 12 4 11 5 12 5 13 5 14 6 15 6 16 6 16 7 15 7 17 7 18 8 19 8 20 8 20 9 19 9 21 9 20 10 21 10 22 10 23 11 24 11 25 11 26 12 27 12 28 12 28 13 27 13 29 13 28 14 29 14 30 14 31 15 32 15 33 15 33 16 32 16 34 16 33 17 34 17 35 17 36 18 37 18 38 18 38 19 37 19 39 19 38 20 39 20 40 20 41 21 42 21 43 21 43 22 42 22 44 22 43 23 44 23 45 23 46 24 47 24 48 24 48 25 47 25 49 25 48 26 49 26 50 26 51 27 52 27 53 27 53 28 52 28 54 28 53 29 54 29 55 29 55 30 54 30 56 30 55 31 56 31 57 31 58 32 59 32 60 32 60 33 59 33 61 33 60 34 61 34 62 34 63 35 64 35 65 35 65 36 64 36 66 36 67 37 68 37 69 37 69 38 68 38 70 38 69 39 70 39 71 39 71 40 70 40 72 40 73 41 74 41 75 41 75 42 74 42 76 42 75 43 76 43 77 43 78 44 79 44 80 44 81 45 82 45 83 45 83 46 82 46 84 46 83 47 84 47 85 47 85 48 84 48 86 48 85 49 86 49 87 49 87 50 86 50 88 50 87 51 88 51 89 51 89 52 88 52 90 52 89 53 90 53 91 53 91 54 90 54 92 54 91 55 92 55 93 55 93 56 92 56 94 56 93 57 94 57 95 57 95 58 94 58 96 58 95 59 96 59 97 59 97 60 96 60 98 60 97 61 98 61 99 61 99 62 98 62 100 62 99 63 100 63 101 63 101 64 100 64 102 64 101 65 102 65 103 65 103 66 102 66 104 66 103 67 104 67 105 67 105 68 104 68 106 68 105 69 106 69 107 69 107 70 106 70 108 70 107 71 108 71 109 71 109 72 108 72 110 72 109 73 110 73 111 73 111 74 110 74 112 74 111 75 112 75 113 75 113 76 112 76 114 76 113 77 114 77 115 77 115 78 114 78 116 78 115 79 116 79 117 79 117 80 116 80 118 80 117 81 118 81 119 81 119 82 118 82 120 82 119 83 120 83 121 83 121 84 120 84 122 84 121 85 122 85 123 85 123 86 122 86 124 86 123 87 124 87 125 87 125 88 124 88 126 88 125 89 126 89 127 89 128 90 129 90 130 90 131 91 132 91 133 91 133 92 132 92 134 92 133 93 134 93 135 93 135 94 134 94 136 94 135 95 136 95 137 95 137 96 136 96 138 96 137 97 138 97 139 97 139 98 138 98 140 98 139 99 140 99 141 99 141 100 140 100 142 100 141 101 142 101 143 101 143 102 142 102 144 102 143 103 144 103 145 103 145 104 144 104 146 104 145 105 146 105 147 105 147 106 146 106 148 106 147 107 148 107 149 107 149 108 148 108 150 108 149 109 150 109 151 109 151 110 150 110 152 110 151 111 152 111 153 111 153 112 152 112 154 112 153 113 154 113 155 113 155 114 154 114 156 114 155 115 156 115 157 115 157 116 156 116 158 116 157 117 158 117 159 117 159 118 158 118 160 118 159 119 160 119 161 119 161 120 160 120 162 120 161 121 162 121 163 121 163 122 162 122 164 122 163 123 164 123 165 123 165 124 164 124 166 124 165 125 166 125 167 125 167 126 166 126 168 126 167 127 168 127 169 127 169 128 168 128 170 128 169 129 170 129 171 129 171 130 170 130 172 130 171 131 172 131 173 131 173 132 172 132 174 132 173 133 174 133 175 133 175 134 174 134 176 134 175 135 176 135 177 135 178 136 179 136 180 136 181 137 182 137 183 137 183 138 182 138 184 138 185 139 186 139 187 139 187 140 186 140 188 140 187 141 188 141 189 141 190 142 191 142 192 142 193 143 194 143 195 143 195 144 194 144 196 144 195 145 196 145 197 145 198 146 199 146 200 146 200 147 199 147 201 147 200 148 201 148 202 148 203 149 204 149 205 149 205 150 204 150 206 150 207 151 208 151 209 151 209 152 208 152 210 152 209 153 210 153 211 153 212 154 213 154 214 154 214 155 213 155 215 155 214 156 215 156 216 156 217 157 218 157 219 157 219 158 218 158 220 158 219 159 220 159 221 159 222 160 223 160 224 160 224 161 223 161 225 161 224 162 225 162 226 162 227 163 228 163 229 163 229 164 228 164 230 164 229 165 230 165 231 165 232 166 233 166 234 166 234 167 233 167 235 167 234 168 235 168 236 168 237 169 238 169 239 169 239 170 238 170 240 170 239 171 240 171 241 171 242 172 243 172 244 172 244 173 243 173 245 173 244 174 245 174 246 174 246 175 245 175 247 175 246 176 247 176 248 176 248 177 247 177 249 177 248 178 249 178 250 178 250 179 249 179 251 179 250 180 251 180 252 180 252 181 251 181 253 181 252 182 253 182 254 182 254 183 253 183 255 183 254 184 255 184 256 184 256 185 255 185 257 185 256 186 257 186 258 186 258 187 257 187 259 187 258 188 259 188 260 188 260 189 259 189 261 189 260 190 261 190 262 190 262 191 261 191 263 191 262 192 263 192 264 192 264 193 263 193 265 193 264 194 265 194 266 194 266 195 265 195 267 195 266 196 267 196 268 196 268 197 267 197 269 197 268 198 269 198 270 198 270 199 269 199 271 199 270 200 271 200 272 200 272 201 271 201 273 201 272 202 273 202 274 202 274 203 273 203 275 203 274 204 275 204 276 204 276 205 275 205 277 205 276 206 277 206 278 206 278 207 277 207 279 207 278 208 279 208 280 208 280 209 279 209 281 209 282 210 283 210 284 210 284 211 283 211 285 211 284 212 285 212 286 212 286 213 285 213 287 213 286 214 287 214 288 214 288 215 287 215 289 215 288 216 289 216 290 216 290 217 289 217 291 217 290 218 291 218 292 218 293 219 294 219 295 219 295 220 294 220 296 220 295 221 296 221 297 221 297 222 296 222 298 222 297 223 298 223 299 223 299 224 298 224 300 224 299 225 300 225 301 225 301 226 300 226 302 226 301 227 302 227 303 227 304 228 305 228 306 228 306 229 305 229 307 229 306 230 307 230 308 230 308 231 307 231 309 231 308 232 309 232 310 232 310 233 309 233 311 233 310 234 311 234 312 234 312 235 311 235 313 235 312 236 313 236 314 236 315 237 316 237 317 237 317 238 316 238 318 238 317 239 318 239 319 239 319 240 318 240 320 240 319 241 320 241 321 241 321 242 320 242 322 242 321 243 322 243 323 243 323 244 322 244 324 244 323 245 324 245 325 245 325 246 324 246 326 246 325 247 326 247 327 247 328 248 329 248 330 248 330 249 329 249 331 249 330 250 331 250 332 250 332 251 331 251 333 251 332 252 333 252 334 252 334 253 333 253 335 253 334 254 335 254 336 254 336 255 335 255 337 255 336 256 337 256 338 256 338 257 337 257 339 257 338 258 339 258 340 258 340 259 339 259 341 259 340 260 341 260 342 260 343 261 344 261 345 261 345 262 344 262 346 262 345 263 346 263 347 263 347 264 346 264 348 264 347 265 348 265 349 265 349 266 348 266 350 266 349 267 350 267 351 267 351 268 350 268 352 268 351 269 352 269 353 269 354 270 355 270 356 270 356 271 355 271 357 271 356 272 357 272 358 272 358 273 357 273 359 273 358 274 359 274 360 274 360 275 359 275 361 275 360 276 361 276 362 276 362 277 361 277 363 277 362 278 363 278 364 278 364 279 363 279 365 279 364 280 365 280 366 280 367 281 368 281 369 281 369 282 368 282 370 282 369 283 370 283 371 283 371 284 370 284 372 284 371 285 372 285 373 285 373 286 372 286 374 286 373 287 374 287 375 287 375 288 374 288 376 288 375 289 376 289 377 289 377 290 376 290 378 290 377 291 378 291 379 291 379 292 378 292 380 292 379 293 380 293 381 293 382 294 383 294 384 294 384 295 383 295 385 295 384 296 385 296 386 296 386 297 385 297 387 297 386 298 387 298 388 298 388 299 387 299 389 299 388 300 389 300 390 300 390 301 389 301 391 301 390 302 391 302 392 302 392 303 391 303 393 303 392 304 393 304 394 304 394 305 393 305 395 305 394 306 395 306 396 306 396 307 395 307 397 307 396 308 397 308 398 308 398 309 397 309 399 309 398 310 399 310 400 310 400 311 399 311 401 311 400 312 401 312 402 312 402 313 401 313 403 313 402 314 403 314 404 314 404 315 403 315 405 315 404 316 405 316 406 316 406 317 405 317 407 317 406 318 407 318 408 318 408 319 407 319 409 319 408 320 409 320 410 320 410 321 409 321 411 321 410 322 411 322 412 322 412 323 411 323 413 323 412 324 413 324 414 324 414 325 413 325 415 325 414 326 415 326 416 326 416 327 415 327 417 327 416 328 417 328 418 328 418 329 417 329 419 329 418 330 419 330 420 330 420 331 419 331 421 331</p>
        </triangles>
      </mesh>
    </geometry>
    <geometry id="part_011-mesh" name="part_011">
      <mesh>
        <source id="part_011-mesh-positions">
          <float_array id="part_011-mesh-positions-array" count="156">0.5000 3.0000 0.6260 3.0000 3.0000 0.6260 0.5000 3.0000 0.6259 3.0000 3.0000 0.6259 3.0000 3.0000 0.6260 3.0000 -3.0000 0.6260 3.0000 3.0000 0.6259 3.0000 -3.0000 0.6259 0.5000 2.2000 0.6260 0.5000 3.0000 0.6260 0.5000 2.2000 0.6259 0.5000 3.0000 0.6259 3.0000 -3.0000 0.6259 0.5000 -3.0000 0.6259 3.0000 3.0000 0.6259 0.5000 -2.2000 0.6259 0.5000 3.0000 0.6259 3.0000 3.0000 0.6259 0.5000 2.2000 0.6259 0.5000 -2.2000 0.6259 0.0000 2.2000 0.6259 0.0000 -2.2000 0.6259 3.0000 3.0000 0.6260 0.5000 3.0000 0.6260 3.0000 -3.0000 0.6260 0.5000 2.2000 0.6260 0.5000 -3.0000 0.6260 3.0000 -3.0000 0.6260 0.5000 -2.2000 0.6260 0.5000 2.2000 0.6260 0.0000 -2.2000 0.6260 0.0000 2.2000 0.6260 0.5000 -2.2000 0.6260 0.0000 -2.2000 0.6260 0.5000 -2.2000 0.6259 0.0000 -2.2000 0.6259 0.0000 2.2000 0.6260 0.5000 2.2000 0.6260 0.0000 2.2000 0.6259 0.5000 2.2000 0.6259 0.0000 -2.2000 0.6260 0.0000 2.2000 0.6260 0.0000 -2.2000 0.6259 0.0000 2.2000 0.6259 0.5000 -3.0000 0.6260 0.5000 -2.2000 0.6260 0.5000 -3.0000 0.6259 0.5000 -2.2000 0.6259 3.0000 -3.0000 0.6260 0.5000 -3.0000 0.6260 3.0000 -3.0000 0.6259 0.5000 -3.0000 0.6259</float_array>
          <technique_common>
            <accessor source="#part_011-mesh-positions-array" count="52" stride="3">
              <param name="X" type="float"/>
              <param name="Y" type="float"/>
              <param name="Z" type="float"/>
            </accessor>
          </technique_common>
        </source>
        <source id="part_011-mesh-normals">
          <float_array id="part_011-mesh-normals-array" count="84">-0.0000 1.0000 0.0000 0.0000 1.0000 0.0000 1.0000 0.0000 0.0000 1.0000 0.0000 0.0000 -1.0000 0.0000 0.0000 -1.0000 0.0000 0.0000 0.0000 0.0000 -1.0000 0.0000 0.0000 -1.0000 0.0000 0.0000 -1.0000 0.0000 0.0000 -1.0000 -0.0000 -0.0000 -1.0000 0.0000 0.0000 -1.0000 0.0000 0.0000 1.0000 0.0000 0.0000 1.0000 0.0000 0.0000 1.0000 -0.0000 0.0000 1.0000 0.0000 -0.0000 1.0000 0.0000 0.0000 1.0000 -0.0000 -1.0000 -0.0000 0.0000 -1.0000 0.0000 -0.0000 1.0000 0.0000 0.0000 1.0000 0.0000 -1.0000 0.0000 0.0000 -1.0000 0.0000 0.0000 -1.0000 0.0000 0.0000 -1.0000 0.0000 0.0000 -0.0000 -1.0000 -0.0000 0.0000 -1.0000 0.0000</float_array>
          <technique_common>
            <accessor source="#part_011-mesh-normals-array" count="28" stride="3">
              <param name="X" type="float"/>
              <param name="Y" type="float"/>
              <param name="Z" type="float"/>
            </accessor>
          </technique_common>
        </source>
        <vertices id="part_011-mesh-vertices">
          <input semantic="POSITION" source="#part_011-mesh-positions"/>
        </vertices>
        <triangles material="mat_0_588_0_843_0_863" count="28">
          <input semantic="VERTEX" source="#part_011-mesh-vertices" offset="0"/>
          <input semantic="NORMAL" source="#part_011-mesh-normals" offset="1"/>
          <p>0 0 1 0 2 0 2 1 1 1 3 1 4 2 5 2 6 2 6 3 5 3 7 3 8 4 9 4 10 4 10 5 9 5 11 5 12 6 13 6 14 6 14 7 13 7 15 7 16 8 17 8 18 8 18 9 17 9 19 9 18 10 19 10 20 10 20 11 19 11 21 11 22 12 23 12 24 12 24 13 23 13 25 13 26 14 27 14 28 14 28 15 27 15 29 15 28 16 29 16 30 16 30 17 29 17 31 17 32 18 33 18 34 18 34 19 33 19 35 19 36 20 37 20 38 20 38 21 37 21 39 21 40 22 41 22 42 22 42 23 41 23 43 23 44 24 45 24 46 24 46 25 45 25 47 25 48 26 49 26 50 26 50 27 49 27 51 27</p>
        </triangles>
      </mesh>
    </geometry>
    <geometry id="part_012-mesh" name="part_012">
      <mesh>
        <source id="part_012-mesh-positions">
          <float_array id="part_012-mesh-positions-array" count="72">-1.4500 2.2500 0.6271 -1.4500 2.9500 0.6271 -2.1500 2.2500 0.6271 -2.1500 2.9500 0.6271 -2.1500 2.9500 0.6271 -1.4500 2.9500 0.6271 -2.1500 2.9500 0.6270 -1.4500 2.9500 0.6270 -1.4500 2.9500 0.6271 -1.4500 2.2500 0.6271 -1.4500 2.9500 0.6270 -1.4500 2.2500 0.6270 -1.4500 2.2500 0.6271 -2.1500 2.2500 0.6271 -1.4500 2.2500 0.6270 -2.1500 2.2500 0.6270 -2.1500 2.2500 0.6271 -2.1500 2.9500 0.6271 -2.1500 2.2500 0.6270 -2.1500 2.9500 0.6270 -1.4500 2.9500 0.6270 -1.4500 2.2500 0.6270 -2.1500 2.9500 0.6270 -2.1500 2.2500 0.6270</float_array>
          <technique_common>
            <accessor source="#part_012-mesh-positions-array" count="24" stride="3">
              <param name="X" type="float"/>
              <param name="Y" type="float"/>
              <param name="Z" type="float"/>
            </accessor>
          </technique_common>
        </source>
        <source id="part_012-mesh-normals">
          <float_array id="part_012-mesh-normals-array" count="36">0.0000 -0.0000 1.0000 0.0000 0.0000 1.0000 -0.0000 1.0000 0.0000 0.0000 1.0000 0.0000 1.0000 0.0000 0.0000 1.0000 0.0000 0.0000 -0.0000 -1.0000 -0.0000 0.0000 -1.0000 0.0000 -1.0000 0.0000 0.0000 -1.0000 0.0000 0.0000 -0.0000 -0.0000 -1.0000 0.0000 0.0000 -1.0000</float_array>
          <technique_common>
            <accessor source="#part_012-mesh-normals-array" count="12" stride="3">
              <param name="X" type="float"/>
              <param name="Y" type="float"/>
              <param name="Z" type="float"/>
            </accessor>
          </technique_common>
        </source>
        <vertices id="part_012-mesh-vertices">
          <input semantic="POSITION" source="#part_012-mesh-positions"/>
        </vertices>
        <triangles material="mat_0_875_0_133_0_133" count="12">
          <input semantic="VERTEX" source="#part_012-mesh-vertices" offset="0"/>
          <input semantic="NORMAL" source="#part_012-mesh-normals" offset="1"/>
          <p>0 0 1 0 2 0 2 1 1 1 3 1 4 2 5 2 6 2 6 3 5 3 7 3 8 4 9 4 10 4 10 5 9 5 11 5 12 6 13 6 14 6 14 7 13 7 15 7 16 8 17 8 18 8 18 9 17 9 19 9 20 10 21 10 22 10 22 11 21 11 23 11</p>
        </triangles>
      </mesh>
    </geometry>
    <geometry id="part_013-mesh" name="part_013">
      <mesh>
        <source id="part_013-mesh-positions">
          <float_array id="part_013-mesh-positions-array" count="138">-4.0000 -2.7000 0.1750 -4.0000 -2.7000 0.0250 -3.0000 -2.7000 0.1750 -3.0000 -2.7000 0.0250 -3.0000 -2.1000 0.3250 -3.0000 -2.4000 0.3250 -3.0000 -2.4000 0.1750 -3.0000 -2.7000 0.1750 -3.0000 -2.7000 0.0250 -3.0000 -2.4000 0.1750 -3.0000 -2.1000 0.3250 -3.0000 -1.8000 0.4750 -3.0000 -2.1000 0.4750 -4.0000 -2.7000 0.0250 -4.0000 -2.4000 0.1750 -4.0000 -2.7000 0.1750 -4.0000 -2.1000 0.3250 -4.0000 -2.1000 0.4750 -4.0000 -1.8000 0.4750 -4.0000 -2.1000 0.3250 -4.0000 -2.4000 0.1750 -4.0000 -2.4000 0.3250 -4.0000 -1.8000 0.4750 -4.0000 -2.1000 0.4750 -3.0000 -1.8000 0.4750 -3.0000 -2.1000 0.4750 -4.0000 -2.1000 0.4750 -4.0000 -2.1000 0.3250 -3.0000 -2.1000 0.4750 -3.0000 -2.1000 0.3250 -4.0000 -2.4000 0.3250 -4.0000 -2.4000 0.1750 -3.0000 -2.4000 0.3250 -3.0000 -2.4000 0.1750 -4.0000 -1.8000 0.6250 -4.0000 -1.8000 0.4750 -3.0000 -1.8000 0.6250 -3.0000 -1.8000 0.4750 -4.0000 -2.4000 0.1750 -4.0000 -2.7000 0.1750 -3.0000 -2.4000 0.1750 -3.0000 -2.7000 0.1750 -4.0000 -2.1000 0.3250 -4.0000 -2.4000 0.3250 -3.0000 -2.1000 0.3250 -3.0000 -2.4000 0.3250</float_array>
          <technique_common>
            <accessor source="#part_013-mesh-positions-array" count="46" stride="3">
              <param name="X" type="float"/>
              <param name="Y" type="float"/>
              <param name="Z" type="float"/>
            </accessor>
          </technique_common>
        </source>
        <source id="part_013-mesh-normals">
          <float_array id="part_013-mesh-normals-array" count="60">0.0000 -1.0000 0.0000 0.0000 -1.0000 -0.0000 1.0000 0.0000 0.0000 1.0000 -0.0000 0.0000 1.0000 0.0000 0.0000 -1.0000 -0.0000 0.0000 -1.0000 0.0000 0.0000 -1.0000 -0.0000 0.0000 -0.0000 0.0000 1.0000 0.0000 0.0000 1.0000 0.0000 -1.0000 0.0000 0.0000 -1.0000 -0.0000 0.0000 -1.0000 0.0000 0.0000 -1.0000 -0.0000 0.0000 -1.0000 0.0000 0.0000 -1.0000 -0.0000 -0.0000 0.0000 1.0000 0.0000 0.0000 1.0000 -0.0000 0.0000 1.0000 0.0000 0.0000 1.0000</float_array>
          <technique_common>
            <accessor source="#part_013-mesh-normals-array" count="20" stride="3">
              <param name="X" type="float"/>
              <param name="Y" type="float"/>
              <param name="Z" type="float"/>
            </accessor>
          </technique_common>
        </source>
        <vertices id="part_013-mesh-vertices">
          <input semantic="POSITION" source="#part_013-mesh-positions"/>
        </vertices>
        <triangles material="mat_0_922_0_706_0_627" count="20">
          <input semantic="VERTEX" source="#part_013-mesh-vertices" offset="0"/>
          <input semantic="NORMAL" source="#part_013-mesh-normals" offset="1"/>
          <p>0 0 1 0 2 0 2 1 1 1 3 1 4 2 5 2 6 2 7 3 8 3 9 3 10 4 11 4 12 4 14 5 13 5 15 5 16 6 17 6 18 6 19 7 20 7 21 7 22 8 23 8 24 8 24 9 23 9 25 9 26 10 27 10 28 10 28 11 27 11 29 11 30 12 31 12 32 12 32 13 31 13 33 13 34 14 35 14 36 14 36 15 35 15 37 15 38 16 39 16 40 16 40 17 39 17 41 17 42 18 43 18 44 18 44 19 43 19 45 19</p>
        </triangles>
      </mesh>
    </geometry>
    <geometry id="part_014-mesh" name="part_014">
      <mesh>
        <source id="part_014-mesh-positions">
          <float_array id="part_014-mesh-positions-array" count="57">-4.0000 -2.7000 0.0250 -4.0000 2.7000 0.0250 -3.0000 -2.7000 0.0250 -3.0000 -1.8000 0.6250 -3.0000 -1.8000 0.4750 -3.0000 -0.8000 0.6250 -3.0000 -2.7000 0.0250 -3.0000 -2.4000 0.1750 -3.0000 2.7000 0.0250 -4.0000 2.7000 0.0250 -4.0000 -2.7000 0.0250 -4.0000 -2.4000 0.1750 -4.0000 -1.8000 0.6250 -4.0000 -0.8000 0.6250 -4.0000 -1.8000 0.4750 -4.0000 -0.8000 0.6250 -4.0000 -1.8000 0.6250 -3.0000 -0.8000 0.6250 -3.0000 -1.8000 0.6250</float_array>
          <technique_common>
            <accessor source="#part_014-mesh-positions-array" count="19" stride="3">
              <param name="X" type="float"/>
              <param name="Y" type="float"/>
              <param name="Z" type="float"/>
            </accessor>
          </technique_common>
        </source>
        <source id="part_014-mesh-normals">
          <float_array id="part_014-mesh-normals-array" count="21">0.0000 0.0000 -1.0000 1.0000 -0.0000 0.0000 1.0000 0.0000 0.0000 -1.0000 0.0000 0.0000 -1.0000 0.0000 0.0000 -0.0000 0.0000 1.0000 0.0000 0.0000 1.0000</float_array>
          <technique_common>
            <accessor source="#part_014-mesh-normals-array" count="7" stride="3">
              <param name="X" type="float"/>
              <param name="Y" type="float"/>
              <param name="Z" type="float"/>
            </accessor>
          </technique_common>
        </source>
        <vertices id="part_014-mesh-vertices">
          <input semantic="POSITION" source="#part_014-mesh-positions"/>
        </vertices>
        <triangles material="mat_0_961_0_667_0_235" count="7">
          <input semantic="VERTEX" source="#part_014-mesh-vertices" offset="0"/>
          <input semantic="NORMAL" source="#part_014-mesh-normals" offset="1"/>
          <p>0 0 1 0 2 0 3 1 4 1 5 1 7 2 6 2 8 2 9 3 10 3 11 3 12 4 13 4 14 4 15 5 16 5 17 5 17 6 16 6 18 6</p>
        </triangles>
      </mesh>
    </geometry>
    <geometry id="part_015-mesh" name="part_015">
      <mesh>
        <source id="part_015-mesh-positions">
          <float_array id="part_015-mesh-positions-array" count="57">-4.0000 2.7000 0.0250 -3.0000 -2.7000 0.0250 -3.0000 2.7000 0.0250 -4.0000 2.7000 0.0250 -4.0000 -0.8000 0.6250 -3.0000 2.7000 0.0250 -3.0000 -0.8000 0.6250 -3.0000 -1.8000 0.4750 -3.0000 -0.8000 0.6250 -3.0000 2.7000 0.0250 -3.0000 -2.4000 0.1750 -3.0000 2.7000 0.0250 -3.0000 -2.1000 0.3250 -3.0000 -1.8000 0.4750 -4.0000 -0.8000 0.6250 -4.0000 -1.8000 0.4750 -4.0000 2.7000 0.0250 -4.0000 -2.1000 0.3250 -4.0000 -2.4000 0.1750</float_array>
          <technique_common>
            <accessor source="#part_015-mesh-positions-array" count="19" stride="3">
              <param name="X" type="float"/>
              <param name="Y" type="float"/>
              <param name="Z" type="float"/>
            </accessor>
          </technique_common>
        </source>
        <source id="part_015-mesh-normals">
          <float_array id="part_015-mesh-normals-array" count="27">0.0000 0.0000 -1.0000 -0.0000 0.1690 0.9856 0.0000 0.1690 0.9856 1.0000 0.0000 0.0000 1.0000 -0.0000 0.0000 1.0000 -0.0000 0.0000 -1.0000 0.0000 0.0000 -1.0000 0.0000 -0.0000 -1.0000 0.0000 -0.0000</float_array>
          <technique_common>
            <accessor source="#part_015-mesh-normals-array" count="9" stride="3">
              <param name="X" type="float"/>
              <param name="Y" type="float"/>
              <param name="Z" type="float"/>
            </accessor>
          </technique_common>
        </source>
        <vertices id="part_015-mesh-vertices">
          <input semantic="POSITION" source="#part_015-mesh-positions"/>
        </vertices>
        <triangles material="mat_0_784_0_588_0_549" count="9">
          <input semantic="VERTEX" source="#part_015-mesh-vertices" offset="0"/>
          <input semantic="NORMAL" source="#part_015-mesh-normals" offset="1"/>
          <p>1 0 0 0 2 0 3 1 4 1 5 1 5 2 4 2 6 2 8 3 7 3 9 3 10 4 11 4 12 4 12 5 11 5 13 5 15 6 14 6 16 6 15 7 16 7 17 7 17 8 16 8 18 8</p>
        </triangles>
      </mesh>
    </geometry>
    <geometry id="part_016-mesh" name="part_016">
      <mesh>
        <source id="part_016-mesh-positions">
          <float_array id="part_016-mesh-positions-array" count="864">0.0000 -3.8833 0.0270 0.1000 -3.8833 0.0270 0.0000 -3.8833 0.2271 0.1000 -3.8833 0.2271 0.1000 -3.6833 0.2271 0.1000 -3.8833 0.2271 0.1000 -3.6833 0.0270 0.1000 -3.8833 0.0270 0.0000 -3.6833 0.2271 0.1000 -3.6833 0.2271 0.0000 -3.6833 0.0270 0.1000 -3.6833 0.0270 0.1000 -3.8833 0.2271 0.1000 -3.6833 0.2271 0.0000 -3.8833 0.2271 0.0000 -3.6833 0.2271 0.0000 -3.6833 0.0270 0.1000 -3.6833 0.0270 0.0000 -3.8833 0.0270 0.1000 -3.8833 0.0270 0.0000 -3.6833 0.0270 0.0000 -3.8833 0.0270 0.0000 -3.6833 0.2271 0.0000 -3.8833 0.2271 -0.1000 -4.8167 0.2271 -0.1000 -4.6167 0.2271 -0.1000 -4.8167 0.0270 -0.1000 -4.6167 0.0270 -0.1000 -4.6167 0.2271 -0.1000 -4.8167 0.2271 0.0000 -4.6167 0.2271 0.0000 -4.8167 0.2271 0.0000 -4.8167 0.2271 -0.1000 -4.8167 0.2271 0.0000 -4.8167 0.0270 -0.1000 -4.8167 0.0270 0.0000 -4.6167 0.0270 -0.1000 -4.6167 0.0270 0.0000 -4.6167 0.2271 -0.1000 -4.6167 0.2271 0.0000 -4.8167 0.0270 -0.1000 -4.8167 0.0270 0.0000 -4.6167 0.0270 -0.1000 -4.6167 0.0270 0.0000 -4.8167 0.0270 0.0000 -4.6167 0.0270 0.0000 -4.8167 0.2271 0.0000 -4.6167 0.2271 -0.2333 -4.5833 0.2271 -0.3333 -4.5833 0.2271 -0.2333 -4.5833 0.0270 -0.3333 -4.5833 0.0270 -0.3333 -4.5833 0.2271 -0.3333 -4.3833 0.2271 -0.3333 -4.5833 0.0270 -0.3333 -4.3833 0.0270 -0.2333 -4.3833 0.0270 -0.3333 -4.3833 0.0270 -0.2333 -4.3833 0.2271 -0.3333 -4.3833 0.2271 -0.2333 -4.5833 0.0270 -0.2333 -4.3833 0.0270 -0.2333 -4.5833 0.2271 -0.2333 -4.3833 0.2271 -0.2333 -4.5833 0.0270 -0.3333 -4.5833 0.0270 -0.2333 -4.3833 0.0270 -0.3333 -4.3833 0.0270 -0.3333 -4.3833 0.2271 -0.3333 -4.5833 0.2271 -0.2333 -4.3833 0.2271 -0.2333 -4.5833 0.2271 -0.2333 -4.1167 0.0270 -0.1333 -4.1167 0.0270 -0.2333 -4.1167 0.2271 -0.1333 -4.1167 0.2271 -0.1333 -3.9167 0.2271 -0.1333 -4.1167 0.2271 -0.1333 -3.9167 0.0270 -0.1333 -4.1167 0.0270 -0.2333 -3.9167 0.2271 -0.1333 -3.9167 0.2271 -0.2333 -3.9167 0.0270 -0.1333 -3.9167 0.0270 -0.1333 -4.1167 0.2271 -0.1333 -3.9167 0.2271 -0.2333 -4.1167 0.2271 -0.2333 -3.9167 0.2271 -0.2333 -3.9167 0.0270 -0.1333 -3.9167 0.0270 -0.2333 -4.1167 0.0270 -0.1333 -4.1167 0.0270 -0.2333 -3.9167 0.0270 -0.2333 -4.1167 0.0270 -0.2333 -3.9167 0.2271 -0.2333 -4.1167 0.2271 -0.3667 -3.7833 0.0270 -0.5667 -3.7833 0.0270 -0.3667 -3.7833 0.2271 -0.5667 -3.7833 0.2271 -0.3667 -3.7833 0.0270 -0.3667 -3.8833 0.0270 -0.5667 -3.7833 0.0270 -0.5667 -3.8833 0.0270 -0.5667 -3.8833 0.2271 -0.3667 -3.8833 0.2271 -0.5667 -3.7833 0.2271 -0.3667 -3.7833 0.2271 -0.3667 -3.7833 0.2271 -0.3667 -3.8833 0.2271 -0.3667 -3.7833 0.0270 -0.3667 -3.8833 0.0270 -0.3667 -3.8833 0.2271 -0.5667 -3.8833 0.2271 -0.3667 -3.8833 0.0270 -0.5667 -3.8833 0.0270 -0.5667 -3.7833 0.0270 -0.5667 -3.8833 0.0270 -0.5667 -3.7833 0.2271 -0.5667 -3.8833 0.2271 -0.5667 -4.2500 0.2271 -0.5667 -4.1500 0.2271 -0.5667 -4.2500 0.0270 -0.5667 -4.1500 0.0270 -0.3667 -4.2500 0.0270 -0.3667 -4.1500 0.0270 -0.3667 -4.2500 0.2271 -0.3667 -4.1500 0.2271 -0.5667 -4.1500 0.2271 -0.3667 -4.1500 0.2271 -0.5667 -4.1500 0.0270 -0.3667 -4.1500 0.0270 -0.3667 -4.1500 0.2271 -0.5667 -4.1500 0.2271 -0.3667 -4.2500 0.2271 -0.5667 -4.2500 0.2271 -0.5667 -4.2500 0.0270 -0.5667 -4.1500 0.0270 -0.3667 -4.2500 0.0270 -0.3667 -4.1500 0.0270 -0.5667 -4.2500 0.0270 -0.3667 -4.2500 0.0270 -0.5667 -4.2500 0.2271 -0.3667 -4.2500 0.2271 -0.5667 -4.7167 0.0270 -0.5667 -4.8167 0.0270 -0.5667 -4.7167 0.2271 -0.5667 -4.8167 0.2271 -0.3667 -4.7167 0.2271 -0.3667 -4.8167 0.2271 -0.3667 -4.7167 0.0270 -0.3667 -4.8167 0.0270 -0.3667 -4.8167 0.2271 -0.5667 -4.8167 0.2271 -0.3667 -4.8167 0.0270 -0.5667 -4.8167 0.0270 -0.3667 -4.7167 0.0270 -0.3667 -4.8167 0.0270 -0.5667 -4.7167 0.0270 -0.5667 -4.8167 0.0270 -0.5667 -4.8167 0.2271 -0.3667 -4.8167 0.2271 -0.5667 -4.7167 0.2271 -0.3667 -4.7167 0.2271 -0.3667 -4.7167 0.0270 -0.5667 -4.7167 0.0270 -0.3667 -4.7167 0.2271 -0.5667 -4.7167 0.2271 0.3667 -4.7167 0.0270 0.5667 -4.7167 0.0270 0.3667 -4.7167 0.2271 0.5667 -4.7167 0.2271 0.5667 -4.6167 0.2271 0.3667 -4.6167 0.2271 0.5667 -4.7167 0.2271 0.3667 -4.7167 0.2271 0.3667 -4.6167 0.2271 0.5667 -4.6167 0.2271 0.3667 -4.6167 0.0270 0.5667 -4.6167 0.0270 0.3667 -4.7167 0.0270 0.3667 -4.6167 0.0270 0.5667 -4.7167 0.0270 0.5667 -4.6167 0.0270 0.5667 -4.7167 0.0270 0.5667 -4.6167 0.0270 0.5667 -4.7167 0.2271 0.5667 -4.6167 0.2271 0.3667 -4.7167 0.2271 0.3667 -4.6167 0.2271 0.3667 -4.7167 0.0270 0.3667 -4.6167 0.0270 0.5667 -4.2500 0.0270 0.3667 -4.2500 0.0270 0.5667 -4.2500 0.2271 0.3667 -4.2500 0.2271 0.5667 -4.2500 0.0270 0.5667 -4.3500 0.0270 0.3667 -4.2500 0.0270 0.3667 -4.3500 0.0270 0.3667 -4.2500 0.0270 0.3667 -4.3500 0.0270 0.3667 -4.2500 0.2271 0.3667 -4.3500 0.2271 0.3667 -4.3500 0.2271 0.5667 -4.3500 0.2271 0.3667 -4.2500 0.2271 0.5667 -4.2500 0.2271 0.5667 -4.3500 0.2271 0.3667 -4.3500 0.2271 0.5667 -4.3500 0.0270 0.3667 -4.3500 0.0270 0.5667 -4.2500 0.2271 0.5667 -4.3500 0.2271 0.5667 -4.2500 0.0270 0.5667 -4.3500 0.0270 0.3667 -3.7833 0.0270 0.5667 -3.7833 0.0270 0.3667 -3.7833 0.2271 0.5667 -3.7833 0.2271 0.3667 -3.7833 0.0270 0.3667 -3.6833 0.0270 0.5667 -3.7833 0.0270 0.5667 -3.6833 0.0270 0.3667 -3.6833 0.2271 0.5667 -3.6833 0.2271 0.3667 -3.6833 0.0270 0.5667 -3.6833 0.0270 0.5667 -3.6833 0.2271 0.3667 -3.6833 0.2271 0.5667 -3.7833 0.2271 0.3667 -3.7833 0.2271 0.5667 -3.7833 0.0270 0.5667 -3.6833 0.0270 0.5667 -3.7833 0.2271 0.5667 -3.6833 0.2271 0.3667 -3.7833 0.2271 0.3667 -3.6833 0.2271 0.3667 -3.7833 0.0270 0.3667 -3.6833 0.0270 0.2333 -4.1167 0.2271 0.1333 -4.1167 0.2271 0.2333 -4.1167 0.0270 0.1333 -4.1167 0.0270 0.1333 -4.1167 0.2271 0.1333 -3.9167 0.2271 0.1333 -4.1167 0.0270 0.1333 -3.9167 0.0270 0.2333 -3.9167 0.0270 0.1333 -3.9167 0.0270 0.2333 -3.9167 0.2271 0.1333 -3.9167 0.2271 0.2333 -4.1167 0.0270 0.2333 -3.9167 0.0270 0.2333 -4.1167 0.2271 0.2333 -3.9167 0.2271 0.2333 -4.1167 0.0270 0.1333 -4.1167 0.0270 0.2333 -3.9167 0.0270 0.1333 -3.9167 0.0270 0.1333 -3.9167 0.2271 0.1333 -4.1167 0.2271 0.2333 -3.9167 0.2271 0.2333 -4.1167 0.2271 0.3333 -4.3833 0.2271 0.3333 -4.5833 0.2271 0.3333 -4.3833 0.0270 0.3333 -4.5833 0.0270 0.2333 -4.5833 0.0270 0.3333 -4.5833 0.0270 0.2333 -4.5833 0.2271 0.3333 -4.5833 0.2271 0.2333 -4.3833 0.2271 0.3333 -4.3833 0.2271 0.2333 -4.3833 0.0270 0.3333 -4.3833 0.0270 0.2333 -4.3833 0.0270 0.2333 -4.5833 0.0270 0.2333 -4.3833 0.2271 0.2333 -4.5833 0.2271 0.2333 -4.3833 0.0270 0.3333 -4.3833 0.0270 0.2333 -4.5833 0.0270 0.3333 -4.5833 0.0270 0.3333 -4.5833 0.2271 0.3333 -4.3833 0.2271 0.2333 -4.5833 0.2271 0.2333 -4.3833 0.2271</float_array>
          <technique_common>
            <accessor source="#part_016-mesh-positions-array" count="288" stride="3">
              <param name="X" type="float"/>
              <param name="Y" type="float"/>
              <param name="Z" type="float"/>
            </accessor>
          </technique_common>
        </source>
        <source id="part_016-mesh-normals">
          <float_array id="part_016-mesh-normals-array" count="432">0.0000 -1.0000 0.0000 0.0000 -1.0000 0.0000 1.0000 0.0000 0.0000 1.0000 0.0000 0.0000 -0.0000 1.0000 0.0000 0.0000 1.0000 0.0000 0.0000 -0.0000 1.0000 0.0000 0.0000 1.0000 0.0000 0.0000 -1.0000 0.0000 0.0000 -1.0000 -1.0000 0.0000 0.0000 -1.0000 -0.0000 0.0000 -1.0000 0.0000 0.0000 -1.0000 0.0000 0.0000 -0.0000 0.0000 1.0000 0.0000 0.0000 1.0000 -0.0000 -1.0000 -0.0000 0.0000 -1.0000 0.0000 0.0000 1.0000 -0.0000 0.0000 1.0000 0.0000 0.0000 0.0000 -1.0000 -0.0000 0.0000 -1.0000 1.0000 0.0000 0.0000 1.0000 -0.0000 0.0000 -0.0000 -1.0000 -0.0000 0.0000 -1.0000 0.0000 -1.0000 0.0000 0.0000 -1.0000 0.0000 0.0000 0.0000 1.0000 -0.0000 0.0000 1.0000 0.0000 1.0000 0.0000 0.0000 1.0000 -0.0000 0.0000 0.0000 0.0000 -1.0000 -0.0000 0.0000 -1.0000 -0.0000 0.0000 1.0000 0.0000 0.0000 1.0000 0.0000 -1.0000 0.0000 0.0000 -1.0000 0.0000 1.0000 0.0000 0.0000 1.0000 0.0000 0.0000 -0.0000 1.0000 0.0000 0.0000 1.0000 0.0000 0.0000 -0.0000 1.0000 0.0000 0.0000 1.0000 0.0000 0.0000 -1.0000 0.0000 0.0000 -1.0000 -1.0000 0.0000 0.0000 -1.0000 -0.0000 0.0000 0.0000 1.0000 -0.0000 0.0000 1.0000 0.0000 -0.0000 -0.0000 -1.0000 0.0000 0.0000 -1.0000 0.0000 0.0000 1.0000 -0.0000 0.0000 1.0000 1.0000 0.0000 0.0000 1.0000 0.0000 0.0000 -0.0000 -1.0000 -0.0000 0.0000 -1.0000 0.0000 -1.0000 0.0000 0.0000 -1.0000 -0.0000 0.0000 -1.0000 0.0000 0.0000 -1.0000 0.0000 0.0000 1.0000 0.0000 0.0000 1.0000 -0.0000 0.0000 -0.0000 1.0000 0.0000 0.0000 1.0000 0.0000 0.0000 0.0000 1.0000 0.0000 0.0000 1.0000 0.0000 0.0000 -1.0000 0.0000 0.0000 -1.0000 0.0000 -1.0000 0.0000 0.0000 -1.0000 0.0000 -1.0000 0.0000 0.0000 -1.0000 -0.0000 0.0000 1.0000 0.0000 0.0000 1.0000 0.0000 0.0000 -0.0000 -1.0000 -0.0000 0.0000 -1.0000 0.0000 -0.0000 -0.0000 -1.0000 0.0000 0.0000 -1.0000 0.0000 0.0000 1.0000 -0.0000 0.0000 1.0000 0.0000 1.0000 -0.0000 0.0000 1.0000 0.0000 0.0000 -1.0000 0.0000 0.0000 -1.0000 0.0000 0.0000 0.0000 1.0000 0.0000 0.0000 1.0000 -0.0000 1.0000 0.0000 0.0000 1.0000 0.0000 0.0000 0.0000 -1.0000 0.0000 0.0000 -1.0000 1.0000 0.0000 0.0000 1.0000 -0.0000 0.0000 -1.0000 0.0000 0.0000 -1.0000 0.0000 0.0000 0.0000 1.0000 -0.0000 0.0000 1.0000 0.0000 -0.0000 -0.0000 -1.0000 0.0000 0.0000 -1.0000 -1.0000 0.0000 0.0000 -1.0000 -0.0000 0.0000 0.0000 0.0000 1.0000 -0.0000 0.0000 1.0000 -0.0000 -1.0000 -0.0000 0.0000 -1.0000 0.0000 1.0000 0.0000 0.0000 1.0000 0.0000 0.0000 0.0000 -1.0000 0.0000 0.0000 -1.0000 0.0000 0.0000 0.0000 -1.0000 0.0000 0.0000 -1.0000 -0.0000 1.0000 0.0000 0.0000 1.0000 0.0000 0.0000 0.0000 1.0000 0.0000 0.0000 1.0000 1.0000 0.0000 0.0000 1.0000 -0.0000 0.0000 -1.0000 0.0000 0.0000 -1.0000 0.0000 0.0000 -0.0000 -1.0000 -0.0000 0.0000 -1.0000 0.0000 -1.0000 0.0000 0.0000 -1.0000 0.0000 0.0000 0.0000 1.0000 -0.0000 0.0000 1.0000 0.0000 1.0000 0.0000 0.0000 1.0000 -0.0000 0.0000 0.0000 0.0000 -1.0000 -0.0000 0.0000 -1.0000 -0.0000 0.0000 1.0000 0.0000 0.0000 1.0000 1.0000 0.0000 0.0000 1.0000 0.0000 0.0000 0.0000 -1.0000 0.0000 0.0000 -1.0000 0.0000 -0.0000 1.0000 0.0000 0.0000 1.0000 0.0000 -1.0000 0.0000 0.0000 -1.0000 -0.0000 0.0000 0.0000 0.0000 -1.0000 0.0000 0.0000 -1.0000 0.0000 -0.0000 1.0000 0.0000 0.0000 1.0000</float_array>
          <technique_common>
            <accessor source="#part_016-mesh-normals-array" count="144" stride="3">
              <param name="X" type="float"/>
              <param name="Y" type="float"/>
              <param name="Z" type="float"/>
            </accessor>
          </technique_common>
        </source>
        <vertices id="part_016-mesh-vertices">
          <input semantic="POSITION" source="#part_016-mesh-positions"/>
        </vertices>
        <triangles material="mat_0_196_0_000_1_000" count="144">
          <input semantic="VERTEX" source="#part_016-mesh-vertices" offset="0"/>
          <input semantic="NORMAL" source="#part_016-mesh-normals" offset="1"/>
          <p>0 0 1 0 2 0 2 1 1 1 3 1 4 2 5 2 6 2 6 3 5 3 7 3 8 4 9 4 10 4 10 5 9 5 11 5 12 6 13 6 14 6 14 7 13 7 15 7 16 8 17 8 18 8 18 9 17 9 19 9 20 10 21 10 22 10 22 11 21 11 23 11 24 12 25 12 26 12 26 13 25 13 27 13 28 14 29 14 30 14 30 15 29 15 31 15 32 16 33 16 34 16 34 17 33 17 35 17 36 18 37 18 38 18 38 19 37 19 39 19 40 20 41 20 42 20 42 21 41 21 43 21 44 22 45 22 46 22 46 23 45 23 47 23 48 24 49 24 50 24 50 25 49 25 51 25 52 26 53 26 54 26 54 27 53 27 55 27 56 28 57 28 58 28 58 29 57 29 59 29 60 30 61 30 62 30 62 31 61 31 63 31 64 32 65 32 66 32 66 33 65 33 67 33 68 34 69 34 70 34 70 35 69 35 71 35 72 36 73 36 74 36 74 37 73 37 75 37 76 38 77 38 78 38 78 39 77 39 79 39 80 40 81 40 82 40 82 41 81 41 83 41 84 42 85 42 86 42 86 43 85 43 87 43 88 44 89 44 90 44 90 45 89 45 91 45 92 46 93 46 94 46 94 47 93 47 95 47 96 48 97 48 98 48 98 49 97 49 99 49 100 50 101 50 102 50 102 51 101 51 103 51 104 52 105 52 106 52 106 53 105 53 107 53 108 54 109 54 110 54 110 55 109 55 111 55 112 56 113 56 114 56 114 57 113 57 115 57 116 58 117 58 118 58 118 59 117 59 119 59 120 60 121 60 122 60 122 61 121 61 123 61 124 62 125 62 126 62 126 63 125 63 127 63 128 64 129 64 130 64 130 65 129 65 131 65 132 66 133 66 134 66 134 67 133 67 135 67 136 68 137 68 138 68 138 69 137 69 139 69 140 70 141 70 142 70 142 71 141 71 143 71 144 72 145 72 146 72 146 73 145 73 147 73 148 74 149 74 150 74 150 75 149 75 151 75 152 76 153 76 154 76 154 77 153 77 155 77 156 78 157 78 158 78 158 79 157 79 159 79 160 80 161 80 162 80 162 81 161 81 163 81 164 82 165 82 166 82 166 83 165 83 167 83 168 84 169 84 170 84 170 85 169 85 171 85 172 86 173 86 174 86 174 87 173 87 175 87 176 88 177 88 178 88 178 89 177 89 179 89 180 90 181 90 182 90 182 91 181 91 183 91 184 92 185 92 186 92 186 93 185 93 187 93 188 94 189 94 190 94 190 95 189 95 191 95 192 96 193 96 194 96 194 97 193 97 195 97 196 98 197 98 198 98 198 99 197 99 199 99 200 100 201 100 202 100 202 101 201 101 203 101 204 102 205 102 206 102 206 103 205 103 207 103 208 104 209 104 210 104 210 105 209 105 211 105 212 106 213 106 214 106 214 107 213 107 215 107 216 108 217 108 218 108 218 109 217 109 219 109 220 110 221 110 222 110 222 111 221 111 223 111 224 112 225 112 226 112 226 113 225 113 227 113 228 114 229 114 230 114 230 115 229 115 231 115 232 116 233 116 234 116 234 117 233 117 235 117 236 118 237 118 238 118 238 119 237 119 239 119 240 120 241 120 242 120 242 121 241 121 243 121 244 122 245 122 246 122 246 123 245 123 247 123 248 124 249 124 250 124 250 125 249 125 251 125 252 126 253 126 254 126 254 127 253 127 255 127 256 128 257 128 258 128 258 129 257 129 259 129 260 130 261 130 262 130 262 131 261 131 263 131 264 132 265 132 266 132 266 133 265 133 267 133 268 134 269 134 270 134 270 135 269 135 271 135 272 136 273 136 274 136 274 137 273 137 275 137 276 138 277 138 278 138 278 139 277 139 279 139 280 140 281 140 282 140 282 141 281 141 283 141 284 142 285 142 286 142 286 143 285 143 287 143</p>
        </triangles>
      </mesh>
    </geometry>
    <geometry id="part_017-mesh" name="part_017">
      <mesh>
        <source id="part_017-mesh-positions">
          <float_array id="part_017-mesh-positions-array" count="72">2.1500 2.2500 0.6271 2.1500 2.9500 0.6271 1.4500 2.2500 0.6271 1.4500 2.9500 0.6271 1.4500 2.9500 0.6271 2.1500 2.9500 0.6271 1.4500 2.9500 0.6270 2.1500 2.9500 0.6270 2.1500 2.9500 0.6270 2.1500 2.2500 0.6270 1.4500 2.9500 0.6270 1.4500 2.2500 0.6270 2.1500 2.9500 0.6271 2.1500 2.2500 0.6271 2.1500 2.9500 0.6270 2.1500 2.2500 0.6270 2.1500 2.2500 0.6271 1.4500 2.2500 0.6271 2.1500 2.2500 0.6270 1.4500 2.2500 0.6270 1.4500 2.2500 0.6271 1.4500 2.9500 0.6271 1.4500 2.2500 0.6270 1.4500 2.9500 0.6270</float_array>
          <technique_common>
            <accessor source="#part_017-mesh-positions-array" count="24" stride="3">
              <param name="X" type="float"/>
              <param name="Y" type="float"/>
              <param name="Z" type="float"/>
            </accessor>
          </technique_common>
        </source>
        <source id="part_017-mesh-normals">
          <float_array id="part_017-mesh-normals-array" count="36">0.0000 -0.0000 1.0000 0.0000 0.0000 1.0000 -0.0000 1.0000 0.0000 0.0000 1.0000 0.0000 -0.0000 -0.0000 -1.0000 0.0000 0.0000 -1.0000 1.0000 0.0000 0.0000 1.0000 0.0000 0.0000 -0.0000 -1.0000 -0.0000 0.0000 -1.0000 0.0000 -1.0000 0.0000 0.0000 -1.0000 0.0000 0.0000</float_array>
          <technique_common>
            <accessor source="#part_017-mesh-normals-array" count="12" stride="3">
              <param name="X" type="float"/>
              <param name="Y" type="float"/>
              <param name="Z" type="float"/>
            </accessor>
          </technique_common>
        </source>
        <vertices id="part_017-mesh-vertices">
          <input semantic="POSITION" source="#part_017-mesh-positions"/>
        </vertices>
        <triangles material="mat_0_196_0_000_1_000" count="12">
          <input semantic="VERTEX" source="#part_017-mesh-vertices" offset="0"/>
          <input semantic="NORMAL" source="#part_017-mesh-normals" offset="1"/>
          <p>0 0 1 0 2 0 2 1 1 1 3 1 4 2 5 2 6 2 6 3 5 3 7 3 8 4 9 4 10 4 10 5 9 5 11 5 12 6 13 6 14 6 14 7 13 7 15 7 16 8 17 8 18 8 18 9 17 9 19 9 20 10 21 10 22 10 22 11 21 11 23 11</p>
        </triangles>
      </mesh>
    </geometry>
    <geometry id="part_018-mesh" name="part_018">
      <mesh>
        <source id="part_018-mesh-positions">
          <float_array id="part_018-mesh-positions-array" count="72">3.0000 -3.0000 0.6249 -3.0000 -3.0000 0.6249 3.0000 -3.0000 0.0250 -3.0000 -3.0000 0.0250 -3.0000 -3.0000 0.6249 -3.0000 3.0000 0.6249 -3.0000 -3.0000 0.0250 -3.0000 3.0000 0.0250 3.0000 3.0000 0.6249 3.0000 -3.0000 0.6249 3.0000 3.0000 0.0250 3.0000 -3.0000 0.0250 -3.0000 3.0000 0.6249 3.0000 3.0000 0.6249 -3.0000 3.0000 0.0250 3.0000 3.0000 0.0250 3.0000 -3.0000 0.6249 3.0000 3.0000 0.6249 -3.0000 -3.0000 0.6249 -3.0000 3.0000 0.6249 3.0000 3.0000 0.0250 3.0000 -3.0000 0.0250 -3.0000 3.0000 0.0250 -3.0000 -3.0000 0.0250</float_array>
          <technique_common>
            <accessor source="#part_018-mesh-positions-array" count="24" stride="3">
              <param name="X" type="float"/>
              <param name="Y" type="float"/>
              <param name="Z" type="float"/>
            </accessor>
          </technique_common>
        </source>
        <source id="part_018-mesh-normals">
          <float_array id="part_018-mesh-normals-array" count="36">-0.0000 -1.0000 -0.0000 0.0000 -1.0000 0.0000 -1.0000 0.0000 0.0000 -1.0000 0.0000 0.0000 1.0000 0.0000 0.0000 1.0000 0.0000 0.0000 -0.0000 1.0000 0.0000 0.0000 1.0000 0.0000 0.0000 -0.0000 1.0000 0.0000 0.0000 1.0000 -0.0000 -0.0000 -1.0000 0.0000 0.0000 -1.0000</float_array>
          <technique_common>
            <accessor source="#part_018-mesh-normals-array" count="12" stride="3">
              <param name="X" type="float"/>
              <param name="Y" type="float"/>
              <param name="Z" type="float"/>
            </accessor>
          </technique_common>
        </source>
        <vertices id="part_018-mesh-vertices">
          <input semantic="POSITION" source="#part_018-mesh-positions"/>
        </vertices>
        <triangles material="mat_0_745_0_745_0_726" count="12">
          <input semantic="VERTEX" source="#part_018-mesh-vertices" offset="0"/>
          <input semantic="NORMAL" source="#part_018-mesh-normals" offset="1"/>
          <p>0 0 1 0 2 0 2 1 1 1 3 1 4 2 5 2 6 2 6 3 5 3 7 3 8 4 9 4 10 4 10 5 9 5 11 5 12 6 13 6 14 6 14 7 13 7 15 7 16 8 17 8 18 8 18 9 17 9 19 9 20 10 21 10 22 10 22 11 21 11 23 11</p>
        </triangles>
      </mesh>
    </geometry>
    <geometry id="part_019-mesh" name="part_019">
      <mesh>
        <source id="part_019-mesh-positions">
          <float_array id="part_019-mesh-positions-array" count="156">-3.0000 -3.0000 0.6260 -3.0000 3.0000 0.6260 -3.0000 -3.0000 0.6259 -3.0000 3.0000 0.6259 -3.0000 3.0000 0.6259 -0.5000 3.0000 0.6259 -3.0000 -3.0000 0.6259 -0.5000 2.2000 0.6259 -0.5000 -3.0000 0.6259 -3.0000 -3.0000 0.6259 -0.5000 -2.2000 0.6259 -0.5000 2.2000 0.6259 0.0000 -2.2000 0.6259 0.0000 2.2000 0.6259 -0.5000 3.0000 0.6260 -0.5000 2.2000 0.6260 -0.5000 3.0000 0.6259 -0.5000 2.2000 0.6259 -0.5000 2.2000 0.6260 0.0000 2.2000 0.6260 -0.5000 2.2000 0.6259 0.0000 2.2000 0.6259 -0.5000 -3.0000 0.6260 -3.0000 -3.0000 0.6260 -0.5000 -3.0000 0.6259 -3.0000 -3.0000 0.6259 -3.0000 -3.0000 0.6260 -0.5000 -3.0000 0.6260 -3.0000 3.0000 0.6260 -0.5000 -2.2000 0.6260 -0.5000 3.0000 0.6260 -3.0000 3.0000 0.6260 -0.5000 2.2000 0.6260 -0.5000 -2.2000 0.6260 0.0000 2.2000 0.6260 0.0000 -2.2000 0.6260 -3.0000 3.0000 0.6260 -0.5000 3.0000 0.6260 -3.0000 3.0000 0.6259 -0.5000 3.0000 0.6259 -0.5000 -2.2000 0.6260 -0.5000 -3.0000 0.6260 -0.5000 -2.2000 0.6259 -0.5000 -3.0000 0.6259 0.0000 2.2000 0.6260 0.0000 -2.2000 0.6260 0.0000 2.2000 0.6259 0.0000 -2.2000 0.6259 0.0000 -2.2000 0.6260 -0.5000 -2.2000 0.6260 0.0000 -2.2000 0.6259 -0.5000 -2.2000 0.6259</float_array>
          <technique_common>
            <accessor source="#part_019-mesh-positions-array" count="52" stride="3">
              <param name="X" type="float"/>
              <param name="Y" type="float"/>
              <param name="Z" type="float"/>
            </accessor>
          </technique_common>
        </source>
        <source id="part_019-mesh-normals">
          <float_array id="part_019-mesh-normals-array" count="84">-1.0000 0.0000 0.0000 -1.0000 0.0000 0.0000 0.0000 0.0000 -1.0000 0.0000 0.0000 -1.0000 0.0000 0.0000 -1.0000 -0.0000 0.0000 -1.0000 0.0000 0.0000 -1.0000 0.0000 0.0000 -1.0000 1.0000 0.0000 0.0000 1.0000 0.0000 0.0000 -0.0000 1.0000 0.0000 0.0000 1.0000 0.0000 -0.0000 -1.0000 -0.0000 0.0000 -1.0000 0.0000 0.0000 0.0000 1.0000 0.0000 0.0000 1.0000 0.0000 0.0000 1.0000 0.0000 0.0000 1.0000 -0.0000 0.0000 1.0000 0.0000 0.0000 1.0000 -0.0000 1.0000 0.0000 0.0000 1.0000 0.0000 1.0000 0.0000 0.0000 1.0000 0.0000 0.0000 1.0000 0.0000 0.0000 1.0000 0.0000 0.0000 -0.0000 -1.0000 -0.0000 0.0000 -1.0000 0.0000</float_array>
          <technique_common>
            <accessor source="#part_019-mesh-normals-array" count="28" stride="3">
              <param name="X" type="float"/>
              <param name="Y" type="float"/>
              <param name="Z" type="float"/>
            </accessor>
          </technique_common>
        </source>
        <vertices id="part_019-mesh-vertices">
          <input semantic="POSITION" source="#part_019-mesh-positions"/>
        </vertices>
        <triangles material="mat_0_922_0_706_0_627" count="28">
          <input semantic="VERTEX" source="#part_019-mesh-vertices" offset="0"/>
          <input semantic="NORMAL" source="#part_019-mesh-normals" offset="1"/>
          <p>0 0 1 0 2 0 2 1 1 1 3 1 4 2 5 2 6 2 6 3 5 3 7 3 8 4 9 4 10 4 10 5 9 5 11 5 10 6 11 6 12 6 12 7 11 7 13 7 14 8 15 8 16 8 16 9 15 9 17 9 18 10 19 10 20 10 20 11 19 11 21 11 22 12 23 12 24 12 24 13 23 13 25 13 26 14 27 14 28 14 28 15 27 15 29 15 30 16 31 16 32 16 32 17 31 17 33 17 32 18 33 18 34 18 34 19 33 19 35 19 36 20 37 20 38 20 38 21 37 21 39 21 40 22 41 22 42 22 42 23 41 23 43 23 44 24 45 24 46 24 46 25 45 25 47 25 48 26 49 26 50 26 50 27 49 27 51 27</p>
        </triangles>
      </mesh>
    </geometry>
    <geometry id="part_020-mesh" name="part_020">
      <mesh>
        <source id="part_020-mesh-positions">
          <float_array id="part_020-mesh-positions-array" count="72">0.2500 -2.9500 0.6280 -0.2500 -2.9500 0.6280 0.2500 -2.9500 0.6279 -0.2500 -2.9500 0.6279 -0.2500 -2.9500 0.6280 -0.2500 -2.4500 0.6280 -0.2500 -2.9500 0.6279 -0.2500 -2.4500 0.6279 -0.2500 -2.4500 0.6280 -0.2500 -2.9500 0.6280 0.2500 -2.4500 0.6280 0.2500 -2.9500 0.6280 -0.2500 -2.9500 0.6279 -0.2500 -2.4500 0.6279 0.2500 -2.9500 0.6279 0.2500 -2.4500 0.6279 -0.2500 -2.4500 0.6280 0.2500 -2.4500 0.6280 -0.2500 -2.4500 0.6279 0.2500 -2.4500 0.6279 0.2500 -2.4500 0.6280 0.2500 -2.9500 0.6280 0.2500 -2.4500 0.6279 0.2500 -2.9500 0.6279</float_array>
          <technique_common>
            <accessor source="#part_020-mesh-positions-array" count="24" stride="3">
              <param name="X" type="float"/>
              <param name="Y" type="float"/>
              <param name="Z" type="float"/>
            </accessor>
          </technique_common>
        </source>
        <source id="part_020-mesh-normals">
          <float_array id="part_020-mesh-normals-array" count="36">-0.0000 -1.0000 -0.0000 0.0000 -1.0000 0.0000 -1.0000 0.0000 0.0000 -1.0000 0.0000 0.0000 -0.0000 0.0000 1.0000 0.0000 0.0000 1.0000 0.0000 0.0000 -1.0000 0.0000 0.0000 -1.0000 -0.0000 1.0000 0.0000 0.0000 1.0000 0.0000 1.0000 0.0000 0.0000 1.0000 0.0000 0.0000</float_array>
          <technique_common>
            <accessor source="#part_020-mesh-normals-array" count="12" stride="3">
              <param name="X" type="float"/>
              <param name="Y" type="float"/>
              <param name="Z" type="float"/>
            </accessor>
          </technique_common>
        </source>
        <vertices id="part_020-mesh-vertices">
          <input semantic="POSITION" source="#part_020-mesh-positions"/>
        </vertices>
        <triangles material="mat_0_157_0_392_0_196" count="12">
          <input semantic="VERTEX" source="#part_020-mesh-vertices" offset="0"/>
          <input semantic="NORMAL" source="#part_020-mesh-normals" offset="1"/>
          <p>0 0 1 0 2 0 2 1 1 1 3 1 4 2 5 2 6 2 6 3 5 3 7 3 8 4 9 4 10 4 10 5 9 5 11 5 12 6 13 6 14 6 14 7 13 7 15 7 16 8 17 8 18 8 18 9 17 9 19 9 20 10 21 10 22 10 22 11 21 11 23 11</p>
        </triangles>
      </mesh>
    </geometry>
    <geometry id="part_021-mesh" name="part_021">
      <mesh>
        <source id="part_021-mesh-positions">
          <float_array id="part_021-mesh-positions-array" count="72">0.2500 2.4500 0.6280 -0.2500 2.4500 0.6280 0.2500 2.4500 0.6279 -0.2500 2.4500 0.6279 -0.2500 2.4500 0.6280 -0.2500 2.9500 0.6280 -0.2500 2.4500 0.6279 -0.2500 2.9500 0.6279 -0.2500 2.9500 0.6280 -0.2500 2.4500 0.6280 0.2500 2.9500 0.6280 0.2500 2.4500 0.6280 -0.2500 2.4500 0.6279 -0.2500 2.9500 0.6279 0.2500 2.4500 0.6279 0.2500 2.9500 0.6279 -0.2500 2.9500 0.6280 0.2500 2.9500 0.6280 -0.2500 2.9500 0.6279 0.2500 2.9500 0.6279 0.2500 2.9500 0.6280 0.2500 2.4500 0.6280 0.2500 2.9500 0.6279 0.2500 2.4500 0.6279</float_array>
          <technique_common>
            <accessor source="#part_021-mesh-positions-array" count="24" stride="3">
              <param name="X" type="float"/>
              <param name="Y" type="float"/>
              <param name="Z" type="float"/>
            </accessor>
          </technique_common>
        </source>
        <source id="part_021-mesh-normals">
          <float_array id="part_021-mesh-normals-array" count="36">-0.0000 -1.0000 -0.0000 0.0000 -1.0000 0.0000 -1.0000 0.0000 0.0000 -1.0000 0.0000 0.0000 -0.0000 0.0000 1.0000 0.0000 0.0000 1.0000 0.0000 0.0000 -1.0000 0.0000 0.0000 -1.0000 -0.0000 1.0000 0.0000 0.0000 1.0000 0.0000 1.0000 0.0000 0.0000 1.0000 0.0000 0.0000</float_array>
          <technique_common>
            <accessor source="#part_021-mesh-normals-array" count="12" stride="3">
              <param name="X" type="float"/>
              <param name="Y" type="float"/>
              <param name="Z" type="float"/>
            </accessor>
          </technique_common>
        </source>
        <vertices id="part_021-mesh-vertices">
          <input semantic="POSITION" source="#part_021-mesh-positions"/>
        </vertices>
        <triangles material="mat_0_157_0_392_0_196" count="12">
          <input semantic="VERTEX" source="#part_021-mesh-vertices" offset="0"/>
          <input semantic="NORMAL" source="#part_021-mesh-normals" offset="1"/>
          <p>0 0 1 0 2 0 2 1 1 1 3 1 4 2 5 2 6 2 6 3 5 3 7 3 8 4 9 4 10 4 10 5 9 5 11 5 12 6 13 6 14 6 14 7 13 7 15 7 16 8 17 8 18 8 18 9 17 9 19 9 20 10 21 10 22 10 22 11 21 11 23 11</p>
        </triangles>
      </mesh>
    </geometry>
    <geometry id="part_022-mesh" name="part_022">
      <mesh>
        <source id="part_022-mesh-positions">
          <float_array id="part_022-mesh-positions-array" count="14472">0.0000 4.3500 0.5686 -0.0092 4.3496 0.5686 -0.0092 4.3496 0.5695 0.0000 4.3500 0.5686 -0.0089 4.3496 0.5712 -0.0086 4.3496 0.5720 -0.0091 4.3496 0.5703 -0.0089 4.3496 0.5712 0.0000 4.3500 0.5686 -0.0092 4.3496 0.5695 -0.0091 4.3496 0.5703 0.0000 4.3500 0.5686 0.0000 4.3500 0.5686 -0.0078 4.3496 0.5735 -0.0074 4.3496 0.5742 -0.0083 4.3496 0.5728 -0.0078 4.3496 0.5735 0.0000 4.3500 0.5686 -0.0086 4.3496 0.5720 -0.0083 4.3496 0.5728 0.0000 4.3500 0.5686 0.0000 4.3500 0.5686 -0.0062 4.3496 0.5755 -0.0056 4.3496 0.5760 -0.0068 4.3496 0.5749 -0.0062 4.3496 0.5755 0.0000 4.3500 0.5686 -0.0074 4.3496 0.5742 -0.0068 4.3496 0.5749 0.0000 4.3500 0.5686 0.0000 4.3500 0.5686 -0.0041 4.3496 0.5769 -0.0033 4.3496 0.5772 -0.0049 4.3496 0.5765 -0.0041 4.3496 0.5769 0.0000 4.3500 0.5686 -0.0056 4.3496 0.5760 -0.0049 4.3496 0.5765 0.0000 4.3500 0.5686 0.0000 4.3500 0.5686 -0.0017 4.3496 0.5777 -0.0009 4.3496 0.5778 -0.0025 4.3496 0.5775 -0.0017 4.3496 0.5777 0.0000 4.3500 0.5686 -0.0033 4.3496 0.5772 -0.0025 4.3496 0.5775 0.0000 4.3500 0.5686 0.0000 4.3500 0.5686 0.0009 4.3496 0.5778 0.0017 4.3496 0.5777 0.0000 4.3496 0.5779 0.0009 4.3496 0.5778 0.0000 4.3500 0.5686 -0.0009 4.3496 0.5778 0.0000 4.3496 0.5779 0.0000 4.3500 0.5686 0.0000 4.3500 0.5686 0.0033 4.3496 0.5772 0.0041 4.3496 0.5769 0.0025 4.3496 0.5775 0.0033 4.3496 0.5772 0.0000 4.3500 0.5686 0.0017 4.3496 0.5777 0.0025 4.3496 0.5775 0.0000 4.3500 0.5686 0.0000 4.3500 0.5686 0.0056 4.3496 0.5760 0.0062 4.3496 0.5755 0.0049 4.3496 0.5765 0.0056 4.3496 0.5760 0.0000 4.3500 0.5686 0.0041 4.3496 0.5769 0.0049 4.3496 0.5765 0.0000 4.3500 0.5686 0.0000 4.3500 0.5686 0.0074 4.3496 0.5742 0.0078 4.3496 0.5735 0.0068 4.3496 0.5749 0.0074 4.3496 0.5742 0.0000 4.3500 0.5686 0.0062 4.3496 0.5755 0.0068 4.3496 0.5749 0.0000 4.3500 0.5686 0.0000 4.3500 0.5686 0.0086 4.3496 0.5720 0.0089 4.3496 0.5712 0.0083 4.3496 0.5728 0.0086 4.3496 0.5720 0.0000 4.3500 0.5686 0.0078 4.3496 0.5735 0.0083 4.3496 0.5728 0.0000 4.3500 0.5686 0.0000 4.3500 0.5686 0.0092 4.3496 0.5695 0.0092 4.3496 0.5686 0.0091 4.3496 0.5703 0.0092 4.3496 0.5695 0.0000 4.3500 0.5686 0.0089 4.3496 0.5712 0.0091 4.3496 0.5703 0.0000 4.3500 0.5686 0.0000 4.3500 0.5686 0.0091 4.3496 0.5669 0.0089 4.3496 0.5661 0.0092 4.3496 0.5678 0.0091 4.3496 0.5669 0.0000 4.3500 0.5686 0.0092 4.3496 0.5686 0.0092 4.3496 0.5678 0.0000 4.3500 0.5686 0.0000 4.3500 0.5686 0.0083 4.3496 0.5645 0.0078 4.3496 0.5638 0.0086 4.3496 0.5653 0.0083 4.3496 0.5645 0.0000 4.3500 0.5686 0.0089 4.3496 0.5661 0.0086 4.3496 0.5653 0.0000 4.3500 0.5686 0.0000 4.3500 0.5686 0.0068 4.3496 0.5624 0.0062 4.3496 0.5618 0.0074 4.3496 0.5631 0.0068 4.3496 0.5624 0.0000 4.3500 0.5686 0.0078 4.3496 0.5638 0.0074 4.3496 0.5631 0.0000 4.3500 0.5686 0.0000 4.3500 0.5686 0.0049 4.3496 0.5608 0.0041 4.3496 0.5604 0.0056 4.3496 0.5613 0.0049 4.3496 0.5608 0.0000 4.3500 0.5686 0.0062 4.3496 0.5618 0.0056 4.3496 0.5613 0.0000 4.3500 0.5686 0.0000 4.3500 0.5686 0.0025 4.3496 0.5598 0.0017 4.3496 0.5596 0.0033 4.3496 0.5600 0.0025 4.3496 0.5598 0.0000 4.3500 0.5686 0.0041 4.3496 0.5604 0.0033 4.3496 0.5600 0.0000 4.3500 0.5686 0.0000 4.3500 0.5686 0.0000 4.3496 0.5594 -0.0009 4.3496 0.5595 0.0009 4.3496 0.5595 0.0000 4.3496 0.5594 0.0000 4.3500 0.5686 0.0017 4.3496 0.5596 0.0009 4.3496 0.5595 0.0000 4.3500 0.5686 0.0000 4.3500 0.5686 -0.0025 4.3496 0.5598 -0.0033 4.3496 0.5600 -0.0017 4.3496 0.5596 -0.0025 4.3496 0.5598 0.0000 4.3500 0.5686 -0.0009 4.3496 0.5595 -0.0017 4.3496 0.5596 0.0000 4.3500 0.5686 0.0000 4.3500 0.5686 -0.0049 4.3496 0.5608 -0.0056 4.3496 0.5613 -0.0041 4.3496 0.5604 -0.0049 4.3496 0.5608 0.0000 4.3500 0.5686 -0.0033 4.3496 0.5600 -0.0041 4.3496 0.5604 0.0000 4.3500 0.5686 0.0000 4.3500 0.5686 -0.0068 4.3496 0.5624 -0.0074 4.3496 0.5631 -0.0062 4.3496 0.5618 -0.0068 4.3496 0.5624 0.0000 4.3500 0.5686 -0.0056 4.3496 0.5613 -0.0062 4.3496 0.5618 0.0000 4.3500 0.5686 0.0000 4.3500 0.5686 -0.0083 4.3496 0.5645 -0.0086 4.3496 0.5653 -0.0078 4.3496 0.5638 -0.0083 4.3496 0.5645 0.0000 4.3500 0.5686 -0.0074 4.3496 0.5631 -0.0078 4.3496 0.5638 0.0000 4.3500 0.5686 0.0000 4.3500 0.5686 -0.0091 4.3496 0.5669 -0.0092 4.3496 0.5678 -0.0089 4.3496 0.5661 -0.0091 4.3496 0.5669 0.0000 4.3500 0.5686 -0.0086 4.3496 0.5653 -0.0089 4.3496 0.5661 0.0000 4.3500 0.5686 -0.0092 4.3496 0.5678 -0.0092 4.3496 0.5686 0.0000 4.3500 0.5686 -0.0092 4.3496 0.5686 -0.0183 4.3483 0.5703 -0.0092 4.3496 0.5695 -0.0181 4.3483 0.5720 -0.0091 4.3496 0.5703 -0.0177 4.3483 0.5737 -0.0089 4.3496 0.5712 -0.0171 4.3483 0.5753 -0.0086 4.3496 0.5720 -0.0164 4.3483 0.5768 -0.0083 4.3496 0.5728 -0.0156 4.3483 0.5783 -0.0078 4.3496 0.5735 -0.0147 4.3483 0.5797 -0.0074 4.3496 0.5742 -0.0136 4.3483 0.5810 -0.0068 4.3496 0.5749 -0.0124 4.3483 0.5822 -0.0062 4.3496 0.5755 -0.0111 4.3483 0.5833 -0.0056 4.3496 0.5760 -0.0097 4.3483 0.5843 -0.0049 4.3496 0.5765 -0.0082 4.3483 0.5851 -0.0041 4.3496 0.5769 -0.0066 4.3483 0.5858 -0.0033 4.3496 0.5772 -0.0050 4.3483 0.5863 -0.0025 4.3496 0.5775 -0.0034 4.3483 0.5867 -0.0017 4.3496 0.5777 -0.0017 4.3483 0.5869 -0.0009 4.3496 0.5778 0.0000 4.3483 0.5870 0.0000 4.3496 0.5779 0.0017 4.3483 0.5869 0.0009 4.3496 0.5778 0.0034 4.3483 0.5867 0.0017 4.3496 0.5777 0.0050 4.3483 0.5863 0.0025 4.3496 0.5775 0.0066 4.3483 0.5858 0.0033 4.3496 0.5772 0.0082 4.3483 0.5851 0.0041 4.3496 0.5769 0.0097 4.3483 0.5843 0.0049 4.3496 0.5765 0.0111 4.3483 0.5833 0.0056 4.3496 0.5760 0.0124 4.3483 0.5822 0.0062 4.3496 0.5755 0.0136 4.3483 0.5810 0.0068 4.3496 0.5749 0.0147 4.3483 0.5797 0.0074 4.3496 0.5742 0.0156 4.3483 0.5783 0.0078 4.3496 0.5735 0.0164 4.3483 0.5768 0.0083 4.3496 0.5728 0.0171 4.3483 0.5753 0.0086 4.3496 0.5720 0.0177 4.3483 0.5737 0.0089 4.3496 0.5712 0.0181 4.3483 0.5720 0.0091 4.3496 0.5703 0.0183 4.3483 0.5703 0.0092 4.3496 0.5695 0.0184 4.3483 0.5686 0.0092 4.3496 0.5686 0.0183 4.3483 0.5669 0.0092 4.3496 0.5678 0.0181 4.3483 0.5653 0.0091 4.3496 0.5669 0.0177 4.3483 0.5636 0.0089 4.3496 0.5661 0.0171 4.3483 0.5620 0.0086 4.3496 0.5653 0.0164 4.3483 0.5604 0.0083 4.3496 0.5645 0.0156 4.3483 0.5590 0.0078 4.3496 0.5638 0.0147 4.3483 0.5576 0.0074 4.3496 0.5631 0.0136 4.3483 0.5563 0.0068 4.3496 0.5624 0.0124 4.3483 0.5551 0.0062 4.3496 0.5618 0.0111 4.3483 0.5540 0.0056 4.3496 0.5613 0.0097 4.3483 0.5530 0.0049 4.3496 0.5608 0.0082 4.3483 0.5522 0.0041 4.3496 0.5604 0.0066 4.3483 0.5515 0.0033 4.3496 0.5600 0.0050 4.3483 0.5510 0.0025 4.3496 0.5598 0.0034 4.3483 0.5506 0.0017 4.3496 0.5596 0.0017 4.3483 0.5503 0.0009 4.3496 0.5595 0.0000 4.3483 0.5503 0.0000 4.3496 0.5594 -0.0017 4.3483 0.5503 -0.0009 4.3496 0.5595 -0.0034 4.3483 0.5506 -0.0017 4.3496 0.5596 -0.0050 4.3483 0.5510 -0.0025 4.3496 0.5598 -0.0066 4.3483 0.5515 -0.0033 4.3496 0.5600 -0.0082 4.3483 0.5522 -0.0041 4.3496 0.5604 -0.0097 4.3483 0.5530 -0.0049 4.3496 0.5608 -0.0111 4.3483 0.5540 -0.0056 4.3496 0.5613 -0.0124 4.3483 0.5551 -0.0062 4.3496 0.5618 -0.0136 4.3483 0.5563 -0.0068 4.3496 0.5624 -0.0147 4.3483 0.5576 -0.0074 4.3496 0.5631 -0.0156 4.3483 0.5590 -0.0078 4.3496 0.5638 -0.0164 4.3483 0.5604 -0.0083 4.3496 0.5645 -0.0171 4.3483 0.5620 -0.0086 4.3496 0.5653 -0.0177 4.3483 0.5636 -0.0089 4.3496 0.5661 -0.0181 4.3483 0.5653 -0.0091 4.3496 0.5669 -0.0183 4.3483 0.5669 -0.0092 4.3496 0.5678 -0.0184 4.3483 0.5686 -0.0092 4.3496 0.5686 -0.0183 4.3483 0.5703 -0.0184 4.3483 0.5686 -0.0272 4.3462 0.5712 -0.0183 4.3483 0.5703 -0.0269 4.3462 0.5737 -0.0181 4.3483 0.5720 -0.0263 4.3462 0.5761 -0.0177 4.3483 0.5737 -0.0255 4.3462 0.5785 -0.0171 4.3483 0.5753 -0.0245 4.3462 0.5808 -0.0164 4.3483 0.5768 -0.0233 4.3462 0.5830 -0.0156 4.3483 0.5783 -0.0218 4.3462 0.5851 -0.0147 4.3483 0.5797 -0.0202 4.3462 0.5871 -0.0136 4.3483 0.5810 -0.0184 4.3462 0.5889 -0.0124 4.3483 0.5822 -0.0165 4.3462 0.5905 -0.0111 4.3483 0.5833 -0.0144 4.3462 0.5919 -0.0097 4.3483 0.5843 -0.0122 4.3462 0.5931 -0.0082 4.3483 0.5851 -0.0099 4.3462 0.5942 -0.0066 4.3483 0.5858 -0.0075 4.3462 0.5950 -0.0050 4.3483 0.5863 -0.0050 4.3462 0.5955 -0.0034 4.3483 0.5867 -0.0025 4.3462 0.5959 -0.0017 4.3483 0.5869 0.0000 4.3462 0.5960 0.0000 4.3483 0.5870 0.0025 4.3462 0.5959 0.0017 4.3483 0.5869 0.0050 4.3462 0.5955 0.0034 4.3483 0.5867 0.0075 4.3462 0.5950 0.0050 4.3483 0.5863 0.0099 4.3462 0.5942 0.0066 4.3483 0.5858 0.0122 4.3462 0.5931 0.0082 4.3483 0.5851 0.0144 4.3462 0.5919 0.0097 4.3483 0.5843 0.0165 4.3462 0.5905 0.0111 4.3483 0.5833 0.0184 4.3462 0.5889 0.0124 4.3483 0.5822 0.0202 4.3462 0.5871 0.0136 4.3483 0.5810 0.0218 4.3462 0.5851 0.0147 4.3483 0.5797 0.0233 4.3462 0.5830 0.0156 4.3483 0.5783 0.0245 4.3462 0.5808 0.0164 4.3483 0.5768 0.0255 4.3462 0.5785 0.0171 4.3483 0.5753 0.0263 4.3462 0.5761 0.0177 4.3483 0.5737 0.0269 4.3462 0.5737 0.0181 4.3483 0.5720 0.0272 4.3462 0.5712 0.0183 4.3483 0.5703 0.0274 4.3462 0.5686 0.0184 4.3483 0.5686 0.0272 4.3462 0.5661 0.0183 4.3483 0.5669 0.0269 4.3462 0.5636 0.0181 4.3483 0.5653 0.0263 4.3462 0.5612 0.0177 4.3483 0.5636 0.0255 4.3462 0.5588 0.0171 4.3483 0.5620 0.0245 4.3462 0.5564 0.0164 4.3483 0.5604 0.0233 4.3462 0.5542 0.0156 4.3483 0.5590 0.0218 4.3462 0.5521 0.0147 4.3483 0.5576 0.0202 4.3462 0.5502 0.0136 4.3483 0.5563 0.0184 4.3462 0.5484 0.0124 4.3483 0.5551 0.0165 4.3462 0.5468 0.0111 4.3483 0.5540 0.0144 4.3462 0.5454 0.0097 4.3483 0.5530 0.0122 4.3462 0.5441 0.0082 4.3483 0.5522 0.0099 4.3462 0.5431 0.0066 4.3483 0.5515 0.0075 4.3462 0.5423 0.0050 4.3483 0.5510 0.0050 4.3462 0.5417 0.0034 4.3483 0.5506 0.0025 4.3462 0.5414 0.0017 4.3483 0.5503 0.0000 4.3462 0.5413 0.0000 4.3483 0.5503 -0.0025 4.3462 0.5414 -0.0017 4.3483 0.5503 -0.0050 4.3462 0.5417 -0.0034 4.3483 0.5506 -0.0075 4.3462 0.5423 -0.0050 4.3483 0.5510 -0.0099 4.3462 0.5431 -0.0066 4.3483 0.5515 -0.0122 4.3462 0.5441 -0.0082 4.3483 0.5522 -0.0144 4.3462 0.5454 -0.0097 4.3483 0.5530 -0.0165 4.3462 0.5468 -0.0111 4.3483 0.5540 -0.0184 4.3462 0.5484 -0.0124 4.3483 0.5551 -0.0202 4.3462 0.5502 -0.0136 4.3483 0.5563 -0.0218 4.3462 0.5521 -0.0147 4.3483 0.5576 -0.0233 4.3462 0.5542 -0.0156 4.3483 0.5590 -0.0245 4.3462 0.5564 -0.0164 4.3483 0.5604 -0.0255 4.3462 0.5588 -0.0171 4.3483 0.5620 -0.0263 4.3462 0.5612 -0.0177 4.3483 0.5636 -0.0269 4.3462 0.5636 -0.0181 4.3483 0.5653 -0.0272 4.3462 0.5661 -0.0183 4.3483 0.5669 -0.0274 4.3462 0.5686 -0.0184 4.3483 0.5686 -0.0272 4.3462 0.5712 -0.0274 4.3462 0.5686 -0.0360 4.3432 0.5720 -0.0272 4.3462 0.5712 -0.0355 4.3432 0.5753 -0.0269 4.3462 0.5737 -0.0347 4.3432 0.5785 -0.0263 4.3462 0.5761 -0.0337 4.3432 0.5817 -0.0255 4.3462 0.5785 -0.0323 4.3432 0.5847 -0.0245 4.3462 0.5808 -0.0307 4.3432 0.5877 -0.0233 4.3462 0.5830 -0.0288 4.3432 0.5904 -0.0218 4.3462 0.5851 -0.0267 4.3432 0.5930 -0.0202 4.3462 0.5871 -0.0243 4.3432 0.5953 -0.0184 4.3462 0.5889 -0.0218 4.3432 0.5975 -0.0165 4.3462 0.5905 -0.0190 4.3432 0.5994 -0.0144 4.3462 0.5919 -0.0161 4.3432 0.6010 -0.0122 4.3462 0.5931 -0.0131 4.3432 0.6023 -0.0099 4.3462 0.5942 -0.0099 4.3432 0.6034 -0.0075 4.3462 0.5950 -0.0066 4.3432 0.6041 -0.0050 4.3462 0.5955 -0.0033 4.3432 0.6046 -0.0025 4.3462 0.5959 0.0000 4.3432 0.6048 0.0000 4.3462 0.5960 0.0033 4.3432 0.6046 0.0025 4.3462 0.5959 0.0066 4.3432 0.6041 0.0050 4.3462 0.5955 0.0099 4.3432 0.6034 0.0075 4.3462 0.5950 0.0131 4.3432 0.6023 0.0099 4.3462 0.5942 0.0161 4.3432 0.6010 0.0122 4.3462 0.5931 0.0190 4.3432 0.5994 0.0144 4.3462 0.5919 0.0218 4.3432 0.5975 0.0165 4.3462 0.5905 0.0243 4.3432 0.5953 0.0184 4.3462 0.5889 0.0267 4.3432 0.5930 0.0202 4.3462 0.5871 0.0288 4.3432 0.5904 0.0218 4.3462 0.5851 0.0307 4.3432 0.5877 0.0233 4.3462 0.5830 0.0323 4.3432 0.5847 0.0245 4.3462 0.5808 0.0337 4.3432 0.5817 0.0255 4.3462 0.5785 0.0347 4.3432 0.5785 0.0263 4.3462 0.5761 0.0355 4.3432 0.5753 0.0269 4.3462 0.5737 0.0360 4.3432 0.5720 0.0272 4.3462 0.5712 0.0361 4.3432 0.5686 0.0274 4.3462 0.5686 0.0360 4.3432 0.5653 0.0272 4.3462 0.5661 0.0355 4.3432 0.5620 0.0269 4.3462 0.5636 0.0347 4.3432 0.5588 0.0263 4.3462 0.5612 0.0337 4.3432 0.5556 0.0255 4.3462 0.5588 0.0323 4.3432 0.5525 0.0245 4.3462 0.5564 0.0307 4.3432 0.5496 0.0233 4.3462 0.5542 0.0288 4.3432 0.5469 0.0218 4.3462 0.5521 0.0267 4.3432 0.5443 0.0202 4.3462 0.5502 0.0243 4.3432 0.5419 0.0184 4.3462 0.5484 0.0218 4.3432 0.5398 0.0165 4.3462 0.5468 0.0190 4.3432 0.5379 0.0144 4.3462 0.5454 0.0161 4.3432 0.5363 0.0122 4.3462 0.5441 0.0131 4.3432 0.5350 0.0099 4.3462 0.5431 0.0099 4.3432 0.5339 0.0075 4.3462 0.5423 0.0066 4.3432 0.5331 0.0050 4.3462 0.5417 0.0033 4.3432 0.5327 0.0025 4.3462 0.5414 0.0000 4.3432 0.5325 0.0000 4.3462 0.5413 -0.0033 4.3432 0.5327 -0.0025 4.3462 0.5414 -0.0066 4.3432 0.5331 -0.0050 4.3462 0.5417 -0.0099 4.3432 0.5339 -0.0075 4.3462 0.5423 -0.0131 4.3432 0.5350 -0.0099 4.3462 0.5431 -0.0161 4.3432 0.5363 -0.0122 4.3462 0.5441 -0.0190 4.3432 0.5379 -0.0144 4.3462 0.5454 -0.0218 4.3432 0.5398 -0.0165 4.3462 0.5468 -0.0243 4.3432 0.5419 -0.0184 4.3462 0.5484 -0.0267 4.3432 0.5443 -0.0202 4.3462 0.5502 -0.0288 4.3432 0.5469 -0.0218 4.3462 0.5521 -0.0307 4.3432 0.5496 -0.0233 4.3462 0.5542 -0.0323 4.3432 0.5525 -0.0245 4.3462 0.5564 -0.0337 4.3432 0.5556 -0.0255 4.3462 0.5588 -0.0347 4.3432 0.5588 -0.0263 4.3462 0.5612 -0.0355 4.3432 0.5620 -0.0269 4.3462 0.5636 -0.0360 4.3432 0.5653 -0.0272 4.3462 0.5661 -0.0361 4.3432 0.5686 -0.0274 4.3462 0.5686 -0.0360 4.3432 0.5720 -0.0361 4.3432 0.5686 -0.0444 4.3395 0.5728 -0.0360 4.3432 0.5720 -0.0438 4.3395 0.5768 -0.0355 4.3432 0.5753 -0.0429 4.3395 0.5808 -0.0347 4.3432 0.5785 -0.0416 4.3395 0.5847 -0.0337 4.3432 0.5817 -0.0399 4.3395 0.5885 -0.0323 4.3432 0.5847 -0.0379 4.3395 0.5921 -0.0307 4.3432 0.5877 -0.0356 4.3395 0.5955 -0.0288 4.3432 0.5904 -0.0329 4.3395 0.5987 -0.0267 4.3432 0.5930 -0.0300 4.3395 0.6016 -0.0243 4.3432 0.5953 -0.0269 4.3395 0.6042 -0.0218 4.3432 0.5975 -0.0235 4.3395 0.6065 -0.0190 4.3432 0.5994 -0.0199 4.3395 0.6085 -0.0161 4.3432 0.6010 -0.0161 4.3395 0.6102 -0.0131 4.3432 0.6023 -0.0122 4.3395 0.6115 -0.0099 4.3432 0.6034 -0.0082 4.3395 0.6125 -0.0066 4.3432 0.6041 -0.0041 4.3395 0.6130 -0.0033 4.3432 0.6046 0.0000 4.3395 0.6132 0.0000 4.3432 0.6048 0.0041 4.3395 0.6130 0.0033 4.3432 0.6046 0.0082 4.3395 0.6125 0.0066 4.3432 0.6041 0.0122 4.3395 0.6115 0.0099 4.3432 0.6034 0.0161 4.3395 0.6102 0.0131 4.3432 0.6023 0.0199 4.3395 0.6085 0.0161 4.3432 0.6010 0.0235 4.3395 0.6065 0.0190 4.3432 0.5994 0.0269 4.3395 0.6042 0.0218 4.3432 0.5975 0.0300 4.3395 0.6016 0.0243 4.3432 0.5953 0.0329 4.3395 0.5987 0.0267 4.3432 0.5930 0.0356 4.3395 0.5955 0.0288 4.3432 0.5904 0.0379 4.3395 0.5921 0.0307 4.3432 0.5877 0.0399 4.3395 0.5885 0.0323 4.3432 0.5847 0.0416 4.3395 0.5847 0.0337 4.3432 0.5817 0.0429 4.3395 0.5808 0.0347 4.3432 0.5785 0.0438 4.3395 0.5768 0.0355 4.3432 0.5753 0.0444 4.3395 0.5728 0.0360 4.3432 0.5720 0.0446 4.3395 0.5686 0.0361 4.3432 0.5686 0.0444 4.3395 0.5645 0.0360 4.3432 0.5653 0.0438 4.3395 0.5604 0.0355 4.3432 0.5620 0.0429 4.3395 0.5564 0.0347 4.3432 0.5588 0.0416 4.3395 0.5525 0.0337 4.3432 0.5556 0.0399 4.3395 0.5488 0.0323 4.3432 0.5525 0.0379 4.3395 0.5452 0.0307 4.3432 0.5496 0.0356 4.3395 0.5418 0.0288 4.3432 0.5469 0.0329 4.3395 0.5386 0.0267 4.3432 0.5443 0.0300 4.3395 0.5357 0.0243 4.3432 0.5419 0.0269 4.3395 0.5331 0.0218 4.3432 0.5398 0.0235 4.3395 0.5307 0.0190 4.3432 0.5379 0.0199 4.3395 0.5287 0.0161 4.3432 0.5363 0.0161 4.3395 0.5271 0.0131 4.3432 0.5350 0.0122 4.3395 0.5258 0.0099 4.3432 0.5339 0.0082 4.3395 0.5248 0.0066 4.3432 0.5331 0.0041 4.3395 0.5243 0.0033 4.3432 0.5327 0.0000 4.3395 0.5241 0.0000 4.3432 0.5325 -0.0041 4.3395 0.5243 -0.0033 4.3432 0.5327 -0.0082 4.3395 0.5248 -0.0066 4.3432 0.5331 -0.0122 4.3395 0.5258 -0.0099 4.3432 0.5339 -0.0161 4.3395 0.5271 -0.0131 4.3432 0.5350 -0.0199 4.3395 0.5287 -0.0161 4.3432 0.5363 -0.0235 4.3395 0.5307 -0.0190 4.3432 0.5379 -0.0269 4.3395 0.5331 -0.0218 4.3432 0.5398 -0.0300 4.3395 0.5357 -0.0243 4.3432 0.5419 -0.0329 4.3395 0.5386 -0.0267 4.3432 0.5443 -0.0356 4.3395 0.5418 -0.0288 4.3432 0.5469 -0.0379 4.3395 0.5452 -0.0307 4.3432 0.5496 -0.0399 4.3395 0.5488 -0.0323 4.3432 0.5525 -0.0416 4.3395 0.5525 -0.0337 4.3432 0.5556 -0.0429 4.3395 0.5564 -0.0347 4.3432 0.5588 -0.0438 4.3395 0.5604 -0.0355 4.3432 0.5620 -0.0444 4.3395 0.5645 -0.0360 4.3432 0.5653 -0.0446 4.3395 0.5686 -0.0361 4.3432 0.5686 -0.0444 4.3395 0.5728 -0.0446 4.3395 0.5686 -0.0524 4.3350 0.5735 -0.0444 4.3395 0.5728 -0.0517 4.3350 0.5783 -0.0438 4.3395 0.5768 -0.0506 4.3350 0.5830 -0.0429 4.3395 0.5808 -0.0491 4.3350 0.5877 -0.0416 4.3395 0.5847 -0.0471 4.3350 0.5921 -0.0399 4.3395 0.5885 -0.0448 4.3350 0.5964 -0.0379 4.3395 0.5921 -0.0420 4.3350 0.6004 -0.0356 4.3395 0.5955 -0.0389 4.3350 0.6041 -0.0329 4.3395 0.5987 -0.0355 4.3350 0.6075 -0.0300 4.3395 0.6016 -0.0317 4.3350 0.6106 -0.0269 4.3395 0.6042 -0.0277 4.3350 0.6134 -0.0235 4.3395 0.6065 -0.0235 4.3350 0.6158 -0.0199 4.3395 0.6085 -0.0190 4.3350 0.6177 -0.0161 4.3395 0.6102 -0.0144 4.3350 0.6193 -0.0122 4.3395 0.6115 -0.0097 4.3350 0.6204 -0.0082 4.3395 0.6125 -0.0049 4.3350 0.6211 -0.0041 4.3395 0.6130 0.0000 4.3350 0.6213 0.0000 4.3395 0.6132 0.0049 4.3350 0.6211 0.0041 4.3395 0.6130 0.0097 4.3350 0.6204 0.0082 4.3395 0.6125 0.0144 4.3350 0.6193 0.0122 4.3395 0.6115 0.0190 4.3350 0.6177 0.0161 4.3395 0.6102 0.0235 4.3350 0.6158 0.0199 4.3395 0.6085 0.0277 4.3350 0.6134 0.0235 4.3395 0.6065 0.0317 4.3350 0.6106 0.0269 4.3395 0.6042 0.0355 4.3350 0.6075 0.0300 4.3395 0.6016 0.0389 4.3350 0.6041 0.0329 4.3395 0.5987 0.0420 4.3350 0.6004 0.0356 4.3395 0.5955 0.0448 4.3350 0.5964 0.0379 4.3395 0.5921 0.0471 4.3350 0.5921 0.0399 4.3395 0.5885 0.0491 4.3350 0.5877 0.0416 4.3395 0.5847 0.0506 4.3350 0.5830 0.0429 4.3395 0.5808 0.0517 4.3350 0.5783 0.0438 4.3395 0.5768 0.0524 4.3350 0.5735 0.0444 4.3395 0.5728 0.0526 4.3350 0.5686 0.0446 4.3395 0.5686 0.0524 4.3350 0.5638 0.0444 4.3395 0.5645 0.0517 4.3350 0.5590 0.0438 4.3395 0.5604 0.0506 4.3350 0.5542 0.0429 4.3395 0.5564 0.0491 4.3350 0.5496 0.0416 4.3395 0.5525 0.0471 4.3350 0.5452 0.0399 4.3395 0.5488 0.0448 4.3350 0.5409 0.0379 4.3395 0.5452 0.0420 4.3350 0.5369 0.0356 4.3395 0.5418 0.0389 4.3350 0.5332 0.0329 4.3395 0.5386 0.0355 4.3350 0.5297 0.0300 4.3395 0.5357 0.0317 4.3350 0.5266 0.0269 4.3395 0.5331 0.0277 4.3350 0.5239 0.0235 4.3395 0.5307 0.0235 4.3350 0.5215 0.0199 4.3395 0.5287 0.0190 4.3350 0.5196 0.0161 4.3395 0.5271 0.0144 4.3350 0.5180 0.0122 4.3395 0.5258 0.0097 4.3350 0.5169 0.0082 4.3395 0.5248 0.0049 4.3350 0.5162 0.0041 4.3395 0.5243 0.0000 4.3350 0.5160 0.0000 4.3395 0.5241 -0.0049 4.3350 0.5162 -0.0041 4.3395 0.5243 -0.0097 4.3350 0.5169 -0.0082 4.3395 0.5248 -0.0144 4.3350 0.5180 -0.0122 4.3395 0.5258 -0.0190 4.3350 0.5196 -0.0161 4.3395 0.5271 -0.0235 4.3350 0.5215 -0.0199 4.3395 0.5287 -0.0277 4.3350 0.5239 -0.0235 4.3395 0.5307 -0.0317 4.3350 0.5266 -0.0269 4.3395 0.5331 -0.0355 4.3350 0.5297 -0.0300 4.3395 0.5357 -0.0389 4.3350 0.5332 -0.0329 4.3395 0.5386 -0.0420 4.3350 0.5369 -0.0356 4.3395 0.5418 -0.0448 4.3350 0.5409 -0.0379 4.3395 0.5452 -0.0471 4.3350 0.5452 -0.0399 4.3395 0.5488 -0.0491 4.3350 0.5496 -0.0416 4.3395 0.5525 -0.0506 4.3350 0.5542 -0.0429 4.3395 0.5564 -0.0517 4.3350 0.5590 -0.0438 4.3395 0.5604 -0.0524 4.3350 0.5638 -0.0444 4.3395 0.5645 -0.0526 4.3350 0.5686 -0.0446 4.3395 0.5686 -0.0524 4.3350 0.5735 -0.0526 4.3350 0.5686 -0.0600 4.3298 0.5742 -0.0524 4.3350 0.5735 -0.0592 4.3298 0.5797 -0.0517 4.3350 0.5783 -0.0580 4.3298 0.5851 -0.0506 4.3350 0.5830 -0.0562 4.3298 0.5904 -0.0491 4.3350 0.5877 -0.0539 4.3298 0.5955 -0.0471 4.3350 0.5921 -0.0512 4.3298 0.6004 -0.0448 4.3350 0.5964 -0.0481 4.3298 0.6050 -0.0420 4.3350 0.6004 -0.0445 4.3298 0.6092 -0.0389 4.3350 0.6041 -0.0406 4.3298 0.6132 -0.0355 4.3350 0.6075 -0.0363 4.3298 0.6167 -0.0317 4.3350 0.6106 -0.0317 4.3298 0.6199 -0.0277 4.3350 0.6134 -0.0269 4.3298 0.6226 -0.0235 4.3350 0.6158 -0.0218 4.3298 0.6248 -0.0190 4.3350 0.6177 -0.0165 4.3298 0.6266 -0.0144 4.3350 0.6193 -0.0111 4.3298 0.6279 -0.0097 4.3350 0.6204 -0.0056 4.3298 0.6286 -0.0049 4.3350 0.6211 0.0000 4.3298 0.6289 0.0000 4.3350 0.6213 0.0056 4.3298 0.6286 0.0049 4.3350 0.6211 0.0111 4.3298 0.6279 0.0097 4.3350 0.6204 0.0165 4.3298 0.6266 0.0144 4.3350 0.6193 0.0218 4.3298 0.6248 0.0190 4.3350 0.6177 0.0269 4.3298 0.6226 0.0235 4.3350 0.6158 0.0317 4.3298 0.6199 0.0277 4.3350 0.6134 0.0363 4.3298 0.6167 0.0317 4.3350 0.6106 0.0406 4.3298 0.6132 0.0355 4.3350 0.6075 0.0445 4.3298 0.6092 0.0389 4.3350 0.6041 0.0481 4.3298 0.6050 0.0420 4.3350 0.6004 0.0512 4.3298 0.6004 0.0448 4.3350 0.5964 0.0539 4.3298 0.5955 0.0471 4.3350 0.5921 0.0562 4.3298 0.5904 0.0491 4.3350 0.5877 0.0580 4.3298 0.5851 0.0506 4.3350 0.5830 0.0592 4.3298 0.5797 0.0517 4.3350 0.5783 0.0600 4.3298 0.5742 0.0524 4.3350 0.5735 0.0603 4.3298 0.5686 0.0526 4.3350 0.5686 0.0600 4.3298 0.5631 0.0524 4.3350 0.5638 0.0592 4.3298 0.5576 0.0517 4.3350 0.5590 0.0580 4.3298 0.5521 0.0506 4.3350 0.5542 0.0562 4.3298 0.5469 0.0491 4.3350 0.5496 0.0539 4.3298 0.5418 0.0471 4.3350 0.5452 0.0512 4.3298 0.5369 0.0448 4.3350 0.5409 0.0481 4.3298 0.5323 0.0420 4.3350 0.5369 0.0445 4.3298 0.5280 0.0389 4.3350 0.5332 0.0406 4.3298 0.5241 0.0355 4.3350 0.5297 0.0363 4.3298 0.5205 0.0317 4.3350 0.5266 0.0317 4.3298 0.5174 0.0277 4.3350 0.5239 0.0269 4.3298 0.5147 0.0235 4.3350 0.5215 0.0218 4.3298 0.5124 0.0190 4.3350 0.5196 0.0165 4.3298 0.5107 0.0144 4.3350 0.5180 0.0111 4.3298 0.5094 0.0097 4.3350 0.5169 0.0056 4.3298 0.5086 0.0049 4.3350 0.5162 0.0000 4.3298 0.5084 0.0000 4.3350 0.5160 -0.0056 4.3298 0.5086 -0.0049 4.3350 0.5162 -0.0111 4.3298 0.5094 -0.0097 4.3350 0.5169 -0.0165 4.3298 0.5107 -0.0144 4.3350 0.5180 -0.0218 4.3298 0.5124 -0.0190 4.3350 0.5196 -0.0269 4.3298 0.5147 -0.0235 4.3350 0.5215 -0.0317 4.3298 0.5174 -0.0277 4.3350 0.5239 -0.0363 4.3298 0.5205 -0.0317 4.3350 0.5266 -0.0406 4.3298 0.5241 -0.0355 4.3350 0.5297 -0.0445 4.3298 0.5280 -0.0389 4.3350 0.5332 -0.0481 4.3298 0.5323 -0.0420 4.3350 0.5369 -0.0512 4.3298 0.5369 -0.0448 4.3350 0.5409 -0.0539 4.3298 0.5418 -0.0471 4.3350 0.5452 -0.0562 4.3298 0.5469 -0.0491 4.3350 0.5496 -0.0580 4.3298 0.5521 -0.0506 4.3350 0.5542 -0.0592 4.3298 0.5576 -0.0517 4.3350 0.5590 -0.0600 4.3298 0.5631 -0.0524 4.3350 0.5638 -0.0603 4.3298 0.5686 -0.0526 4.3350 0.5686 -0.0600 4.3298 0.5742 -0.0603 4.3298 0.5686 -0.0671 4.3239 0.5749 -0.0600 4.3298 0.5742 -0.0662 4.3239 0.5810 -0.0592 4.3298 0.5797 -0.0648 4.3239 0.5871 -0.0580 4.3298 0.5851 -0.0628 4.3239 0.5930 -0.0562 4.3298 0.5904 -0.0603 4.3239 0.5987 -0.0539 4.3298 0.5955 -0.0573 4.3239 0.6041 -0.0512 4.3298 0.6004 -0.0538 4.3239 0.6092 -0.0481 4.3298 0.6050 -0.0498 4.3239 0.6140 -0.0445 4.3298 0.6092 -0.0454 4.3239 0.6184 -0.0406 4.3298 0.6132 -0.0406 4.3239 0.6224 -0.0363 4.3298 0.6167 -0.0355 4.3239 0.6259 -0.0317 4.3298 0.6199 -0.0300 4.3239 0.6289 -0.0269 4.3298 0.6226 -0.0243 4.3239 0.6315 -0.0218 4.3298 0.6248 -0.0184 4.3239 0.6334 -0.0165 4.3298 0.6266 -0.0124 4.3239 0.6349 -0.0111 4.3298 0.6279 -0.0062 4.3239 0.6357 -0.0056 4.3298 0.6286 0.0000 4.3239 0.6360 0.0000 4.3298 0.6289 0.0062 4.3239 0.6357 0.0056 4.3298 0.6286 0.0124 4.3239 0.6349 0.0111 4.3298 0.6279 0.0184 4.3239 0.6334 0.0165 4.3298 0.6266 0.0243 4.3239 0.6315 0.0218 4.3298 0.6248 0.0300 4.3239 0.6289 0.0269 4.3298 0.6226 0.0355 4.3239 0.6259 0.0317 4.3298 0.6199 0.0406 4.3239 0.6224 0.0363 4.3298 0.6167 0.0454 4.3239 0.6184 0.0406 4.3298 0.6132 0.0498 4.3239 0.6140 0.0445 4.3298 0.6092 0.0538 4.3239 0.6092 0.0481 4.3298 0.6050 0.0573 4.3239 0.6041 0.0512 4.3298 0.6004 0.0603 4.3239 0.5987 0.0539 4.3298 0.5955 0.0628 4.3239 0.5930 0.0562 4.3298 0.5904 0.0648 4.3239 0.5871 0.0580 4.3298 0.5851 0.0662 4.3239 0.5810 0.0592 4.3298 0.5797 0.0671 4.3239 0.5749 0.0600 4.3298 0.5742 0.0674 4.3239 0.5686 0.0603 4.3298 0.5686 0.0671 4.3239 0.5624 0.0600 4.3298 0.5631 0.0662 4.3239 0.5563 0.0592 4.3298 0.5576 0.0648 4.3239 0.5502 0.0580 4.3298 0.5521 0.0628 4.3239 0.5443 0.0562 4.3298 0.5469 0.0603 4.3239 0.5386 0.0539 4.3298 0.5418 0.0573 4.3239 0.5332 0.0512 4.3298 0.5369 0.0538 4.3239 0.5280 0.0481 4.3298 0.5323 0.0498 4.3239 0.5233 0.0445 4.3298 0.5280 0.0454 4.3239 0.5189 0.0406 4.3298 0.5241 0.0406 4.3239 0.5149 0.0363 4.3298 0.5205 0.0355 4.3239 0.5114 0.0317 4.3298 0.5174 0.0300 4.3239 0.5083 0.0269 4.3298 0.5147 0.0243 4.3239 0.5058 0.0218 4.3298 0.5124 0.0184 4.3239 0.5038 0.0165 4.3298 0.5107 0.0124 4.3239 0.5024 0.0111 4.3298 0.5094 0.0062 4.3239 0.5016 0.0056 4.3298 0.5086 0.0000 4.3239 0.5013 0.0000 4.3298 0.5084 -0.0062 4.3239 0.5016 -0.0056 4.3298 0.5086 -0.0124 4.3239 0.5024 -0.0111 4.3298 0.5094 -0.0184 4.3239 0.5038 -0.0165 4.3298 0.5107 -0.0243 4.3239 0.5058 -0.0218 4.3298 0.5124 -0.0300 4.3239 0.5083 -0.0269 4.3298 0.5147 -0.0355 4.3239 0.5114 -0.0317 4.3298 0.5174 -0.0406 4.3239 0.5149 -0.0363 4.3298 0.5205 -0.0454 4.3239 0.5189 -0.0406 4.3298 0.5241 -0.0498 4.3239 0.5233 -0.0445 4.3298 0.5280 -0.0538 4.3239 0.5280 -0.0481 4.3298 0.5323 -0.0573 4.3239 0.5332 -0.0512 4.3298 0.5369 -0.0603 4.3239 0.5386 -0.0539 4.3298 0.5418 -0.0628 4.3239 0.5443 -0.0562 4.3298 0.5469 -0.0648 4.3239 0.5502 -0.0580 4.3298 0.5521 -0.0662 4.3239 0.5563 -0.0592 4.3298 0.5576 -0.0671 4.3239 0.5624 -0.0600 4.3298 0.5631 -0.0674 4.3239 0.5686 -0.0603 4.3298 0.5686 -0.0671 4.3239 0.5749 -0.0674 4.3239 0.5686 -0.0736 4.3174 0.5755 -0.0671 4.3239 0.5749 -0.0726 4.3174 0.5822 -0.0662 4.3239 0.5810 -0.0711 4.3174 0.5889 -0.0648 4.3239 0.5871 -0.0689 4.3174 0.5953 -0.0628 4.3239 0.5930 -0.0662 4.3174 0.6016 -0.0603 4.3239 0.5987 -0.0628 4.3174 0.6075 -0.0573 4.3239 0.6041 -0.0590 4.3174 0.6132 -0.0538 4.3239 0.6092 -0.0546 4.3174 0.6184 -0.0498 4.3239 0.6140 -0.0498 4.3174 0.6233 -0.0454 4.3239 0.6184 -0.0445 4.3174 0.6276 -0.0406 4.3239 0.6224 -0.0389 4.3174 0.6315 -0.0355 4.3239 0.6259 -0.0329 4.3174 0.6348 -0.0300 4.3239 0.6289 -0.0267 4.3174 0.6375 -0.0243 4.3239 0.6315 -0.0202 4.3174 0.6397 -0.0184 4.3239 0.6334 -0.0136 4.3174 0.6413 -0.0124 4.3239 0.6349 -0.0068 4.3174 0.6422 -0.0062 4.3239 0.6357 0.0000 4.3174 0.6425 0.0000 4.3239 0.6360 0.0068 4.3174 0.6422 0.0062 4.3239 0.6357 0.0136 4.3174 0.6413 0.0124 4.3239 0.6349 0.0202 4.3174 0.6397 0.0184 4.3239 0.6334 0.0267 4.3174 0.6375 0.0243 4.3239 0.6315 0.0329 4.3174 0.6348 0.0300 4.3239 0.6289 0.0389 4.3174 0.6315 0.0355 4.3239 0.6259 0.0445 4.3174 0.6276 0.0406 4.3239 0.6224 0.0498 4.3174 0.6233 0.0454 4.3239 0.6184 0.0546 4.3174 0.6184 0.0498 4.3239 0.6140 0.0590 4.3174 0.6132 0.0538 4.3239 0.6092 0.0628 4.3174 0.6075 0.0573 4.3239 0.6041 0.0662 4.3174 0.6016 0.0603 4.3239 0.5987 0.0689 4.3174 0.5953 0.0628 4.3239 0.5930 0.0711 4.3174 0.5889 0.0648 4.3239 0.5871 0.0726 4.3174 0.5822 0.0662 4.3239 0.5810 0.0736 4.3174 0.5755 0.0671 4.3239 0.5749 0.0739 4.3174 0.5686 0.0674 4.3239 0.5686 0.0736 4.3174 0.5618 0.0671 4.3239 0.5624 0.0726 4.3174 0.5551 0.0662 4.3239 0.5563 0.0711 4.3174 0.5484 0.0648 4.3239 0.5502 0.0689 4.3174 0.5419 0.0628 4.3239 0.5443 0.0662 4.3174 0.5357 0.0603 4.3239 0.5386 0.0628 4.3174 0.5297 0.0573 4.3239 0.5332 0.0590 4.3174 0.5241 0.0538 4.3239 0.5280 0.0546 4.3174 0.5189 0.0498 4.3239 0.5233 0.0498 4.3174 0.5140 0.0454 4.3239 0.5189 0.0445 4.3174 0.5097 0.0406 4.3239 0.5149 0.0389 4.3174 0.5058 0.0355 4.3239 0.5114 0.0329 4.3174 0.5025 0.0300 4.3239 0.5083 0.0267 4.3174 0.4997 0.0243 4.3239 0.5058 0.0202 4.3174 0.4976 0.0184 4.3239 0.5038 0.0136 4.3174 0.4960 0.0124 4.3239 0.5024 0.0068 4.3174 0.4951 0.0062 4.3239 0.5016 0.0000 4.3174 0.4947 0.0000 4.3239 0.5013 -0.0068 4.3174 0.4951 -0.0062 4.3239 0.5016 -0.0136 4.3174 0.4960 -0.0124 4.3239 0.5024 -0.0202 4.3174 0.4976 -0.0184 4.3239 0.5038 -0.0267 4.3174 0.4997 -0.0243 4.3239 0.5058 -0.0329 4.3174 0.5025 -0.0300 4.3239 0.5083 -0.0389 4.3174 0.5058 -0.0355 4.3239 0.5114 -0.0445 4.3174 0.5097 -0.0406 4.3239 0.5149 -0.0498 4.3174 0.5140 -0.0454 4.3239 0.5189 -0.0546 4.3174 0.5189 -0.0498 4.3239 0.5233 -0.0590 4.3174 0.5241 -0.0538 4.3239 0.5280 -0.0628 4.3174 0.5297 -0.0573 4.3239 0.5332 -0.0662 4.3174 0.5357 -0.0603 4.3239 0.5386 -0.0689 4.3174 0.5419 -0.0628 4.3239 0.5443 -0.0711 4.3174 0.5484 -0.0648 4.3239 0.5502 -0.0726 4.3174 0.5551 -0.0662 4.3239 0.5563 -0.0736 4.3174 0.5618 -0.0671 4.3239 0.5624 -0.0739 4.3174 0.5686 -0.0674 4.3239 0.5686 -0.0736 4.3174 0.5755 -0.0739 4.3174 0.5686 -0.0795 4.3103 0.5760 -0.0736 4.3174 0.5755 -0.0784 4.3103 0.5833 -0.0726 4.3174 0.5822 -0.0768 4.3103 0.5905 -0.0711 4.3174 0.5889 -0.0744 4.3103 0.5975 -0.0689 4.3174 0.5953 -0.0714 4.3103 0.6042 -0.0662 4.3174 0.6016 -0.0678 4.3103 0.6106 -0.0628 4.3174 0.6075 -0.0637 4.3103 0.6167 -0.0590 4.3174 0.6132 -0.0590 4.3103 0.6224 -0.0546 4.3174 0.6184 -0.0538 4.3103 0.6276 -0.0498 4.3174 0.6233 -0.0481 4.3103 0.6323 -0.0445 4.3174 0.6276 -0.0420 4.3103 0.6365 -0.0389 4.3174 0.6315 -0.0356 4.3103 0.6401 -0.0329 4.3174 0.6348 -0.0288 4.3103 0.6431 -0.0267 4.3174 0.6375 -0.0218 4.3103 0.6454 -0.0202 4.3174 0.6397 -0.0147 4.3103 0.6471 -0.0136 4.3174 0.6413 -0.0074 4.3103 0.6481 -0.0068 4.3174 0.6422 0.0000 4.3103 0.6484 0.0000 4.3174 0.6425 0.0074 4.3103 0.6481 0.0068 4.3174 0.6422 0.0147 4.3103 0.6471 0.0136 4.3174 0.6413 0.0218 4.3103 0.6454 0.0202 4.3174 0.6397 0.0288 4.3103 0.6431 0.0267 4.3174 0.6375 0.0356 4.3103 0.6401 0.0329 4.3174 0.6348 0.0420 4.3103 0.6365 0.0389 4.3174 0.6315 0.0481 4.3103 0.6323 0.0445 4.3174 0.6276 0.0538 4.3103 0.6276 0.0498 4.3174 0.6233 0.0590 4.3103 0.6224 0.0546 4.3174 0.6184 0.0637 4.3103 0.6167 0.0590 4.3174 0.6132 0.0678 4.3103 0.6106 0.0628 4.3174 0.6075 0.0714 4.3103 0.6042 0.0662 4.3174 0.6016 0.0744 4.3103 0.5975 0.0689 4.3174 0.5953 0.0768 4.3103 0.5905 0.0711 4.3174 0.5889 0.0784 4.3103 0.5833 0.0726 4.3174 0.5822 0.0795 4.3103 0.5760 0.0736 4.3174 0.5755 0.0798 4.3103 0.5686 0.0739 4.3174 0.5686 0.0795 4.3103 0.5613 0.0736 4.3174 0.5618 0.0784 4.3103 0.5540 0.0726 4.3174 0.5551 0.0768 4.3103 0.5468 0.0711 4.3174 0.5484 0.0744 4.3103 0.5398 0.0689 4.3174 0.5419 0.0714 4.3103 0.5331 0.0662 4.3174 0.5357 0.0678 4.3103 0.5266 0.0628 4.3174 0.5297 0.0637 4.3103 0.5205 0.0590 4.3174 0.5241 0.0590 4.3103 0.5149 0.0546 4.3174 0.5189 0.0538 4.3103 0.5097 0.0498 4.3174 0.5140 0.0481 4.3103 0.5050 0.0445 4.3174 0.5097 0.0420 4.3103 0.5008 0.0389 4.3174 0.5058 0.0356 4.3103 0.4972 0.0329 4.3174 0.5025 0.0288 4.3103 0.4942 0.0267 4.3174 0.4997 0.0218 4.3103 0.4919 0.0202 4.3174 0.4976 0.0147 4.3103 0.4902 0.0136 4.3174 0.4960 0.0074 4.3103 0.4892 0.0068 4.3174 0.4951 0.0000 4.3103 0.4888 0.0000 4.3174 0.4947 -0.0074 4.3103 0.4892 -0.0068 4.3174 0.4951 -0.0147 4.3103 0.4902 -0.0136 4.3174 0.4960 -0.0218 4.3103 0.4919 -0.0202 4.3174 0.4976 -0.0288 4.3103 0.4942 -0.0267 4.3174 0.4997 -0.0356 4.3103 0.4972 -0.0329 4.3174 0.5025 -0.0420 4.3103 0.5008 -0.0389 4.3174 0.5058 -0.0481 4.3103 0.5050 -0.0445 4.3174 0.5097 -0.0538 4.3103 0.5097 -0.0498 4.3174 0.5140 -0.0590 4.3103 0.5149 -0.0546 4.3174 0.5189 -0.0637 4.3103 0.5205 -0.0590 4.3174 0.5241 -0.0678 4.3103 0.5266 -0.0628 4.3174 0.5297 -0.0714 4.3103 0.5331 -0.0662 4.3174 0.5357 -0.0744 4.3103 0.5398 -0.0689 4.3174 0.5419 -0.0768 4.3103 0.5468 -0.0711 4.3174 0.5484 -0.0784 4.3103 0.5540 -0.0726 4.3174 0.5551 -0.0795 4.3103 0.5613 -0.0736 4.3174 0.5618 -0.0798 4.3103 0.5686 -0.0739 4.3174 0.5686 -0.0795 4.3103 0.5760 -0.0798 4.3103 0.5686 -0.0847 4.3026 0.5765 -0.0795 4.3103 0.5760 -0.0836 4.3026 0.5843 -0.0784 4.3103 0.5833 -0.0818 4.3026 0.5919 -0.0768 4.3103 0.5905 -0.0793 4.3026 0.5994 -0.0744 4.3103 0.5975 -0.0761 4.3026 0.6065 -0.0714 4.3103 0.6042 -0.0723 4.3026 0.6134 -0.0678 4.3103 0.6106 -0.0678 4.3026 0.6199 -0.0637 4.3103 0.6167 -0.0628 4.3026 0.6259 -0.0590 4.3103 0.6224 -0.0573 4.3026 0.6315 -0.0538 4.3103 0.6276 -0.0512 4.3026 0.6365 -0.0481 4.3103 0.6323 -0.0448 4.3026 0.6409 -0.0420 4.3103 0.6365 -0.0379 4.3026 0.6447 -0.0356 4.3103 0.6401 -0.0307 4.3026 0.6479 -0.0288 4.3103 0.6431 -0.0233 4.3026 0.6504 -0.0218 4.3103 0.6454 -0.0156 4.3026 0.6522 -0.0147 4.3103 0.6471 -0.0078 4.3026 0.6533 -0.0074 4.3103 0.6481 0.0000 4.3026 0.6537 0.0000 4.3103 0.6484 0.0078 4.3026 0.6533 0.0074 4.3103 0.6481 0.0156 4.3026 0.6522 0.0147 4.3103 0.6471 0.0233 4.3026 0.6504 0.0218 4.3103 0.6454 0.0307 4.3026 0.6479 0.0288 4.3103 0.6431 0.0379 4.3026 0.6447 0.0356 4.3103 0.6401 0.0448 4.3026 0.6409 0.0420 4.3103 0.6365 0.0512 4.3026 0.6365 0.0481 4.3103 0.6323 0.0573 4.3026 0.6315 0.0538 4.3103 0.6276 0.0628 4.3026 0.6259 0.0590 4.3103 0.6224 0.0678 4.3026 0.6199 0.0637 4.3103 0.6167 0.0723 4.3026 0.6134 0.0678 4.3103 0.6106 0.0761 4.3026 0.6065 0.0714 4.3103 0.6042 0.0793 4.3026 0.5994 0.0744 4.3103 0.5975 0.0818 4.3026 0.5919 0.0768 4.3103 0.5905 0.0836 4.3026 0.5843 0.0784 4.3103 0.5833 0.0847 4.3026 0.5765 0.0795 4.3103 0.5760 0.0850 4.3026 0.5686 0.0798 4.3103 0.5686 0.0847 4.3026 0.5608 0.0795 4.3103 0.5613 0.0836 4.3026 0.5530 0.0784 4.3103 0.5540 0.0818 4.3026 0.5454 0.0768 4.3103 0.5468 0.0793 4.3026 0.5379 0.0744 4.3103 0.5398 0.0761 4.3026 0.5307 0.0714 4.3103 0.5331 0.0723 4.3026 0.5239 0.0678 4.3103 0.5266 0.0678 4.3026 0.5174 0.0637 4.3103 0.5205 0.0628 4.3026 0.5114 0.0590 4.3103 0.5149 0.0573 4.3026 0.5058 0.0538 4.3103 0.5097 0.0512 4.3026 0.5008 0.0481 4.3103 0.5050 0.0448 4.3026 0.4964 0.0420 4.3103 0.5008 0.0379 4.3026 0.4925 0.0356 4.3103 0.4972 0.0307 4.3026 0.4894 0.0288 4.3103 0.4942 0.0233 4.3026 0.4869 0.0218 4.3103 0.4919 0.0156 4.3026 0.4851 0.0147 4.3103 0.4902 0.0078 4.3026 0.4840 0.0074 4.3103 0.4892 0.0000 4.3026 0.4836 0.0000 4.3103 0.4888 -0.0078 4.3026 0.4840 -0.0074 4.3103 0.4892 -0.0156 4.3026 0.4851 -0.0147 4.3103 0.4902 -0.0233 4.3026 0.4869 -0.0218 4.3103 0.4919 -0.0307 4.3026 0.4894 -0.0288 4.3103 0.4942 -0.0379 4.3026 0.4925 -0.0356 4.3103 0.4972 -0.0448 4.3026 0.4964 -0.0420 4.3103 0.5008 -0.0512 4.3026 0.5008 -0.0481 4.3103 0.5050 -0.0573 4.3026 0.5058 -0.0538 4.3103 0.5097 -0.0628 4.3026 0.5114 -0.0590 4.3103 0.5149 -0.0678 4.3026 0.5174 -0.0637 4.3103 0.5205 -0.0723 4.3026 0.5239 -0.0678 4.3103 0.5266 -0.0761 4.3026 0.5307 -0.0714 4.3103 0.5331 -0.0793 4.3026 0.5379 -0.0744 4.3103 0.5398 -0.0818 4.3026 0.5454 -0.0768 4.3103 0.5468 -0.0836 4.3026 0.5530 -0.0784 4.3103 0.5540 -0.0847 4.3026 0.5608 -0.0795 4.3103 0.5613 -0.0850 4.3026 0.5686 -0.0798 4.3103 0.5686 -0.0847 4.3026 0.5765 -0.0850 4.3026 0.5686 -0.0891 4.2946 0.5769 -0.0847 4.3026 0.5765 -0.0880 4.2946 0.5851 -0.0836 4.3026 0.5843 -0.0861 4.2946 0.5931 -0.0818 4.3026 0.5919 -0.0835 4.2946 0.6010 -0.0793 4.3026 0.5994 -0.0801 4.2946 0.6085 -0.0761 4.3026 0.6065 -0.0761 4.2946 0.6158 -0.0723 4.3026 0.6134 -0.0714 4.2946 0.6226 -0.0678 4.3026 0.6199 -0.0662 4.2946 0.6289 -0.0628 4.3026 0.6259 -0.0603 4.2946 0.6348 -0.0573 4.3026 0.6315 -0.0539 4.2946 0.6401 -0.0512 4.3026 0.6365 -0.0471 4.2946 0.6447 -0.0448 4.3026 0.6409 -0.0399 4.2946 0.6488 -0.0379 4.3026 0.6447 -0.0323 4.2946 0.6521 -0.0307 4.3026 0.6479 -0.0245 4.2946 0.6547 -0.0233 4.3026 0.6504 -0.0164 4.2946 0.6566 -0.0156 4.3026 0.6522 -0.0083 4.2946 0.6578 -0.0078 4.3026 0.6533 0.0000 4.2946 0.6582 0.0000 4.3026 0.6537 0.0083 4.2946 0.6578 0.0078 4.3026 0.6533 0.0164 4.2946 0.6566 0.0156 4.3026 0.6522 0.0245 4.2946 0.6547 0.0233 4.3026 0.6504 0.0323 4.2946 0.6521 0.0307 4.3026 0.6479 0.0399 4.2946 0.6488 0.0379 4.3026 0.6447 0.0471 4.2946 0.6447 0.0448 4.3026 0.6409 0.0539 4.2946 0.6401 0.0512 4.3026 0.6365 0.0603 4.2946 0.6348 0.0573 4.3026 0.6315 0.0662 4.2946 0.6289 0.0628 4.3026 0.6259 0.0714 4.2946 0.6226 0.0678 4.3026 0.6199 0.0761 4.2946 0.6158 0.0723 4.3026 0.6134 0.0801 4.2946 0.6085 0.0761 4.3026 0.6065 0.0835 4.2946 0.6010 0.0793 4.3026 0.5994 0.0861 4.2946 0.5931 0.0818 4.3026 0.5919 0.0880 4.2946 0.5851 0.0836 4.3026 0.5843 0.0891 4.2946 0.5769 0.0847 4.3026 0.5765 0.0895 4.2946 0.5686 0.0850 4.3026 0.5686 0.0891 4.2946 0.5604 0.0847 4.3026 0.5608 0.0880 4.2946 0.5522 0.0836 4.3026 0.5530 0.0861 4.2946 0.5441 0.0818 4.3026 0.5454 0.0835 4.2946 0.5363 0.0793 4.3026 0.5379 0.0801 4.2946 0.5287 0.0761 4.3026 0.5307 0.0761 4.2946 0.5215 0.0723 4.3026 0.5239 0.0714 4.2946 0.5147 0.0678 4.3026 0.5174 0.0662 4.2946 0.5083 0.0628 4.3026 0.5114 0.0603 4.2946 0.5025 0.0573 4.3026 0.5058 0.0539 4.2946 0.4972 0.0512 4.3026 0.5008 0.0471 4.2946 0.4925 0.0448 4.3026 0.4964 0.0399 4.2946 0.4885 0.0379 4.3026 0.4925 0.0323 4.2946 0.4852 0.0307 4.3026 0.4894 0.0245 4.2946 0.4825 0.0233 4.3026 0.4869 0.0164 4.2946 0.4806 0.0156 4.3026 0.4851 0.0083 4.2946 0.4795 0.0078 4.3026 0.4840 0.0000 4.2946 0.4791 0.0000 4.3026 0.4836 -0.0083 4.2946 0.4795 -0.0078 4.3026 0.4840 -0.0164 4.2946 0.4806 -0.0156 4.3026 0.4851 -0.0245 4.2946 0.4825 -0.0233 4.3026 0.4869 -0.0323 4.2946 0.4852 -0.0307 4.3026 0.4894 -0.0399 4.2946 0.4885 -0.0379 4.3026 0.4925 -0.0471 4.2946 0.4925 -0.0448 4.3026 0.4964 -0.0539 4.2946 0.4972 -0.0512 4.3026 0.5008 -0.0603 4.2946 0.5025 -0.0573 4.3026 0.5058 -0.0662 4.2946 0.5083 -0.0628 4.3026 0.5114 -0.0714 4.2946 0.5147 -0.0678 4.3026 0.5174 -0.0761 4.2946 0.5215 -0.0723 4.3026 0.5239 -0.0801 4.2946 0.5287 -0.0761 4.3026 0.5307 -0.0835 4.2946 0.5363 -0.0793 4.3026 0.5379 -0.0861 4.2946 0.5441 -0.0818 4.3026 0.5454 -0.0880 4.2946 0.5522 -0.0836 4.3026 0.5530 -0.0891 4.2946 0.5604 -0.0847 4.3026 0.5608 -0.0895 4.2946 0.5686 -0.0850 4.3026 0.5686 -0.0891 4.2946 0.5769 -0.0895 4.2946 0.5686 -0.0928 4.2861 0.5772 -0.0891 4.2946 0.5769 -0.0917 4.2861 0.5858 -0.0880 4.2946 0.5851 -0.0897 4.2861 0.5942 -0.0861 4.2946 0.5931 -0.0869 4.2861 0.6023 -0.0835 4.2946 0.6010 -0.0835 4.2861 0.6102 -0.0801 4.2946 0.6085 -0.0793 4.2861 0.6177 -0.0761 4.2946 0.6158 -0.0744 4.2861 0.6248 -0.0714 4.2946 0.6226 -0.0689 4.2861 0.6315 -0.0662 4.2946 0.6289 -0.0628 4.2861 0.6375 -0.0603 4.2946 0.6348 -0.0562 4.2861 0.6431 -0.0539 4.2946 0.6401 -0.0491 4.2861 0.6479 -0.0471 4.2946 0.6447 -0.0416 4.2861 0.6521 -0.0399 4.2946 0.6488 -0.0337 4.2861 0.6556 -0.0323 4.2946 0.6521 -0.0255 4.2861 0.6583 -0.0245 4.2946 0.6547 -0.0171 4.2861 0.6603 -0.0164 4.2946 0.6566 -0.0086 4.2861 0.6615 -0.0083 4.2946 0.6578 0.0000 4.2861 0.6619 0.0000 4.2946 0.6582 0.0086 4.2861 0.6615 0.0083 4.2946 0.6578 0.0171 4.2861 0.6603 0.0164 4.2946 0.6566 0.0255 4.2861 0.6583 0.0245 4.2946 0.6547 0.0337 4.2861 0.6556 0.0323 4.2946 0.6521 0.0416 4.2861 0.6521 0.0399 4.2946 0.6488 0.0491 4.2861 0.6479 0.0471 4.2946 0.6447 0.0562 4.2861 0.6431 0.0539 4.2946 0.6401 0.0628 4.2861 0.6375 0.0603 4.2946 0.6348 0.0689 4.2861 0.6315 0.0662 4.2946 0.6289 0.0744 4.2861 0.6248 0.0714 4.2946 0.6226 0.0793 4.2861 0.6177 0.0761 4.2946 0.6158 0.0835 4.2861 0.6102 0.0801 4.2946 0.6085 0.0869 4.2861 0.6023 0.0835 4.2946 0.6010 0.0897 4.2861 0.5942 0.0861 4.2946 0.5931 0.0917 4.2861 0.5858 0.0880 4.2946 0.5851 0.0928 4.2861 0.5772 0.0891 4.2946 0.5769 0.0932 4.2861 0.5686 0.0895 4.2946 0.5686 0.0928 4.2861 0.5600 0.0891 4.2946 0.5604 0.0917 4.2861 0.5515 0.0880 4.2946 0.5522 0.0897 4.2861 0.5431 0.0861 4.2946 0.5441 0.0869 4.2861 0.5350 0.0835 4.2946 0.5363 0.0835 4.2861 0.5271 0.0801 4.2946 0.5287 0.0793 4.2861 0.5196 0.0761 4.2946 0.5215 0.0744 4.2861 0.5124 0.0714 4.2946 0.5147 0.0689 4.2861 0.5058 0.0662 4.2946 0.5083 0.0628 4.2861 0.4997 0.0603 4.2946 0.5025 0.0562 4.2861 0.4942 0.0539 4.2946 0.4972 0.0491 4.2861 0.4894 0.0471 4.2946 0.4925 0.0416 4.2861 0.4852 0.0399 4.2946 0.4885 0.0337 4.2861 0.4817 0.0323 4.2946 0.4852 0.0255 4.2861 0.4790 0.0245 4.2946 0.4825 0.0171 4.2861 0.4770 0.0164 4.2946 0.4806 0.0086 4.2861 0.4758 0.0083 4.2946 0.4795 0.0000 4.2861 0.4754 0.0000 4.2946 0.4791 -0.0086 4.2861 0.4758 -0.0083 4.2946 0.4795 -0.0171 4.2861 0.4770 -0.0164 4.2946 0.4806 -0.0255 4.2861 0.4790 -0.0245 4.2946 0.4825 -0.0337 4.2861 0.4817 -0.0323 4.2946 0.4852 -0.0416 4.2861 0.4852 -0.0399 4.2946 0.4885 -0.0491 4.2861 0.4894 -0.0471 4.2946 0.4925 -0.0562 4.2861 0.4942 -0.0539 4.2946 0.4972 -0.0628 4.2861 0.4997 -0.0603 4.2946 0.5025 -0.0689 4.2861 0.5058 -0.0662 4.2946 0.5083 -0.0744 4.2861 0.5124 -0.0714 4.2946 0.5147 -0.0793 4.2861 0.5196 -0.0761 4.2946 0.5215 -0.0835 4.2861 0.5271 -0.0801 4.2946 0.5287 -0.0869 4.2861 0.5350 -0.0835 4.2946 0.5363 -0.0897 4.2861 0.5431 -0.0861 4.2946 0.5441 -0.0917 4.2861 0.5515 -0.0880 4.2946 0.5522 -0.0928 4.2861 0.5600 -0.0891 4.2946 0.5604 -0.0932 4.2861 0.5686 -0.0895 4.2946 0.5686 -0.0928 4.2861 0.5772 -0.0932 4.2861 0.5686 -0.0958 4.2774 0.5775 -0.0928 4.2861 0.5772 -0.0945 4.2774 0.5863 -0.0917 4.2861 0.5858 -0.0925 4.2774 0.5950 -0.0897 4.2861 0.5942 -0.0897 4.2774 0.6034 -0.0869 4.2861 0.6023 -0.0861 4.2774 0.6115 -0.0835 4.2861 0.6102 -0.0818 4.2774 0.6193 -0.0793 4.2861 0.6177 -0.0768 4.2774 0.6266 -0.0744 4.2861 0.6248 -0.0711 4.2774 0.6334 -0.0689 4.2861 0.6315 -0.0648 4.2774 0.6397 -0.0628 4.2861 0.6375 -0.0580 4.2774 0.6454 -0.0562 4.2861 0.6431 -0.0506 4.2774 0.6504 -0.0491 4.2861 0.6479 -0.0429 4.2774 0.6547 -0.0416 4.2861 0.6521 -0.0347 4.2774 0.6583 -0.0337 4.2861 0.6556 -0.0263 4.2774 0.6611 -0.0255 4.2861 0.6583 -0.0177 4.2774 0.6632 -0.0171 4.2861 0.6603 -0.0089 4.2774 0.6644 -0.0086 4.2861 0.6615 0.0000 4.2774 0.6648 0.0000 4.2861 0.6619 0.0089 4.2774 0.6644 0.0086 4.2861 0.6615 0.0177 4.2774 0.6632 0.0171 4.2861 0.6603 0.0263 4.2774 0.6611 0.0255 4.2861 0.6583 0.0347 4.2774 0.6583 0.0337 4.2861 0.6556 0.0429 4.2774 0.6547 0.0416 4.2861 0.6521 0.0506 4.2774 0.6504 0.0491 4.2861 0.6479 0.0580 4.2774 0.6454 0.0562 4.2861 0.6431 0.0648 4.2774 0.6397 0.0628 4.2861 0.6375 0.0711 4.2774 0.6334 0.0689 4.2861 0.6315 0.0768 4.2774 0.6266 0.0744 4.2861 0.6248 0.0818 4.2774 0.6193 0.0793 4.2861 0.6177 0.0861 4.2774 0.6115 0.0835 4.2861 0.6102 0.0897 4.2774 0.6034 0.0869 4.2861 0.6023 0.0925 4.2774 0.5950 0.0897 4.2861 0.5942 0.0945 4.2774 0.5863 0.0917 4.2861 0.5858 0.0958 4.2774 0.5775 0.0928 4.2861 0.5772 0.0962 4.2774 0.5686 0.0932 4.2861 0.5686 0.0958 4.2774 0.5598 0.0928 4.2861 0.5600 0.0945 4.2774 0.5510 0.0917 4.2861 0.5515 0.0925 4.2774 0.5423 0.0897 4.2861 0.5431 0.0897 4.2774 0.5339 0.0869 4.2861 0.5350 0.0861 4.2774 0.5258 0.0835 4.2861 0.5271 0.0818 4.2774 0.5180 0.0793 4.2861 0.5196 0.0768 4.2774 0.5107 0.0744 4.2861 0.5124 0.0711 4.2774 0.5038 0.0689 4.2861 0.5058 0.0648 4.2774 0.4976 0.0628 4.2861 0.4997 0.0580 4.2774 0.4919 0.0562 4.2861 0.4942 0.0506 4.2774 0.4869 0.0491 4.2861 0.4894 0.0429 4.2774 0.4825 0.0416 4.2861 0.4852 0.0347 4.2774 0.4790 0.0337 4.2861 0.4817 0.0263 4.2774 0.4761 0.0255 4.2861 0.4790 0.0177 4.2774 0.4741 0.0171 4.2861 0.4770 0.0089 4.2774 0.4729 0.0086 4.2861 0.4758 0.0000 4.2774 0.4725 0.0000 4.2861 0.4754 -0.0089 4.2774 0.4729 -0.0086 4.2861 0.4758 -0.0177 4.2774 0.4741 -0.0171 4.2861 0.4770 -0.0263 4.2774 0.4761 -0.0255 4.2861 0.4790 -0.0347 4.2774 0.4790 -0.0337 4.2861 0.4817 -0.0429 4.2774 0.4825 -0.0416 4.2861 0.4852 -0.0506 4.2774 0.4869 -0.0491 4.2861 0.4894 -0.0580 4.2774 0.4919 -0.0562 4.2861 0.4942 -0.0648 4.2774 0.4976 -0.0628 4.2861 0.4997 -0.0711 4.2774 0.5038 -0.0689 4.2861 0.5058 -0.0768 4.2774 0.5107 -0.0744 4.2861 0.5124 -0.0818 4.2774 0.5180 -0.0793 4.2861 0.5196 -0.0861 4.2774 0.5258 -0.0835 4.2861 0.5271 -0.0897 4.2774 0.5339 -0.0869 4.2861 0.5350 -0.0925 4.2774 0.5423 -0.0897 4.2861 0.5431 -0.0945 4.2774 0.5510 -0.0917 4.2861 0.5515 -0.0958 4.2774 0.5598 -0.0928 4.2861 0.5600 -0.0962 4.2774 0.5686 -0.0932 4.2861 0.5686 -0.0958 4.2774 0.5775 -0.0962 4.2774 0.5686 -0.0979 4.2684 0.5777 -0.0958 4.2774 0.5775 -0.0966 4.2684 0.5867 -0.0945 4.2774 0.5863 -0.0945 4.2684 0.5955 -0.0925 4.2774 0.5950 -0.0917 4.2684 0.6041 -0.0897 4.2774 0.6034 -0.0880 4.2684 0.6125 -0.0861 4.2774 0.6115 -0.0836 4.2684 0.6204 -0.0818 4.2774 0.6193 -0.0784 4.2684 0.6279 -0.0768 4.2774 0.6266 -0.0726 4.2684 0.6349 -0.0711 4.2774 0.6334 -0.0662 4.2684 0.6413 -0.0648 4.2774 0.6397 -0.0592 4.2684 0.6471 -0.0580 4.2774 0.6454 -0.0517 4.2684 0.6522 -0.0506 4.2774 0.6504 -0.0438 4.2684 0.6566 -0.0429 4.2774 0.6547 -0.0355 4.2684 0.6603 -0.0347 4.2774 0.6583 -0.0269 4.2684 0.6632 -0.0263 4.2774 0.6611 -0.0181 4.2684 0.6653 -0.0177 4.2774 0.6632 -0.0091 4.2684 0.6665 -0.0089 4.2774 0.6644 0.0000 4.2684 0.6669 0.0000 4.2774 0.6648 0.0091 4.2684 0.6665 0.0089 4.2774 0.6644 0.0181 4.2684 0.6653 0.0177 4.2774 0.6632 0.0269 4.2684 0.6632 0.0263 4.2774 0.6611 0.0355 4.2684 0.6603 0.0347 4.2774 0.6583 0.0438 4.2684 0.6566 0.0429 4.2774 0.6547 0.0517 4.2684 0.6522 0.0506 4.2774 0.6504 0.0592 4.2684 0.6471 0.0580 4.2774 0.6454 0.0662 4.2684 0.6413 0.0648 4.2774 0.6397 0.0726 4.2684 0.6349 0.0711 4.2774 0.6334 0.0784 4.2684 0.6279 0.0768 4.2774 0.6266 0.0836 4.2684 0.6204 0.0818 4.2774 0.6193 0.0880 4.2684 0.6125 0.0861 4.2774 0.6115 0.0917 4.2684 0.6041 0.0897 4.2774 0.6034 0.0945 4.2684 0.5955 0.0925 4.2774 0.5950 0.0966 4.2684 0.5867 0.0945 4.2774 0.5863 0.0979 4.2684 0.5777 0.0958 4.2774 0.5775 0.0983 4.2684 0.5686 0.0962 4.2774 0.5686 0.0979 4.2684 0.5596 0.0958 4.2774 0.5598 0.0966 4.2684 0.5506 0.0945 4.2774 0.5510 0.0945 4.2684 0.5417 0.0925 4.2774 0.5423 0.0917 4.2684 0.5331 0.0897 4.2774 0.5339 0.0880 4.2684 0.5248 0.0861 4.2774 0.5258 0.0836 4.2684 0.5169 0.0818 4.2774 0.5180 0.0784 4.2684 0.5094 0.0768 4.2774 0.5107 0.0726 4.2684 0.5024 0.0711 4.2774 0.5038 0.0662 4.2684 0.4960 0.0648 4.2774 0.4976 0.0592 4.2684 0.4902 0.0580 4.2774 0.4919 0.0517 4.2684 0.4851 0.0506 4.2774 0.4869 0.0438 4.2684 0.4806 0.0429 4.2774 0.4825 0.0355 4.2684 0.4770 0.0347 4.2774 0.4790 0.0269 4.2684 0.4741 0.0263 4.2774 0.4761 0.0181 4.2684 0.4720 0.0177 4.2774 0.4741 0.0091 4.2684 0.4708 0.0089 4.2774 0.4729 0.0000 4.2684 0.4703 0.0000 4.2774 0.4725 -0.0091 4.2684 0.4708 -0.0089 4.2774 0.4729 -0.0181 4.2684 0.4720 -0.0177 4.2774 0.4741 -0.0269 4.2684 0.4741 -0.0263 4.2774 0.4761 -0.0355 4.2684 0.4770 -0.0347 4.2774 0.4790 -0.0438 4.2684 0.4806 -0.0429 4.2774 0.4825 -0.0517 4.2684 0.4851 -0.0506 4.2774 0.4869 -0.0592 4.2684 0.4902 -0.0580 4.2774 0.4919 -0.0662 4.2684 0.4960 -0.0648 4.2774 0.4976 -0.0726 4.2684 0.5024 -0.0711 4.2774 0.5038 -0.0784 4.2684 0.5094 -0.0768 4.2774 0.5107 -0.0836 4.2684 0.5169 -0.0818 4.2774 0.5180 -0.0880 4.2684 0.5248 -0.0861 4.2774 0.5258 -0.0917 4.2684 0.5331 -0.0897 4.2774 0.5339 -0.0945 4.2684 0.5417 -0.0925 4.2774 0.5423 -0.0966 4.2684 0.5506 -0.0945 4.2774 0.5510 -0.0979 4.2684 0.5596 -0.0958 4.2774 0.5598 -0.0983 4.2684 0.5686 -0.0962 4.2774 0.5686 -0.0979 4.2684 0.5777 -0.0983 4.2684 0.5686 -0.0991 4.2592 0.5778 -0.0979 4.2684 0.5777 -0.0979 4.2592 0.5869 -0.0966 4.2684 0.5867 -0.0958 4.2592 0.5959 -0.0945 4.2684 0.5955 -0.0928 4.2592 0.6046 -0.0917 4.2684 0.6041 -0.0891 4.2592 0.6130 -0.0880 4.2684 0.6125 -0.0847 4.2592 0.6211 -0.0836 4.2684 0.6204 -0.0795 4.2592 0.6286 -0.0784 4.2684 0.6279 -0.0736 4.2592 0.6357 -0.0726 4.2684 0.6349 -0.0671 4.2592 0.6422 -0.0662 4.2684 0.6413 -0.0600 4.2592 0.6481 -0.0592 4.2684 0.6471 -0.0524 4.2592 0.6533 -0.0517 4.2684 0.6522 -0.0444 4.2592 0.6578 -0.0438 4.2684 0.6566 -0.0360 4.2592 0.6615 -0.0355 4.2684 0.6603 -0.0272 4.2592 0.6644 -0.0269 4.2684 0.6632 -0.0183 4.2592 0.6665 -0.0181 4.2684 0.6653 -0.0092 4.2592 0.6678 -0.0091 4.2684 0.6665 0.0000 4.2592 0.6682 0.0000 4.2684 0.6669 0.0092 4.2592 0.6678 0.0091 4.2684 0.6665 0.0183 4.2592 0.6665 0.0181 4.2684 0.6653 0.0272 4.2592 0.6644 0.0269 4.2684 0.6632 0.0360 4.2592 0.6615 0.0355 4.2684 0.6603 0.0444 4.2592 0.6578 0.0438 4.2684 0.6566 0.0524 4.2592 0.6533 0.0517 4.2684 0.6522 0.0600 4.2592 0.6481 0.0592 4.2684 0.6471 0.0671 4.2592 0.6422 0.0662 4.2684 0.6413 0.0736 4.2592 0.6357 0.0726 4.2684 0.6349 0.0795 4.2592 0.6286 0.0784 4.2684 0.6279 0.0847 4.2592 0.6211 0.0836 4.2684 0.6204 0.0891 4.2592 0.6130 0.0880 4.2684 0.6125 0.0928 4.2592 0.6046 0.0917 4.2684 0.6041 0.0958 4.2592 0.5959 0.0945 4.2684 0.5955 0.0979 4.2592 0.5869 0.0966 4.2684 0.5867 0.0991 4.2592 0.5778 0.0979 4.2684 0.5777 0.0996 4.2592 0.5686 0.0983 4.2684 0.5686 0.0991 4.2592 0.5595 0.0979 4.2684 0.5596 0.0979 4.2592 0.5503 0.0966 4.2684 0.5506 0.0958 4.2592 0.5414 0.0945 4.2684 0.5417 0.0928 4.2592 0.5327 0.0917 4.2684 0.5331 0.0891 4.2592 0.5243 0.0880 4.2684 0.5248 0.0847 4.2592 0.5162 0.0836 4.2684 0.5169 0.0795 4.2592 0.5086 0.0784 4.2684 0.5094 0.0736 4.2592 0.5016 0.0726 4.2684 0.5024 0.0671 4.2592 0.4951 0.0662 4.2684 0.4960 0.0600 4.2592 0.4892 0.0592 4.2684 0.4902 0.0524 4.2592 0.4840 0.0517 4.2684 0.4851 0.0444 4.2592 0.4795 0.0438 4.2684 0.4806 0.0360 4.2592 0.4758 0.0355 4.2684 0.4770 0.0272 4.2592 0.4729 0.0269 4.2684 0.4741 0.0183 4.2592 0.4708 0.0181 4.2684 0.4720 0.0092 4.2592 0.4695 0.0091 4.2684 0.4708 0.0000 4.2592 0.4691 0.0000 4.2684 0.4703 -0.0092 4.2592 0.4695 -0.0091 4.2684 0.4708 -0.0183 4.2592 0.4708 -0.0181 4.2684 0.4720 -0.0272 4.2592 0.4729 -0.0269 4.2684 0.4741 -0.0360 4.2592 0.4758 -0.0355 4.2684 0.4770 -0.0444 4.2592 0.4795 -0.0438 4.2684 0.4806 -0.0524 4.2592 0.4840 -0.0517 4.2684 0.4851 -0.0600 4.2592 0.4892 -0.0592 4.2684 0.4902 -0.0671 4.2592 0.4951 -0.0662 4.2684 0.4960 -0.0736 4.2592 0.5016 -0.0726 4.2684 0.5024 -0.0795 4.2592 0.5086 -0.0784 4.2684 0.5094 -0.0847 4.2592 0.5162 -0.0836 4.2684 0.5169 -0.0891 4.2592 0.5243 -0.0880 4.2684 0.5248 -0.0928 4.2592 0.5327 -0.0917 4.2684 0.5331 -0.0958 4.2592 0.5414 -0.0945 4.2684 0.5417 -0.0979 4.2592 0.5503 -0.0966 4.2684 0.5506 -0.0991 4.2592 0.5595 -0.0979 4.2684 0.5596 -0.0996 4.2592 0.5686 -0.0983 4.2684 0.5686 -0.0991 4.2592 0.5778 -0.0996 4.2592 0.5686 -0.0996 4.2500 0.5779 -0.0991 4.2592 0.5778 -0.0983 4.2500 0.5870 -0.0979 4.2592 0.5869 -0.0962 4.2500 0.5960 -0.0958 4.2592 0.5959 -0.0932 4.2500 0.6048 -0.0928 4.2592 0.6046 -0.0895 4.2500 0.6132 -0.0891 4.2592 0.6130 -0.0850 4.2500 0.6213 -0.0847 4.2592 0.6211 -0.0798 4.2500 0.6289 -0.0795 4.2592 0.6286 -0.0739 4.2500 0.6360 -0.0736 4.2592 0.6357 -0.0674 4.2500 0.6425 -0.0671 4.2592 0.6422 -0.0603 4.2500 0.6484 -0.0600 4.2592 0.6481 -0.0526 4.2500 0.6537 -0.0524 4.2592 0.6533 -0.0446 4.2500 0.6582 -0.0444 4.2592 0.6578 -0.0361 4.2500 0.6619 -0.0360 4.2592 0.6615 -0.0274 4.2500 0.6648 -0.0272 4.2592 0.6644 -0.0184 4.2500 0.6669 -0.0183 4.2592 0.6665 -0.0092 4.2500 0.6682 -0.0092 4.2592 0.6678 0.0000 4.2500 0.6686 0.0000 4.2592 0.6682 0.0092 4.2500 0.6682 0.0092 4.2592 0.6678 0.0184 4.2500 0.6669 0.0183 4.2592 0.6665 0.0274 4.2500 0.6648 0.0272 4.2592 0.6644 0.0361 4.2500 0.6619 0.0360 4.2592 0.6615 0.0446 4.2500 0.6582 0.0444 4.2592 0.6578 0.0526 4.2500 0.6537 0.0524 4.2592 0.6533 0.0603 4.2500 0.6484 0.0600 4.2592 0.6481 0.0674 4.2500 0.6425 0.0671 4.2592 0.6422 0.0739 4.2500 0.6360 0.0736 4.2592 0.6357 0.0798 4.2500 0.6289 0.0795 4.2592 0.6286 0.0850 4.2500 0.6213 0.0847 4.2592 0.6211 0.0895 4.2500 0.6132 0.0891 4.2592 0.6130 0.0932 4.2500 0.6048 0.0928 4.2592 0.6046 0.0962 4.2500 0.5960 0.0958 4.2592 0.5959 0.0983 4.2500 0.5870 0.0979 4.2592 0.5869 0.0996 4.2500 0.5779 0.0991 4.2592 0.5778 0.1000 4.2500 0.5686 0.0996 4.2592 0.5686 0.0996 4.2500 0.5594 0.0991 4.2592 0.5595 0.0983 4.2500 0.5503 0.0979 4.2592 0.5503 0.0962 4.2500 0.5413 0.0958 4.2592 0.5414 0.0932 4.2500 0.5325 0.0928 4.2592 0.5327 0.0895 4.2500 0.5241 0.0891 4.2592 0.5243 0.0850 4.2500 0.5160 0.0847 4.2592 0.5162 0.0798 4.2500 0.5084 0.0795 4.2592 0.5086 0.0739 4.2500 0.5013 0.0736 4.2592 0.5016 0.0674 4.2500 0.4947 0.0671 4.2592 0.4951 0.0603 4.2500 0.4888 0.0600 4.2592 0.4892 0.0526 4.2500 0.4836 0.0524 4.2592 0.4840 0.0446 4.2500 0.4791 0.0444 4.2592 0.4795 0.0361 4.2500 0.4754 0.0360 4.2592 0.4758 0.0274 4.2500 0.4725 0.0272 4.2592 0.4729 0.0184 4.2500 0.4703 0.0183 4.2592 0.4708 0.0092 4.2500 0.4691 0.0092 4.2592 0.4695 0.0000 4.2500 0.4686 0.0000 4.2592 0.4691 -0.0092 4.2500 0.4691 -0.0092 4.2592 0.4695 -0.0184 4.2500 0.4703 -0.0183 4.2592 0.4708 -0.0274 4.2500 0.4725 -0.0272 4.2592 0.4729 -0.0361 4.2500 0.4754 -0.0360 4.2592 0.4758 -0.0446 4.2500 0.4791 -0.0444 4.2592 0.4795 -0.0526 4.2500 0.4836 -0.0524 4.2592 0.4840 -0.0603 4.2500 0.4888 -0.0600 4.2592 0.4892 -0.0674 4.2500 0.4947 -0.0671 4.2592 0.4951 -0.0739 4.2500 0.5013 -0.0736 4.2592 0.5016 -0.0798 4.2500 0.5084 -0.0795 4.2592 0.5086 -0.0850 4.2500 0.5160 -0.0847 4.2592 0.5162 -0.0895 4.2500 0.5241 -0.0891 4.2592 0.5243 -0.0932 4.2500 0.5325 -0.0928 4.2592 0.5327 -0.0962 4.2500 0.5413 -0.0958 4.2592 0.5414 -0.0983 4.2500 0.5503 -0.0979 4.2592 0.5503 -0.0996 4.2500 0.5594 -0.0991 4.2592 0.5595 -0.1000 4.2500 0.5686 -0.0996 4.2592 0.5686 -0.0996 4.2500 0.5779 -0.0091 4.1504 0.5703 -0.0092 4.1504 0.5695 0.0000 4.1500 0.5686 -0.0091 4.1504 0.5703 0.0000 4.1500 0.5686 -0.0089 4.1504 0.5712 -0.0086 4.1504 0.5720 -0.0089 4.1504 0.5712 0.0000 4.1500 0.5686 -0.0083 4.1504 0.5728 -0.0086 4.1504 0.5720 0.0000 4.1500 0.5686 -0.0078 4.1504 0.5735 -0.0083 4.1504 0.5728 0.0000 4.1500 0.5686 -0.0074 4.1504 0.5742 -0.0078 4.1504 0.5735 0.0000 4.1500 0.5686 -0.0068 4.1504 0.5749 -0.0074 4.1504 0.5742 0.0000 4.1500 0.5686 -0.0062 4.1504 0.5755 -0.0068 4.1504 0.5749 0.0000 4.1500 0.5686 -0.0056 4.1504 0.5760 -0.0062 4.1504 0.5755 0.0000 4.1500 0.5686 -0.0049 4.1504 0.5765 -0.0056 4.1504 0.5760 0.0000 4.1500 0.5686 -0.0041 4.1504 0.5769 -0.0049 4.1504 0.5765 0.0000 4.1500 0.5686 -0.0033 4.1504 0.5772 -0.0041 4.1504 0.5769 0.0000 4.1500 0.5686 -0.0025 4.1504 0.5775 -0.0033 4.1504 0.5772 0.0000 4.1500 0.5686 -0.0017 4.1504 0.5777 -0.0025 4.1504 0.5775 0.0000 4.1500 0.5686 -0.0009 4.1504 0.5778 -0.0017 4.1504 0.5777 0.0000 4.1500 0.5686 0.0000 4.1504 0.5779 -0.0009 4.1504 0.5778 0.0000 4.1500 0.5686 0.0009 4.1504 0.5778 0.0000 4.1504 0.5779 0.0000 4.1500 0.5686 0.0017 4.1504 0.5777 0.0009 4.1504 0.5778 0.0000 4.1500 0.5686 0.0025 4.1504 0.5775 0.0017 4.1504 0.5777 0.0000 4.1500 0.5686 0.0033 4.1504 0.5772 0.0025 4.1504 0.5775 0.0000 4.1500 0.5686 0.0041 4.1504 0.5769 0.0033 4.1504 0.5772 0.0000 4.1500 0.5686 0.0049 4.1504 0.5765 0.0041 4.1504 0.5769 0.0000 4.1500 0.5686 0.0056 4.1504 0.5760 0.0049 4.1504 0.5765 0.0000 4.1500 0.5686 0.0062 4.1504 0.5755 0.0056 4.1504 0.5760 0.0000 4.1500 0.5686 0.0068 4.1504 0.5749 0.0062 4.1504 0.5755 0.0000 4.1500 0.5686 0.0074 4.1504 0.5742 0.0068 4.1504 0.5749 0.0000 4.1500 0.5686 0.0078 4.1504 0.5735 0.0074 4.1504 0.5742 0.0000 4.1500 0.5686 0.0083 4.1504 0.5728 0.0078 4.1504 0.5735 0.0000 4.1500 0.5686 0.0086 4.1504 0.5720 0.0083 4.1504 0.5728 0.0000 4.1500 0.5686 0.0089 4.1504 0.5712 0.0086 4.1504 0.5720 0.0000 4.1500 0.5686 0.0091 4.1504 0.5703 0.0089 4.1504 0.5712 0.0000 4.1500 0.5686 0.0092 4.1504 0.5695 0.0091 4.1504 0.5703 0.0000 4.1500 0.5686 0.0092 4.1504 0.5686 0.0092 4.1504 0.5695 0.0000 4.1500 0.5686 0.0092 4.1504 0.5678 0.0092 4.1504 0.5686 0.0000 4.1500 0.5686 0.0091 4.1504 0.5669 0.0092 4.1504 0.5678 0.0000 4.1500 0.5686 0.0089 4.1504 0.5661 0.0091 4.1504 0.5669 0.0000 4.1500 0.5686 0.0086 4.1504 0.5653 0.0089 4.1504 0.5661 0.0000 4.1500 0.5686 0.0083 4.1504 0.5645 0.0086 4.1504 0.5653 0.0000 4.1500 0.5686 0.0078 4.1504 0.5638 0.0083 4.1504 0.5645 0.0000 4.1500 0.5686 0.0074 4.1504 0.5631 0.0078 4.1504 0.5638 0.0000 4.1500 0.5686 0.0068 4.1504 0.5624 0.0074 4.1504 0.5631 0.0000 4.1500 0.5686 0.0062 4.1504 0.5618 0.0068 4.1504 0.5624 0.0000 4.1500 0.5686 0.0056 4.1504 0.5613 0.0062 4.1504 0.5618 0.0000 4.1500 0.5686 0.0049 4.1504 0.5608 0.0056 4.1504 0.5613 0.0000 4.1500 0.5686 0.0041 4.1504 0.5604 0.0049 4.1504 0.5608 0.0000 4.1500 0.5686 0.0033 4.1504 0.5600 0.0041 4.1504 0.5604 0.0000 4.1500 0.5686 0.0025 4.1504 0.5598 0.0033 4.1504 0.5600 0.0000 4.1500 0.5686 0.0017 4.1504 0.5596 0.0025 4.1504 0.5598 0.0000 4.1500 0.5686 0.0009 4.1504 0.5595 0.0017 4.1504 0.5596 0.0000 4.1500 0.5686 0.0000 4.1504 0.5594 0.0009 4.1504 0.5595 0.0000 4.1500 0.5686 -0.0009 4.1504 0.5595 0.0000 4.1504 0.5594 0.0000 4.1500 0.5686 -0.0017 4.1504 0.5596 -0.0009 4.1504 0.5595 0.0000 4.1500 0.5686 -0.0025 4.1504 0.5598 -0.0017 4.1504 0.5596 0.0000 4.1500 0.5686 -0.0033 4.1504 0.5600 -0.0025 4.1504 0.5598 0.0000 4.1500 0.5686 -0.0041 4.1504 0.5604 -0.0033 4.1504 0.5600 0.0000 4.1500 0.5686 -0.0049 4.1504 0.5608 -0.0041 4.1504 0.5604 0.0000 4.1500 0.5686 -0.0056 4.1504 0.5613 -0.0049 4.1504 0.5608 0.0000 4.1500 0.5686 -0.0062 4.1504 0.5618 -0.0056 4.1504 0.5613 0.0000 4.1500 0.5686 -0.0068 4.1504 0.5624 -0.0062 4.1504 0.5618 0.0000 4.1500 0.5686 -0.0074 4.1504 0.5631 -0.0068 4.1504 0.5624 0.0000 4.1500 0.5686 -0.0078 4.1504 0.5638 -0.0074 4.1504 0.5631 0.0000 4.1500 0.5686 -0.0083 4.1504 0.5645 -0.0078 4.1504 0.5638 0.0000 4.1500 0.5686 -0.0086 4.1504 0.5653 -0.0083 4.1504 0.5645 0.0000 4.1500 0.5686 -0.0089 4.1504 0.5661 -0.0086 4.1504 0.5653 0.0000 4.1500 0.5686 -0.0091 4.1504 0.5669 -0.0089 4.1504 0.5661 0.0000 4.1500 0.5686 -0.0092 4.1504 0.5678 -0.0091 4.1504 0.5669 0.0000 4.1500 0.5686 -0.0092 4.1504 0.5686 -0.0092 4.1504 0.5678 0.0000 4.1500 0.5686 -0.0092 4.1504 0.5695 -0.0092 4.1504 0.5686 0.0000 4.1500 0.5686 -0.1000 4.2500 0.5686 -0.0991 4.2408 0.5778 -0.0996 4.2500 0.5779 -0.0979 4.2408 0.5869 -0.0983 4.2500 0.5870 -0.0958 4.2408 0.5959 -0.0962 4.2500 0.5960 -0.0928 4.2408 0.6046 -0.0932 4.2500 0.6048 -0.0891 4.2408 0.6130 -0.0895 4.2500 0.6132 -0.0847 4.2408 0.6211 -0.0850 4.2500 0.6213 -0.0795 4.2408 0.6286 -0.0798 4.2500 0.6289 -0.0736 4.2408 0.6357 -0.0739 4.2500 0.6360 -0.0671 4.2408 0.6422 -0.0674 4.2500 0.6425 -0.0600 4.2408 0.6481 -0.0603 4.2500 0.6484 -0.0524 4.2408 0.6533 -0.0526 4.2500 0.6537 -0.0444 4.2408 0.6578 -0.0446 4.2500 0.6582 -0.0360 4.2408 0.6615 -0.0361 4.2500 0.6619 -0.0272 4.2408 0.6644 -0.0274 4.2500 0.6648 -0.0183 4.2408 0.6665 -0.0184 4.2500 0.6669 -0.0092 4.2408 0.6678 -0.0092 4.2500 0.6682 0.0000 4.2408 0.6682 0.0000 4.2500 0.6686 0.0092 4.2408 0.6678 0.0092 4.2500 0.6682 0.0183 4.2408 0.6665 0.0184 4.2500 0.6669 0.0272 4.2408 0.6644 0.0274 4.2500 0.6648 0.0360 4.2408 0.6615 0.0361 4.2500 0.6619 0.0444 4.2408 0.6578 0.0446 4.2500 0.6582 0.0524 4.2408 0.6533 0.0526 4.2500 0.6537 0.0600 4.2408 0.6481 0.0603 4.2500 0.6484 0.0671 4.2408 0.6422 0.0674 4.2500 0.6425 0.0736 4.2408 0.6357 0.0739 4.2500 0.6360 0.0795 4.2408 0.6286 0.0798 4.2500 0.6289 0.0847 4.2408 0.6211 0.0850 4.2500 0.6213 0.0891 4.2408 0.6130 0.0895 4.2500 0.6132 0.0928 4.2408 0.6046 0.0932 4.2500 0.6048 0.0958 4.2408 0.5959 0.0962 4.2500 0.5960 0.0979 4.2408 0.5869 0.0983 4.2500 0.5870 0.0991 4.2408 0.5778 0.0996 4.2500 0.5779 0.0996 4.2408 0.5686 0.1000 4.2500 0.5686 0.0991 4.2408 0.5595 0.0996 4.2500 0.5594 0.0979 4.2408 0.5503 0.0983 4.2500 0.5503 0.0958 4.2408 0.5414 0.0962 4.2500 0.5413 0.0928 4.2408 0.5327 0.0932 4.2500 0.5325 0.0891 4.2408 0.5243 0.0895 4.2500 0.5241 0.0847 4.2408 0.5162 0.0850 4.2500 0.5160 0.0795 4.2408 0.5086 0.0798 4.2500 0.5084 0.0736 4.2408 0.5016 0.0739 4.2500 0.5013 0.0671 4.2408 0.4951 0.0674 4.2500 0.4947 0.0600 4.2408 0.4892 0.0603 4.2500 0.4888 0.0524 4.2408 0.4840 0.0526 4.2500 0.4836 0.0444 4.2408 0.4795 0.0446 4.2500 0.4791 0.0360 4.2408 0.4758 0.0361 4.2500 0.4754 0.0272 4.2408 0.4729 0.0274 4.2500 0.4725 0.0183 4.2408 0.4708 0.0184 4.2500 0.4703 0.0092 4.2408 0.4695 0.0092 4.2500 0.4691 0.0000 4.2408 0.4691 0.0000 4.2500 0.4686 -0.0092 4.2408 0.4695 -0.0092 4.2500 0.4691 -0.0183 4.2408 0.4708 -0.0184 4.2500 0.4703 -0.0272 4.2408 0.4729 -0.0274 4.2500 0.4725 -0.0360 4.2408 0.4758 -0.0361 4.2500 0.4754 -0.0444 4.2408 0.4795 -0.0446 4.2500 0.4791 -0.0524 4.2408 0.4840 -0.0526 4.2500 0.4836 -0.0600 4.2408 0.4892 -0.0603 4.2500 0.4888 -0.0671 4.2408 0.4951 -0.0674 4.2500 0.4947 -0.0736 4.2408 0.5016 -0.0739 4.2500 0.5013 -0.0795 4.2408 0.5086 -0.0798 4.2500 0.5084 -0.0847 4.2408 0.5162 -0.0850 4.2500 0.5160 -0.0891 4.2408 0.5243 -0.0895 4.2500 0.5241 -0.0928 4.2408 0.5327 -0.0932 4.2500 0.5325 -0.0958 4.2408 0.5414 -0.0962 4.2500 0.5413 -0.0979 4.2408 0.5503 -0.0983 4.2500 0.5503 -0.0991 4.2408 0.5595 -0.0996 4.2500 0.5594 -0.0996 4.2408 0.5686 -0.1000 4.2500 0.5686 -0.0991 4.2408 0.5778 -0.0996 4.2408 0.5686 -0.0979 4.2316 0.5777 -0.0991 4.2408 0.5778 -0.0966 4.2316 0.5867 -0.0979 4.2408 0.5869 -0.0945 4.2316 0.5955 -0.0958 4.2408 0.5959 -0.0917 4.2316 0.6041 -0.0928 4.2408 0.6046 -0.0880 4.2316 0.6125 -0.0891 4.2408 0.6130 -0.0836 4.2316 0.6204 -0.0847 4.2408 0.6211 -0.0784 4.2316 0.6279 -0.0795 4.2408 0.6286 -0.0726 4.2316 0.6349 -0.0736 4.2408 0.6357 -0.0662 4.2316 0.6413 -0.0671 4.2408 0.6422 -0.0592 4.2316 0.6471 -0.0600 4.2408 0.6481 -0.0517 4.2316 0.6522 -0.0524 4.2408 0.6533 -0.0438 4.2316 0.6566 -0.0444 4.2408 0.6578 -0.0355 4.2316 0.6603 -0.0360 4.2408 0.6615 -0.0269 4.2316 0.6632 -0.0272 4.2408 0.6644 -0.0181 4.2316 0.6653 -0.0183 4.2408 0.6665 -0.0091 4.2316 0.6665 -0.0092 4.2408 0.6678 0.0000 4.2316 0.6669 0.0000 4.2408 0.6682 0.0091 4.2316 0.6665 0.0092 4.2408 0.6678 0.0181 4.2316 0.6653 0.0183 4.2408 0.6665 0.0269 4.2316 0.6632 0.0272 4.2408 0.6644 0.0355 4.2316 0.6603 0.0360 4.2408 0.6615 0.0438 4.2316 0.6566 0.0444 4.2408 0.6578 0.0517 4.2316 0.6522 0.0524 4.2408 0.6533 0.0592 4.2316 0.6471 0.0600 4.2408 0.6481 0.0662 4.2316 0.6413 0.0671 4.2408 0.6422 0.0726 4.2316 0.6349 0.0736 4.2408 0.6357 0.0784 4.2316 0.6279 0.0795 4.2408 0.6286 0.0836 4.2316 0.6204 0.0847 4.2408 0.6211 0.0880 4.2316 0.6125 0.0891 4.2408 0.6130 0.0917 4.2316 0.6041 0.0928 4.2408 0.6046 0.0945 4.2316 0.5955 0.0958 4.2408 0.5959 0.0966 4.2316 0.5867 0.0979 4.2408 0.5869 0.0979 4.2316 0.5777 0.0991 4.2408 0.5778 0.0983 4.2316 0.5686 0.0996 4.2408 0.5686 0.0979 4.2316 0.5596 0.0991 4.2408 0.5595 0.0966 4.2316 0.5506 0.0979 4.2408 0.5503 0.0945 4.2316 0.5417 0.0958 4.2408 0.5414 0.0917 4.2316 0.5331 0.0928 4.2408 0.5327 0.0880 4.2316 0.5248 0.0891 4.2408 0.5243 0.0836 4.2316 0.5169 0.0847 4.2408 0.5162 0.0784 4.2316 0.5094 0.0795 4.2408 0.5086 0.0726 4.2316 0.5024 0.0736 4.2408 0.5016 0.0662 4.2316 0.4960 0.0671 4.2408 0.4951 0.0592 4.2316 0.4902 0.0600 4.2408 0.4892 0.0517 4.2316 0.4851 0.0524 4.2408 0.4840 0.0438 4.2316 0.4806 0.0444 4.2408 0.4795 0.0355 4.2316 0.4770 0.0360 4.2408 0.4758 0.0269 4.2316 0.4741 0.0272 4.2408 0.4729 0.0181 4.2316 0.4720 0.0183 4.2408 0.4708 0.0091 4.2316 0.4708 0.0092 4.2408 0.4695 0.0000 4.2316 0.4703 0.0000 4.2408 0.4691 -0.0091 4.2316 0.4708 -0.0092 4.2408 0.4695 -0.0181 4.2316 0.4720 -0.0183 4.2408 0.4708 -0.0269 4.2316 0.4741 -0.0272 4.2408 0.4729 -0.0355 4.2316 0.4770 -0.0360 4.2408 0.4758 -0.0438 4.2316 0.4806 -0.0444 4.2408 0.4795 -0.0517 4.2316 0.4851 -0.0524 4.2408 0.4840 -0.0592 4.2316 0.4902 -0.0600 4.2408 0.4892 -0.0662 4.2316 0.4960 -0.0671 4.2408 0.4951 -0.0726 4.2316 0.5024 -0.0736 4.2408 0.5016 -0.0784 4.2316 0.5094 -0.0795 4.2408 0.5086 -0.0836 4.2316 0.5169 -0.0847 4.2408 0.5162 -0.0880 4.2316 0.5248 -0.0891 4.2408 0.5243 -0.0917 4.2316 0.5331 -0.0928 4.2408 0.5327 -0.0945 4.2316 0.5417 -0.0958 4.2408 0.5414 -0.0966 4.2316 0.5506 -0.0979 4.2408 0.5503 -0.0979 4.2316 0.5596 -0.0991 4.2408 0.5595 -0.0983 4.2316 0.5686 -0.0996 4.2408 0.5686 -0.0979 4.2316 0.5777 -0.0983 4.2316 0.5686 -0.0958 4.2226 0.5775 -0.0979 4.2316 0.5777 -0.0945 4.2226 0.5863 -0.0966 4.2316 0.5867 -0.0925 4.2226 0.5950 -0.0945 4.2316 0.5955 -0.0897 4.2226 0.6034 -0.0917 4.2316 0.6041 -0.0861 4.2226 0.6115 -0.0880 4.2316 0.6125 -0.0818 4.2226 0.6193 -0.0836 4.2316 0.6204 -0.0768 4.2226 0.6266 -0.0784 4.2316 0.6279 -0.0711 4.2226 0.6334 -0.0726 4.2316 0.6349 -0.0648 4.2226 0.6397 -0.0662 4.2316 0.6413 -0.0580 4.2226 0.6454 -0.0592 4.2316 0.6471 -0.0506 4.2226 0.6504 -0.0517 4.2316 0.6522 -0.0429 4.2226 0.6547 -0.0438 4.2316 0.6566 -0.0347 4.2226 0.6583 -0.0355 4.2316 0.6603 -0.0263 4.2226 0.6611 -0.0269 4.2316 0.6632 -0.0177 4.2226 0.6632 -0.0181 4.2316 0.6653 -0.0089 4.2226 0.6644 -0.0091 4.2316 0.6665 0.0000 4.2226 0.6648 0.0000 4.2316 0.6669 0.0089 4.2226 0.6644 0.0091 4.2316 0.6665 0.0177 4.2226 0.6632 0.0181 4.2316 0.6653 0.0263 4.2226 0.6611 0.0269 4.2316 0.6632 0.0347 4.2226 0.6583 0.0355 4.2316 0.6603 0.0429 4.2226 0.6547 0.0438 4.2316 0.6566 0.0506 4.2226 0.6504 0.0517 4.2316 0.6522 0.0580 4.2226 0.6454 0.0592 4.2316 0.6471 0.0648 4.2226 0.6397 0.0662 4.2316 0.6413 0.0711 4.2226 0.6334 0.0726 4.2316 0.6349 0.0768 4.2226 0.6266 0.0784 4.2316 0.6279 0.0818 4.2226 0.6193 0.0836 4.2316 0.6204 0.0861 4.2226 0.6115 0.0880 4.2316 0.6125 0.0897 4.2226 0.6034 0.0917 4.2316 0.6041 0.0925 4.2226 0.5950 0.0945 4.2316 0.5955 0.0945 4.2226 0.5863 0.0966 4.2316 0.5867 0.0958 4.2226 0.5775 0.0979 4.2316 0.5777 0.0962 4.2226 0.5686 0.0983 4.2316 0.5686 0.0958 4.2226 0.5598 0.0979 4.2316 0.5596 0.0945 4.2226 0.5510 0.0966 4.2316 0.5506 0.0925 4.2226 0.5423 0.0945 4.2316 0.5417 0.0897 4.2226 0.5339 0.0917 4.2316 0.5331 0.0861 4.2226 0.5258 0.0880 4.2316 0.5248 0.0818 4.2226 0.5180 0.0836 4.2316 0.5169 0.0768 4.2226 0.5107 0.0784 4.2316 0.5094 0.0711 4.2226 0.5038 0.0726 4.2316 0.5024 0.0648 4.2226 0.4976 0.0662 4.2316 0.4960 0.0580 4.2226 0.4919 0.0592 4.2316 0.4902 0.0506 4.2226 0.4869 0.0517 4.2316 0.4851 0.0429 4.2226 0.4825 0.0438 4.2316 0.4806 0.0347 4.2226 0.4790 0.0355 4.2316 0.4770 0.0263 4.2226 0.4761 0.0269 4.2316 0.4741 0.0177 4.2226 0.4741 0.0181 4.2316 0.4720 0.0089 4.2226 0.4729 0.0091 4.2316 0.4708 0.0000 4.2226 0.4725 0.0000 4.2316 0.4703 -0.0089 4.2226 0.4729 -0.0091 4.2316 0.4708 -0.0177 4.2226 0.4741 -0.0181 4.2316 0.4720 -0.0263 4.2226 0.4761 -0.0269 4.2316 0.4741 -0.0347 4.2226 0.4790 -0.0355 4.2316 0.4770 -0.0429 4.2226 0.4825 -0.0438 4.2316 0.4806 -0.0506 4.2226 0.4869 -0.0517 4.2316 0.4851 -0.0580 4.2226 0.4919 -0.0592 4.2316 0.4902 -0.0648 4.2226 0.4976 -0.0662 4.2316 0.4960 -0.0711 4.2226 0.5038 -0.0726 4.2316 0.5024 -0.0768 4.2226 0.5107 -0.0784 4.2316 0.5094 -0.0818 4.2226 0.5180 -0.0836 4.2316 0.5169 -0.0861 4.2226 0.5258 -0.0880 4.2316 0.5248 -0.0897 4.2226 0.5339 -0.0917 4.2316 0.5331 -0.0925 4.2226 0.5423 -0.0945 4.2316 0.5417 -0.0945 4.2226 0.5510 -0.0966 4.2316 0.5506 -0.0958 4.2226 0.5598 -0.0979 4.2316 0.5596 -0.0962 4.2226 0.5686 -0.0983 4.2316 0.5686 -0.0958 4.2226 0.5775 -0.0962 4.2226 0.5686 -0.0928 4.2139 0.5772 -0.0958 4.2226 0.5775 -0.0917 4.2139 0.5858 -0.0945 4.2226 0.5863 -0.0897 4.2139 0.5942 -0.0925 4.2226 0.5950 -0.0869 4.2139 0.6023 -0.0897 4.2226 0.6034 -0.0835 4.2139 0.6102 -0.0861 4.2226 0.6115 -0.0793 4.2139 0.6177 -0.0818 4.2226 0.6193 -0.0744 4.2139 0.6248 -0.0768 4.2226 0.6266 -0.0689 4.2139 0.6315 -0.0711 4.2226 0.6334 -0.0628 4.2139 0.6375 -0.0648 4.2226 0.6397 -0.0562 4.2139 0.6431 -0.0580 4.2226 0.6454 -0.0491 4.2139 0.6479 -0.0506 4.2226 0.6504 -0.0416 4.2139 0.6521 -0.0429 4.2226 0.6547 -0.0337 4.2139 0.6556 -0.0347 4.2226 0.6583 -0.0255 4.2139 0.6583 -0.0263 4.2226 0.6611 -0.0171 4.2139 0.6603 -0.0177 4.2226 0.6632 -0.0086 4.2139 0.6615 -0.0089 4.2226 0.6644 0.0000 4.2139 0.6619 0.0000 4.2226 0.6648 0.0086 4.2139 0.6615 0.0089 4.2226 0.6644 0.0171 4.2139 0.6603 0.0177 4.2226 0.6632 0.0255 4.2139 0.6583 0.0263 4.2226 0.6611 0.0337 4.2139 0.6556 0.0347 4.2226 0.6583 0.0416 4.2139 0.6521 0.0429 4.2226 0.6547 0.0491 4.2139 0.6479 0.0506 4.2226 0.6504 0.0562 4.2139 0.6431 0.0580 4.2226 0.6454 0.0628 4.2139 0.6375 0.0648 4.2226 0.6397 0.0689 4.2139 0.6315 0.0711 4.2226 0.6334 0.0744 4.2139 0.6248 0.0768 4.2226 0.6266 0.0793 4.2139 0.6177 0.0818 4.2226 0.6193 0.0835 4.2139 0.6102 0.0861 4.2226 0.6115 0.0869 4.2139 0.6023 0.0897 4.2226 0.6034 0.0897 4.2139 0.5942 0.0925 4.2226 0.5950 0.0917 4.2139 0.5858 0.0945 4.2226 0.5863 0.0928 4.2139 0.5772 0.0958 4.2226 0.5775 0.0932 4.2139 0.5686 0.0962 4.2226 0.5686 0.0928 4.2139 0.5600 0.0958 4.2226 0.5598 0.0917 4.2139 0.5515 0.0945 4.2226 0.5510 0.0897 4.2139 0.5431 0.0925 4.2226 0.5423 0.0869 4.2139 0.5350 0.0897 4.2226 0.5339 0.0835 4.2139 0.5271 0.0861 4.2226 0.5258 0.0793 4.2139 0.5196 0.0818 4.2226 0.5180 0.0744 4.2139 0.5124 0.0768 4.2226 0.5107 0.0689 4.2139 0.5058 0.0711 4.2226 0.5038 0.0628 4.2139 0.4997 0.0648 4.2226 0.4976 0.0562 4.2139 0.4942 0.0580 4.2226 0.4919 0.0491 4.2139 0.4894 0.0506 4.2226 0.4869 0.0416 4.2139 0.4852 0.0429 4.2226 0.4825 0.0337 4.2139 0.4817 0.0347 4.2226 0.4790 0.0255 4.2139 0.4790 0.0263 4.2226 0.4761 0.0171 4.2139 0.4770 0.0177 4.2226 0.4741 0.0086 4.2139 0.4758 0.0089 4.2226 0.4729 0.0000 4.2139 0.4754 0.0000 4.2226 0.4725 -0.0086 4.2139 0.4758 -0.0089 4.2226 0.4729 -0.0171 4.2139 0.4770 -0.0177 4.2226 0.4741 -0.0255 4.2139 0.4790 -0.0263 4.2226 0.4761 -0.0337 4.2139 0.4817 -0.0347 4.2226 0.4790 -0.0416 4.2139 0.4852 -0.0429 4.2226 0.4825 -0.0491 4.2139 0.4894 -0.0506 4.2226 0.4869 -0.0562 4.2139 0.4942 -0.0580 4.2226 0.4919 -0.0628 4.2139 0.4997 -0.0648 4.2226 0.4976 -0.0689 4.2139 0.5058 -0.0711 4.2226 0.5038 -0.0744 4.2139 0.5124 -0.0768 4.2226 0.5107 -0.0793 4.2139 0.5196 -0.0818 4.2226 0.5180 -0.0835 4.2139 0.5271 -0.0861 4.2226 0.5258 -0.0869 4.2139 0.5350 -0.0897 4.2226 0.5339 -0.0897 4.2139 0.5431 -0.0925 4.2226 0.5423 -0.0917 4.2139 0.5515 -0.0945 4.2226 0.5510 -0.0928 4.2139 0.5600 -0.0958 4.2226 0.5598 -0.0932 4.2139 0.5686 -0.0962 4.2226 0.5686 -0.0928 4.2139 0.5772 -0.0932 4.2139 0.5686 -0.0891 4.2054 0.5769 -0.0928 4.2139 0.5772 -0.0880 4.2054 0.5851 -0.0917 4.2139 0.5858 -0.0861 4.2054 0.5931 -0.0897 4.2139 0.5942 -0.0835 4.2054 0.6010 -0.0869 4.2139 0.6023 -0.0801 4.2054 0.6085 -0.0835 4.2139 0.6102 -0.0761 4.2054 0.6158 -0.0793 4.2139 0.6177 -0.0714 4.2054 0.6226 -0.0744 4.2139 0.6248 -0.0662 4.2054 0.6289 -0.0689 4.2139 0.6315 -0.0603 4.2054 0.6348 -0.0628 4.2139 0.6375 -0.0539 4.2054 0.6401 -0.0562 4.2139 0.6431 -0.0471 4.2054 0.6447 -0.0491 4.2139 0.6479 -0.0399 4.2054 0.6488 -0.0416 4.2139 0.6521 -0.0323 4.2054 0.6521 -0.0337 4.2139 0.6556 -0.0245 4.2054 0.6547 -0.0255 4.2139 0.6583 -0.0164 4.2054 0.6566 -0.0171 4.2139 0.6603 -0.0083 4.2054 0.6578 -0.0086 4.2139 0.6615 0.0000 4.2054 0.6582 0.0000 4.2139 0.6619 0.0083 4.2054 0.6578 0.0086 4.2139 0.6615 0.0164 4.2054 0.6566 0.0171 4.2139 0.6603 0.0245 4.2054 0.6547 0.0255 4.2139 0.6583 0.0323 4.2054 0.6521 0.0337 4.2139 0.6556 0.0399 4.2054 0.6488 0.0416 4.2139 0.6521 0.0471 4.2054 0.6447 0.0491 4.2139 0.6479 0.0539 4.2054 0.6401 0.0562 4.2139 0.6431 0.0603 4.2054 0.6348 0.0628 4.2139 0.6375 0.0662 4.2054 0.6289 0.0689 4.2139 0.6315 0.0714 4.2054 0.6226 0.0744 4.2139 0.6248 0.0761 4.2054 0.6158 0.0793 4.2139 0.6177 0.0801 4.2054 0.6085 0.0835 4.2139 0.6102 0.0835 4.2054 0.6010 0.0869 4.2139 0.6023 0.0861 4.2054 0.5931 0.0897 4.2139 0.5942 0.0880 4.2054 0.5851 0.0917 4.2139 0.5858 0.0891 4.2054 0.5769 0.0928 4.2139 0.5772 0.0895 4.2054 0.5686 0.0932 4.2139 0.5686 0.0891 4.2054 0.5604 0.0928 4.2139 0.5600 0.0880 4.2054 0.5522 0.0917 4.2139 0.5515 0.0861 4.2054 0.5441 0.0897 4.2139 0.5431 0.0835 4.2054 0.5363 0.0869 4.2139 0.5350 0.0801 4.2054 0.5287 0.0835 4.2139 0.5271 0.0761 4.2054 0.5215 0.0793 4.2139 0.5196 0.0714 4.2054 0.5147 0.0744 4.2139 0.5124 0.0662 4.2054 0.5083 0.0689 4.2139 0.5058 0.0603 4.2054 0.5025 0.0628 4.2139 0.4997 0.0539 4.2054 0.4972 0.0562 4.2139 0.4942 0.0471 4.2054 0.4925 0.0491 4.2139 0.4894 0.0399 4.2054 0.4885 0.0416 4.2139 0.4852 0.0323 4.2054 0.4852 0.0337 4.2139 0.4817 0.0245 4.2054 0.4825 0.0255 4.2139 0.4790 0.0164 4.2054 0.4806 0.0171 4.2139 0.4770 0.0083 4.2054 0.4795 0.0086 4.2139 0.4758 0.0000 4.2054 0.4791 0.0000 4.2139 0.4754 -0.0083 4.2054 0.4795 -0.0086 4.2139 0.4758 -0.0164 4.2054 0.4806 -0.0171 4.2139 0.4770 -0.0245 4.2054 0.4825 -0.0255 4.2139 0.4790 -0.0323 4.2054 0.4852 -0.0337 4.2139 0.4817 -0.0399 4.2054 0.4885 -0.0416 4.2139 0.4852 -0.0471 4.2054 0.4925 -0.0491 4.2139 0.4894 -0.0539 4.2054 0.4972 -0.0562 4.2139 0.4942 -0.0603 4.2054 0.5025 -0.0628 4.2139 0.4997 -0.0662 4.2054 0.5083 -0.0689 4.2139 0.5058 -0.0714 4.2054 0.5147 -0.0744 4.2139 0.5124 -0.0761 4.2054 0.5215 -0.0793 4.2139 0.5196 -0.0801 4.2054 0.5287 -0.0835 4.2139 0.5271 -0.0835 4.2054 0.5363 -0.0869 4.2139 0.5350 -0.0861 4.2054 0.5441 -0.0897 4.2139 0.5431 -0.0880 4.2054 0.5522 -0.0917 4.2139 0.5515 -0.0891 4.2054 0.5604 -0.0928 4.2139 0.5600 -0.0895 4.2054 0.5686 -0.0932 4.2139 0.5686 -0.0891 4.2054 0.5769 -0.0895 4.2054 0.5686 -0.0847 4.1974 0.5765 -0.0891 4.2054 0.5769 -0.0836 4.1974 0.5843 -0.0880 4.2054 0.5851 -0.0818 4.1974 0.5919 -0.0861 4.2054 0.5931 -0.0793 4.1974 0.5994 -0.0835 4.2054 0.6010 -0.0761 4.1974 0.6065 -0.0801 4.2054 0.6085 -0.0723 4.1974 0.6134 -0.0761 4.2054 0.6158 -0.0678 4.1974 0.6199 -0.0714 4.2054 0.6226 -0.0628 4.1974 0.6259 -0.0662 4.2054 0.6289 -0.0573 4.1974 0.6315 -0.0603 4.2054 0.6348 -0.0512 4.1974 0.6365 -0.0539 4.2054 0.6401 -0.0448 4.1974 0.6409 -0.0471 4.2054 0.6447 -0.0379 4.1974 0.6447 -0.0399 4.2054 0.6488 -0.0307 4.1974 0.6479 -0.0323 4.2054 0.6521 -0.0233 4.1974 0.6504 -0.0245 4.2054 0.6547 -0.0156 4.1974 0.6522 -0.0164 4.2054 0.6566 -0.0078 4.1974 0.6533 -0.0083 4.2054 0.6578 0.0000 4.1974 0.6537 0.0000 4.2054 0.6582 0.0078 4.1974 0.6533 0.0083 4.2054 0.6578 0.0156 4.1974 0.6522 0.0164 4.2054 0.6566 0.0233 4.1974 0.6504 0.0245 4.2054 0.6547 0.0307 4.1974 0.6479 0.0323 4.2054 0.6521 0.0379 4.1974 0.6447 0.0399 4.2054 0.6488 0.0448 4.1974 0.6409 0.0471 4.2054 0.6447 0.0512 4.1974 0.6365 0.0539 4.2054 0.6401 0.0573 4.1974 0.6315 0.0603 4.2054 0.6348 0.0628 4.1974 0.6259 0.0662 4.2054 0.6289 0.0678 4.1974 0.6199 0.0714 4.2054 0.6226 0.0723 4.1974 0.6134 0.0761 4.2054 0.6158 0.0761 4.1974 0.6065 0.0801 4.2054 0.6085 0.0793 4.1974 0.5994 0.0835 4.2054 0.6010 0.0818 4.1974 0.5919 0.0861 4.2054 0.5931 0.0836 4.1974 0.5843 0.0880 4.2054 0.5851 0.0847 4.1974 0.5765 0.0891 4.2054 0.5769 0.0850 4.1974 0.5686 0.0895 4.2054 0.5686 0.0847 4.1974 0.5608 0.0891 4.2054 0.5604 0.0836 4.1974 0.5530 0.0880 4.2054 0.5522 0.0818 4.1974 0.5454 0.0861 4.2054 0.5441 0.0793 4.1974 0.5379 0.0835 4.2054 0.5363 0.0761 4.1974 0.5307 0.0801 4.2054 0.5287 0.0723 4.1974 0.5239 0.0761 4.2054 0.5215 0.0678 4.1974 0.5174 0.0714 4.2054 0.5147 0.0628 4.1974 0.5114 0.0662 4.2054 0.5083 0.0573 4.1974 0.5058 0.0603 4.2054 0.5025 0.0512 4.1974 0.5008 0.0539 4.2054 0.4972 0.0448 4.1974 0.4964 0.0471 4.2054 0.4925 0.0379 4.1974 0.4925 0.0399 4.2054 0.4885 0.0307 4.1974 0.4894 0.0323 4.2054 0.4852 0.0233 4.1974 0.4869 0.0245 4.2054 0.4825 0.0156 4.1974 0.4851 0.0164 4.2054 0.4806 0.0078 4.1974 0.4840 0.0083 4.2054 0.4795 0.0000 4.1974 0.4836 0.0000 4.2054 0.4791 -0.0078 4.1974 0.4840 -0.0083 4.2054 0.4795 -0.0156 4.1974 0.4851 -0.0164 4.2054 0.4806 -0.0233 4.1974 0.4869 -0.0245 4.2054 0.4825 -0.0307 4.1974 0.4894 -0.0323 4.2054 0.4852 -0.0379 4.1974 0.4925 -0.0399 4.2054 0.4885 -0.0448 4.1974 0.4964 -0.0471 4.2054 0.4925 -0.0512 4.1974 0.5008 -0.0539 4.2054 0.4972 -0.0573 4.1974 0.5058 -0.0603 4.2054 0.5025 -0.0628 4.1974 0.5114 -0.0662 4.2054 0.5083 -0.0678 4.1974 0.5174 -0.0714 4.2054 0.5147 -0.0723 4.1974 0.5239 -0.0761 4.2054 0.5215 -0.0761 4.1974 0.5307 -0.0801 4.2054 0.5287 -0.0793 4.1974 0.5379 -0.0835 4.2054 0.5363 -0.0818 4.1974 0.5454 -0.0861 4.2054 0.5441 -0.0836 4.1974 0.5530 -0.0880 4.2054 0.5522 -0.0847 4.1974 0.5608 -0.0891 4.2054 0.5604 -0.0850 4.1974 0.5686 -0.0895 4.2054 0.5686 -0.0847 4.1974 0.5765 -0.0850 4.1974 0.5686 -0.0795 4.1897 0.5760 -0.0847 4.1974 0.5765 -0.0784 4.1897 0.5833 -0.0836 4.1974 0.5843 -0.0768 4.1897 0.5905 -0.0818 4.1974 0.5919 -0.0744 4.1897 0.5975 -0.0793 4.1974 0.5994 -0.0714 4.1897 0.6042 -0.0761 4.1974 0.6065 -0.0678 4.1897 0.6106 -0.0723 4.1974 0.6134 -0.0637 4.1897 0.6167 -0.0678 4.1974 0.6199 -0.0590 4.1897 0.6224 -0.0628 4.1974 0.6259 -0.0538 4.1897 0.6276 -0.0573 4.1974 0.6315 -0.0481 4.1897 0.6323 -0.0512 4.1974 0.6365 -0.0420 4.1897 0.6365 -0.0448 4.1974 0.6409 -0.0356 4.1897 0.6401 -0.0379 4.1974 0.6447 -0.0288 4.1897 0.6431 -0.0307 4.1974 0.6479 -0.0218 4.1897 0.6454 -0.0233 4.1974 0.6504 -0.0147 4.1897 0.6471 -0.0156 4.1974 0.6522 -0.0074 4.1897 0.6481 -0.0078 4.1974 0.6533 0.0000 4.1897 0.6484 0.0000 4.1974 0.6537 0.0074 4.1897 0.6481 0.0078 4.1974 0.6533 0.0147 4.1897 0.6471 0.0156 4.1974 0.6522 0.0218 4.1897 0.6454 0.0233 4.1974 0.6504 0.0288 4.1897 0.6431 0.0307 4.1974 0.6479 0.0356 4.1897 0.6401 0.0379 4.1974 0.6447 0.0420 4.1897 0.6365 0.0448 4.1974 0.6409 0.0481 4.1897 0.6323 0.0512 4.1974 0.6365 0.0538 4.1897 0.6276 0.0573 4.1974 0.6315 0.0590 4.1897 0.6224 0.0628 4.1974 0.6259 0.0637 4.1897 0.6167 0.0678 4.1974 0.6199 0.0678 4.1897 0.6106 0.0723 4.1974 0.6134 0.0714 4.1897 0.6042 0.0761 4.1974 0.6065 0.0744 4.1897 0.5975 0.0793 4.1974 0.5994 0.0768 4.1897 0.5905 0.0818 4.1974 0.5919 0.0784 4.1897 0.5833 0.0836 4.1974 0.5843 0.0795 4.1897 0.5760 0.0847 4.1974 0.5765 0.0798 4.1897 0.5686 0.0850 4.1974 0.5686 0.0795 4.1897 0.5613 0.0847 4.1974 0.5608 0.0784 4.1897 0.5540 0.0836 4.1974 0.5530 0.0768 4.1897 0.5468 0.0818 4.1974 0.5454 0.0744 4.1897 0.5398 0.0793 4.1974 0.5379 0.0714 4.1897 0.5331 0.0761 4.1974 0.5307 0.0678 4.1897 0.5266 0.0723 4.1974 0.5239 0.0637 4.1897 0.5205 0.0678 4.1974 0.5174 0.0590 4.1897 0.5149 0.0628 4.1974 0.5114 0.0538 4.1897 0.5097 0.0573 4.1974 0.5058 0.0481 4.1897 0.5050 0.0512 4.1974 0.5008 0.0420 4.1897 0.5008 0.0448 4.1974 0.4964 0.0356 4.1897 0.4972 0.0379 4.1974 0.4925 0.0288 4.1897 0.4942 0.0307 4.1974 0.4894 0.0218 4.1897 0.4919 0.0233 4.1974 0.4869 0.0147 4.1897 0.4902 0.0156 4.1974 0.4851 0.0074 4.1897 0.4892 0.0078 4.1974 0.4840 0.0000 4.1897 0.4888 0.0000 4.1974 0.4836 -0.0074 4.1897 0.4892 -0.0078 4.1974 0.4840 -0.0147 4.1897 0.4902 -0.0156 4.1974 0.4851 -0.0218 4.1897 0.4919 -0.0233 4.1974 0.4869 -0.0288 4.1897 0.4942 -0.0307 4.1974 0.4894 -0.0356 4.1897 0.4972 -0.0379 4.1974 0.4925 -0.0420 4.1897 0.5008 -0.0448 4.1974 0.4964 -0.0481 4.1897 0.5050 -0.0512 4.1974 0.5008 -0.0538 4.1897 0.5097 -0.0573 4.1974 0.5058 -0.0590 4.1897 0.5149 -0.0628 4.1974 0.5114 -0.0637 4.1897 0.5205 -0.0678 4.1974 0.5174 -0.0678 4.1897 0.5266 -0.0723 4.1974 0.5239 -0.0714 4.1897 0.5331 -0.0761 4.1974 0.5307 -0.0744 4.1897 0.5398 -0.0793 4.1974 0.5379 -0.0768 4.1897 0.5468 -0.0818 4.1974 0.5454 -0.0784 4.1897 0.5540 -0.0836 4.1974 0.5530 -0.0795 4.1897 0.5613 -0.0847 4.1974 0.5608 -0.0798 4.1897 0.5686 -0.0850 4.1974 0.5686 -0.0795 4.1897 0.5760 -0.0798 4.1897 0.5686 -0.0736 4.1826 0.5755 -0.0795 4.1897 0.5760 -0.0726 4.1826 0.5822 -0.0784 4.1897 0.5833 -0.0711 4.1826 0.5889 -0.0768 4.1897 0.5905 -0.0689 4.1826 0.5953 -0.0744 4.1897 0.5975 -0.0662 4.1826 0.6016 -0.0714 4.1897 0.6042 -0.0628 4.1826 0.6075 -0.0678 4.1897 0.6106 -0.0590 4.1826 0.6132 -0.0637 4.1897 0.6167 -0.0546 4.1826 0.6184 -0.0590 4.1897 0.6224 -0.0498 4.1826 0.6233 -0.0538 4.1897 0.6276 -0.0445 4.1826 0.6276 -0.0481 4.1897 0.6323 -0.0389 4.1826 0.6315 -0.0420 4.1897 0.6365 -0.0329 4.1826 0.6348 -0.0356 4.1897 0.6401 -0.0267 4.1826 0.6375 -0.0288 4.1897 0.6431 -0.0202 4.1826 0.6397 -0.0218 4.1897 0.6454 -0.0136 4.1826 0.6413 -0.0147 4.1897 0.6471 -0.0068 4.1826 0.6422 -0.0074 4.1897 0.6481 0.0000 4.1826 0.6425 0.0000 4.1897 0.6484 0.0068 4.1826 0.6422 0.0074 4.1897 0.6481 0.0136 4.1826 0.6413 0.0147 4.1897 0.6471 0.0202 4.1826 0.6397 0.0218 4.1897 0.6454 0.0267 4.1826 0.6375 0.0288 4.1897 0.6431 0.0329 4.1826 0.6348 0.0356 4.1897 0.6401 0.0389 4.1826 0.6315 0.0420 4.1897 0.6365 0.0445 4.1826 0.6276 0.0481 4.1897 0.6323 0.0498 4.1826 0.6233 0.0538 4.1897 0.6276 0.0546 4.1826 0.6184 0.0590 4.1897 0.6224 0.0590 4.1826 0.6132 0.0637 4.1897 0.6167 0.0628 4.1826 0.6075 0.0678 4.1897 0.6106 0.0662 4.1826 0.6016 0.0714 4.1897 0.6042 0.0689 4.1826 0.5953 0.0744 4.1897 0.5975 0.0711 4.1826 0.5889 0.0768 4.1897 0.5905 0.0726 4.1826 0.5822 0.0784 4.1897 0.5833 0.0736 4.1826 0.5755 0.0795 4.1897 0.5760 0.0739 4.1826 0.5686 0.0798 4.1897 0.5686 0.0736 4.1826 0.5618 0.0795 4.1897 0.5613 0.0726 4.1826 0.5551 0.0784 4.1897 0.5540 0.0711 4.1826 0.5484 0.0768 4.1897 0.5468 0.0689 4.1826 0.5419 0.0744 4.1897 0.5398 0.0662 4.1826 0.5357 0.0714 4.1897 0.5331 0.0628 4.1826 0.5297 0.0678 4.1897 0.5266 0.0590 4.1826 0.5241 0.0637 4.1897 0.5205 0.0546 4.1826 0.5189 0.0590 4.1897 0.5149 0.0498 4.1826 0.5140 0.0538 4.1897 0.5097 0.0445 4.1826 0.5097 0.0481 4.1897 0.5050 0.0389 4.1826 0.5058 0.0420 4.1897 0.5008 0.0329 4.1826 0.5025 0.0356 4.1897 0.4972 0.0267 4.1826 0.4997 0.0288 4.1897 0.4942 0.0202 4.1826 0.4976 0.0218 4.1897 0.4919 0.0136 4.1826 0.4960 0.0147 4.1897 0.4902 0.0068 4.1826 0.4951 0.0074 4.1897 0.4892 0.0000 4.1826 0.4947 0.0000 4.1897 0.4888 -0.0068 4.1826 0.4951 -0.0074 4.1897 0.4892 -0.0136 4.1826 0.4960 -0.0147 4.1897 0.4902 -0.0202 4.1826 0.4976 -0.0218 4.1897 0.4919 -0.0267 4.1826 0.4997 -0.0288 4.1897 0.4942 -0.0329 4.1826 0.5025 -0.0356 4.1897 0.4972 -0.0389 4.1826 0.5058 -0.0420 4.1897 0.5008 -0.0445 4.1826 0.5097 -0.0481 4.1897 0.5050 -0.0498 4.1826 0.5140 -0.0538 4.1897 0.5097 -0.0546 4.1826 0.5189 -0.0590 4.1897 0.5149 -0.0590 4.1826 0.5241 -0.0637 4.1897 0.5205 -0.0628 4.1826 0.5297 -0.0678 4.1897 0.5266 -0.0662 4.1826 0.5357 -0.0714 4.1897 0.5331 -0.0689 4.1826 0.5419 -0.0744 4.1897 0.5398 -0.0711 4.1826 0.5484 -0.0768 4.1897 0.5468 -0.0726 4.1826 0.5551 -0.0784 4.1897 0.5540 -0.0736 4.1826 0.5618 -0.0795 4.1897 0.5613 -0.0739 4.1826 0.5686 -0.0798 4.1897 0.5686 -0.0736 4.1826 0.5755 -0.0739 4.1826 0.5686 -0.0671 4.1761 0.5749 -0.0736 4.1826 0.5755 -0.0662 4.1761 0.5810 -0.0726 4.1826 0.5822 -0.0648 4.1761 0.5871 -0.0711 4.1826 0.5889 -0.0628 4.1761 0.5930 -0.0689 4.1826 0.5953 -0.0603 4.1761 0.5987 -0.0662 4.1826 0.6016 -0.0573 4.1761 0.6041 -0.0628 4.1826 0.6075 -0.0538 4.1761 0.6092 -0.0590 4.1826 0.6132 -0.0498 4.1761 0.6140 -0.0546 4.1826 0.6184 -0.0454 4.1761 0.6184 -0.0498 4.1826 0.6233 -0.0406 4.1761 0.6224 -0.0445 4.1826 0.6276 -0.0355 4.1761 0.6259 -0.0389 4.1826 0.6315 -0.0300 4.1761 0.6289 -0.0329 4.1826 0.6348 -0.0243 4.1761 0.6315 -0.0267 4.1826 0.6375 -0.0184 4.1761 0.6334 -0.0202 4.1826 0.6397 -0.0124 4.1761 0.6349 -0.0136 4.1826 0.6413 -0.0062 4.1761 0.6357 -0.0068 4.1826 0.6422 0.0000 4.1761 0.6360 0.0000 4.1826 0.6425 0.0062 4.1761 0.6357 0.0068 4.1826 0.6422 0.0124 4.1761 0.6349 0.0136 4.1826 0.6413 0.0184 4.1761 0.6334 0.0202 4.1826 0.6397 0.0243 4.1761 0.6315 0.0267 4.1826 0.6375 0.0300 4.1761 0.6289 0.0329 4.1826 0.6348 0.0355 4.1761 0.6259 0.0389 4.1826 0.6315 0.0406 4.1761 0.6224 0.0445 4.1826 0.6276 0.0454 4.1761 0.6184 0.0498 4.1826 0.6233 0.0498 4.1761 0.6140 0.0546 4.1826 0.6184 0.0538 4.1761 0.6092 0.0590 4.1826 0.6132 0.0573 4.1761 0.6041 0.0628 4.1826 0.6075 0.0603 4.1761 0.5987 0.0662 4.1826 0.6016 0.0628 4.1761 0.5930 0.0689 4.1826 0.5953 0.0648 4.1761 0.5871 0.0711 4.1826 0.5889 0.0662 4.1761 0.5810 0.0726 4.1826 0.5822 0.0671 4.1761 0.5749 0.0736 4.1826 0.5755 0.0674 4.1761 0.5686 0.0739 4.1826 0.5686 0.0671 4.1761 0.5624 0.0736 4.1826 0.5618 0.0662 4.1761 0.5563 0.0726 4.1826 0.5551 0.0648 4.1761 0.5502 0.0711 4.1826 0.5484 0.0628 4.1761 0.5443 0.0689 4.1826 0.5419 0.0603 4.1761 0.5386 0.0662 4.1826 0.5357 0.0573 4.1761 0.5332 0.0628 4.1826 0.5297 0.0538 4.1761 0.5280 0.0590 4.1826 0.5241 0.0498 4.1761 0.5233 0.0546 4.1826 0.5189 0.0454 4.1761 0.5189 0.0498 4.1826 0.5140 0.0406 4.1761 0.5149 0.0445 4.1826 0.5097 0.0355 4.1761 0.5114 0.0389 4.1826 0.5058 0.0300 4.1761 0.5083 0.0329 4.1826 0.5025 0.0243 4.1761 0.5058 0.0267 4.1826 0.4997 0.0184 4.1761 0.5038 0.0202 4.1826 0.4976 0.0124 4.1761 0.5024 0.0136 4.1826 0.4960 0.0062 4.1761 0.5016 0.0068 4.1826 0.4951 0.0000 4.1761 0.5013 0.0000 4.1826 0.4947 -0.0062 4.1761 0.5016 -0.0068 4.1826 0.4951 -0.0124 4.1761 0.5024 -0.0136 4.1826 0.4960 -0.0184 4.1761 0.5038 -0.0202 4.1826 0.4976 -0.0243 4.1761 0.5058 -0.0267 4.1826 0.4997 -0.0300 4.1761 0.5083 -0.0329 4.1826 0.5025 -0.0355 4.1761 0.5114 -0.0389 4.1826 0.5058 -0.0406 4.1761 0.5149 -0.0445 4.1826 0.5097 -0.0454 4.1761 0.5189 -0.0498 4.1826 0.5140 -0.0498 4.1761 0.5233 -0.0546 4.1826 0.5189 -0.0538 4.1761 0.5280 -0.0590 4.1826 0.5241 -0.0573 4.1761 0.5332 -0.0628 4.1826 0.5297 -0.0603 4.1761 0.5386 -0.0662 4.1826 0.5357 -0.0628 4.1761 0.5443 -0.0689 4.1826 0.5419 -0.0648 4.1761 0.5502 -0.0711 4.1826 0.5484 -0.0662 4.1761 0.5563 -0.0726 4.1826 0.5551 -0.0671 4.1761 0.5624 -0.0736 4.1826 0.5618 -0.0674 4.1761 0.5686 -0.0739 4.1826 0.5686 -0.0671 4.1761 0.5749 -0.0674 4.1761 0.5686 -0.0600 4.1702 0.5742 -0.0671 4.1761 0.5749 -0.0592 4.1702 0.5797 -0.0662 4.1761 0.5810 -0.0580 4.1702 0.5851 -0.0648 4.1761 0.5871 -0.0562 4.1702 0.5904 -0.0628 4.1761 0.5930 -0.0539 4.1702 0.5955 -0.0603 4.1761 0.5987 -0.0512 4.1702 0.6004 -0.0573 4.1761 0.6041 -0.0481 4.1702 0.6050 -0.0538 4.1761 0.6092 -0.0445 4.1702 0.6092 -0.0498 4.1761 0.6140 -0.0406 4.1702 0.6132 -0.0454 4.1761 0.6184 -0.0363 4.1702 0.6167 -0.0406 4.1761 0.6224 -0.0317 4.1702 0.6199 -0.0355 4.1761 0.6259 -0.0269 4.1702 0.6226 -0.0300 4.1761 0.6289 -0.0218 4.1702 0.6248 -0.0243 4.1761 0.6315 -0.0165 4.1702 0.6266 -0.0184 4.1761 0.6334 -0.0111 4.1702 0.6279 -0.0124 4.1761 0.6349 -0.0056 4.1702 0.6286 -0.0062 4.1761 0.6357 0.0000 4.1702 0.6289 0.0000 4.1761 0.6360 0.0056 4.1702 0.6286 0.0062 4.1761 0.6357 0.0111 4.1702 0.6279 0.0124 4.1761 0.6349 0.0165 4.1702 0.6266 0.0184 4.1761 0.6334 0.0218 4.1702 0.6248 0.0243 4.1761 0.6315 0.0269 4.1702 0.6226 0.0300 4.1761 0.6289 0.0317 4.1702 0.6199 0.0355 4.1761 0.6259 0.0363 4.1702 0.6167 0.0406 4.1761 0.6224 0.0406 4.1702 0.6132 0.0454 4.1761 0.6184 0.0445 4.1702 0.6092 0.0498 4.1761 0.6140 0.0481 4.1702 0.6050 0.0538 4.1761 0.6092 0.0512 4.1702 0.6004 0.0573 4.1761 0.6041 0.0539 4.1702 0.5955 0.0603 4.1761 0.5987 0.0562 4.1702 0.5904 0.0628 4.1761 0.5930 0.0580 4.1702 0.5851 0.0648 4.1761 0.5871 0.0592 4.1702 0.5797 0.0662 4.1761 0.5810 0.0600 4.1702 0.5742 0.0671 4.1761 0.5749 0.0603 4.1702 0.5686 0.0674 4.1761 0.5686 0.0600 4.1702 0.5631 0.0671 4.1761 0.5624 0.0592 4.1702 0.5576 0.0662 4.1761 0.5563 0.0580 4.1702 0.5521 0.0648 4.1761 0.5502 0.0562 4.1702 0.5469 0.0628 4.1761 0.5443 0.0539 4.1702 0.5418 0.0603 4.1761 0.5386 0.0512 4.1702 0.5369 0.0573 4.1761 0.5332 0.0481 4.1702 0.5323 0.0538 4.1761 0.5280 0.0445 4.1702 0.5280 0.0498 4.1761 0.5233 0.0406 4.1702 0.5241 0.0454 4.1761 0.5189 0.0363 4.1702 0.5205 0.0406 4.1761 0.5149 0.0317 4.1702 0.5174 0.0355 4.1761 0.5114 0.0269 4.1702 0.5147 0.0300 4.1761 0.5083 0.0218 4.1702 0.5124 0.0243 4.1761 0.5058 0.0165 4.1702 0.5107 0.0184 4.1761 0.5038 0.0111 4.1702 0.5094 0.0124 4.1761 0.5024 0.0056 4.1702 0.5086 0.0062 4.1761 0.5016 0.0000 4.1702 0.5084 0.0000 4.1761 0.5013 -0.0056 4.1702 0.5086 -0.0062 4.1761 0.5016 -0.0111 4.1702 0.5094 -0.0124 4.1761 0.5024 -0.0165 4.1702 0.5107 -0.0184 4.1761 0.5038 -0.0218 4.1702 0.5124 -0.0243 4.1761 0.5058 -0.0269 4.1702 0.5147 -0.0300 4.1761 0.5083 -0.0317 4.1702 0.5174 -0.0355 4.1761 0.5114 -0.0363 4.1702 0.5205 -0.0406 4.1761 0.5149 -0.0406 4.1702 0.5241 -0.0454 4.1761 0.5189 -0.0445 4.1702 0.5280 -0.0498 4.1761 0.5233 -0.0481 4.1702 0.5323 -0.0538 4.1761 0.5280 -0.0512 4.1702 0.5369 -0.0573 4.1761 0.5332 -0.0539 4.1702 0.5418 -0.0603 4.1761 0.5386 -0.0562 4.1702 0.5469 -0.0628 4.1761 0.5443 -0.0580 4.1702 0.5521 -0.0648 4.1761 0.5502 -0.0592 4.1702 0.5576 -0.0662 4.1761 0.5563 -0.0600 4.1702 0.5631 -0.0671 4.1761 0.5624 -0.0603 4.1702 0.5686 -0.0674 4.1761 0.5686 -0.0600 4.1702 0.5742 -0.0603 4.1702 0.5686 -0.0524 4.1650 0.5735 -0.0600 4.1702 0.5742 -0.0517 4.1650 0.5783 -0.0592 4.1702 0.5797 -0.0506 4.1650 0.5830 -0.0580 4.1702 0.5851 -0.0491 4.1650 0.5877 -0.0562 4.1702 0.5904 -0.0471 4.1650 0.5921 -0.0539 4.1702 0.5955 -0.0448 4.1650 0.5964 -0.0512 4.1702 0.6004 -0.0420 4.1650 0.6004 -0.0481 4.1702 0.6050 -0.0389 4.1650 0.6041 -0.0445 4.1702 0.6092 -0.0355 4.1650 0.6075 -0.0406 4.1702 0.6132 -0.0317 4.1650 0.6106 -0.0363 4.1702 0.6167 -0.0277 4.1650 0.6134 -0.0317 4.1702 0.6199 -0.0235 4.1650 0.6158 -0.0269 4.1702 0.6226 -0.0190 4.1650 0.6177 -0.0218 4.1702 0.6248 -0.0144 4.1650 0.6193 -0.0165 4.1702 0.6266 -0.0097 4.1650 0.6204 -0.0111 4.1702 0.6279 -0.0049 4.1650 0.6211 -0.0056 4.1702 0.6286 0.0000 4.1650 0.6213 0.0000 4.1702 0.6289 0.0049 4.1650 0.6211 0.0056 4.1702 0.6286 0.0097 4.1650 0.6204 0.0111 4.1702 0.6279 0.0144 4.1650 0.6193 0.0165 4.1702 0.6266 0.0190 4.1650 0.6177 0.0218 4.1702 0.6248 0.0235 4.1650 0.6158 0.0269 4.1702 0.6226 0.0277 4.1650 0.6134 0.0317 4.1702 0.6199 0.0317 4.1650 0.6106 0.0363 4.1702 0.6167 0.0355 4.1650 0.6075 0.0406 4.1702 0.6132 0.0389 4.1650 0.6041 0.0445 4.1702 0.6092 0.0420 4.1650 0.6004 0.0481 4.1702 0.6050 0.0448 4.1650 0.5964 0.0512 4.1702 0.6004 0.0471 4.1650 0.5921 0.0539 4.1702 0.5955 0.0491 4.1650 0.5877 0.0562 4.1702 0.5904 0.0506 4.1650 0.5830 0.0580 4.1702 0.5851 0.0517 4.1650 0.5783 0.0592 4.1702 0.5797 0.0524 4.1650 0.5735 0.0600 4.1702 0.5742 0.0526 4.1650 0.5686 0.0603 4.1702 0.5686 0.0524 4.1650 0.5638 0.0600 4.1702 0.5631 0.0517 4.1650 0.5590 0.0592 4.1702 0.5576 0.0506 4.1650 0.5542 0.0580 4.1702 0.5521 0.0491 4.1650 0.5496 0.0562 4.1702 0.5469 0.0471 4.1650 0.5452 0.0539 4.1702 0.5418 0.0448 4.1650 0.5409 0.0512 4.1702 0.5369 0.0420 4.1650 0.5369 0.0481 4.1702 0.5323 0.0389 4.1650 0.5332 0.0445 4.1702 0.5280 0.0355 4.1650 0.5297 0.0406 4.1702 0.5241 0.0317 4.1650 0.5266 0.0363 4.1702 0.5205 0.0277 4.1650 0.5239 0.0317 4.1702 0.5174 0.0235 4.1650 0.5215 0.0269 4.1702 0.5147 0.0190 4.1650 0.5196 0.0218 4.1702 0.5124 0.0144 4.1650 0.5180 0.0165 4.1702 0.5107 0.0097 4.1650 0.5169 0.0111 4.1702 0.5094 0.0049 4.1650 0.5162 0.0056 4.1702 0.5086 0.0000 4.1650 0.5160 0.0000 4.1702 0.5084 -0.0049 4.1650 0.5162 -0.0056 4.1702 0.5086 -0.0097 4.1650 0.5169 -0.0111 4.1702 0.5094 -0.0144 4.1650 0.5180 -0.0165 4.1702 0.5107 -0.0190 4.1650 0.5196 -0.0218 4.1702 0.5124 -0.0235 4.1650 0.5215 -0.0269 4.1702 0.5147 -0.0277 4.1650 0.5239 -0.0317 4.1702 0.5174 -0.0317 4.1650 0.5266 -0.0363 4.1702 0.5205 -0.0355 4.1650 0.5297 -0.0406 4.1702 0.5241 -0.0389 4.1650 0.5332 -0.0445 4.1702 0.5280 -0.0420 4.1650 0.5369 -0.0481 4.1702 0.5323 -0.0448 4.1650 0.5409 -0.0512 4.1702 0.5369 -0.0471 4.1650 0.5452 -0.0539 4.1702 0.5418 -0.0491 4.1650 0.5496 -0.0562 4.1702 0.5469 -0.0506 4.1650 0.5542 -0.0580 4.1702 0.5521 -0.0517 4.1650 0.5590 -0.0592 4.1702 0.5576 -0.0524 4.1650 0.5638 -0.0600 4.1702 0.5631 -0.0526 4.1650 0.5686 -0.0603 4.1702 0.5686 -0.0524 4.1650 0.5735 -0.0526 4.1650 0.5686 -0.0444 4.1605 0.5728 -0.0524 4.1650 0.5735 -0.0438 4.1605 0.5768 -0.0517 4.1650 0.5783 -0.0429 4.1605 0.5808 -0.0506 4.1650 0.5830 -0.0416 4.1605 0.5847 -0.0491 4.1650 0.5877 -0.0399 4.1605 0.5885 -0.0471 4.1650 0.5921 -0.0379 4.1605 0.5921 -0.0448 4.1650 0.5964 -0.0356 4.1605 0.5955 -0.0420 4.1650 0.6004 -0.0329 4.1605 0.5987 -0.0389 4.1650 0.6041 -0.0300 4.1605 0.6016 -0.0355 4.1650 0.6075 -0.0269 4.1605 0.6042 -0.0317 4.1650 0.6106 -0.0235 4.1605 0.6065 -0.0277 4.1650 0.6134 -0.0199 4.1605 0.6085 -0.0235 4.1650 0.6158 -0.0161 4.1605 0.6102 -0.0190 4.1650 0.6177 -0.0122 4.1605 0.6115 -0.0144 4.1650 0.6193 -0.0082 4.1605 0.6125 -0.0097 4.1650 0.6204 -0.0041 4.1605 0.6130 -0.0049 4.1650 0.6211 0.0000 4.1605 0.6132 0.0000 4.1650 0.6213 0.0041 4.1605 0.6130 0.0049 4.1650 0.6211 0.0082 4.1605 0.6125 0.0097 4.1650 0.6204 0.0122 4.1605 0.6115 0.0144 4.1650 0.6193 0.0161 4.1605 0.6102 0.0190 4.1650 0.6177 0.0199 4.1605 0.6085 0.0235 4.1650 0.6158 0.0235 4.1605 0.6065 0.0277 4.1650 0.6134 0.0269 4.1605 0.6042 0.0317 4.1650 0.6106 0.0300 4.1605 0.6016 0.0355 4.1650 0.6075 0.0329 4.1605 0.5987 0.0389 4.1650 0.6041 0.0356 4.1605 0.5955 0.0420 4.1650 0.6004 0.0379 4.1605 0.5921 0.0448 4.1650 0.5964 0.0399 4.1605 0.5885 0.0471 4.1650 0.5921 0.0416 4.1605 0.5847 0.0491 4.1650 0.5877 0.0429 4.1605 0.5808 0.0506 4.1650 0.5830 0.0438 4.1605 0.5768 0.0517 4.1650 0.5783 0.0444 4.1605 0.5728 0.0524 4.1650 0.5735 0.0446 4.1605 0.5686 0.0526 4.1650 0.5686 0.0444 4.1605 0.5645 0.0524 4.1650 0.5638 0.0438 4.1605 0.5604 0.0517 4.1650 0.5590 0.0429 4.1605 0.5564 0.0506 4.1650 0.5542 0.0416 4.1605 0.5525 0.0491 4.1650 0.5496 0.0399 4.1605 0.5488 0.0471 4.1650 0.5452 0.0379 4.1605 0.5452 0.0448 4.1650 0.5409 0.0356 4.1605 0.5418 0.0420 4.1650 0.5369 0.0329 4.1605 0.5386 0.0389 4.1650 0.5332 0.0300 4.1605 0.5357 0.0355 4.1650 0.5297 0.0269 4.1605 0.5331 0.0317 4.1650 0.5266 0.0235 4.1605 0.5307 0.0277 4.1650 0.5239 0.0199 4.1605 0.5287 0.0235 4.1650 0.5215 0.0161 4.1605 0.5271 0.0190 4.1650 0.5196 0.0122 4.1605 0.5258 0.0144 4.1650 0.5180 0.0082 4.1605 0.5248 0.0097 4.1650 0.5169 0.0041 4.1605 0.5243 0.0049 4.1650 0.5162 0.0000 4.1605 0.5241 0.0000 4.1650 0.5160 -0.0041 4.1605 0.5243 -0.0049 4.1650 0.5162 -0.0082 4.1605 0.5248 -0.0097 4.1650 0.5169 -0.0122 4.1605 0.5258 -0.0144 4.1650 0.5180 -0.0161 4.1605 0.5271 -0.0190 4.1650 0.5196 -0.0199 4.1605 0.5287 -0.0235 4.1650 0.5215 -0.0235 4.1605 0.5307 -0.0277 4.1650 0.5239 -0.0269 4.1605 0.5331 -0.0317 4.1650 0.5266 -0.0300 4.1605 0.5357 -0.0355 4.1650 0.5297 -0.0329 4.1605 0.5386 -0.0389 4.1650 0.5332 -0.0356 4.1605 0.5418 -0.0420 4.1650 0.5369 -0.0379 4.1605 0.5452 -0.0448 4.1650 0.5409 -0.0399 4.1605 0.5488 -0.0471 4.1650 0.5452 -0.0416 4.1605 0.5525 -0.0491 4.1650 0.5496 -0.0429 4.1605 0.5564 -0.0506 4.1650 0.5542 -0.0438 4.1605 0.5604 -0.0517 4.1650 0.5590 -0.0444 4.1605 0.5645 -0.0524 4.1650 0.5638 -0.0446 4.1605 0.5686 -0.0526 4.1650 0.5686 -0.0444 4.1605 0.5728 -0.0446 4.1605 0.5686 -0.0360 4.1568 0.5720 -0.0444 4.1605 0.5728 -0.0355 4.1568 0.5753 -0.0438 4.1605 0.5768 -0.0347 4.1568 0.5785 -0.0429 4.1605 0.5808 -0.0337 4.1568 0.5817 -0.0416 4.1605 0.5847 -0.0323 4.1568 0.5847 -0.0399 4.1605 0.5885 -0.0307 4.1568 0.5877 -0.0379 4.1605 0.5921 -0.0288 4.1568 0.5904 -0.0356 4.1605 0.5955 -0.0267 4.1568 0.5930 -0.0329 4.1605 0.5987 -0.0243 4.1568 0.5953 -0.0300 4.1605 0.6016 -0.0218 4.1568 0.5975 -0.0269 4.1605 0.6042 -0.0190 4.1568 0.5994 -0.0235 4.1605 0.6065 -0.0161 4.1568 0.6010 -0.0199 4.1605 0.6085 -0.0131 4.1568 0.6023 -0.0161 4.1605 0.6102 -0.0099 4.1568 0.6034 -0.0122 4.1605 0.6115 -0.0066 4.1568 0.6041 -0.0082 4.1605 0.6125 -0.0033 4.1568 0.6046 -0.0041 4.1605 0.6130 0.0000 4.1568 0.6048 0.0000 4.1605 0.6132 0.0033 4.1568 0.6046 0.0041 4.1605 0.6130 0.0066 4.1568 0.6041 0.0082 4.1605 0.6125 0.0099 4.1568 0.6034 0.0122 4.1605 0.6115 0.0131 4.1568 0.6023 0.0161 4.1605 0.6102 0.0161 4.1568 0.6010 0.0199 4.1605 0.6085 0.0190 4.1568 0.5994 0.0235 4.1605 0.6065 0.0218 4.1568 0.5975 0.0269 4.1605 0.6042 0.0243 4.1568 0.5953 0.0300 4.1605 0.6016 0.0267 4.1568 0.5930 0.0329 4.1605 0.5987 0.0288 4.1568 0.5904 0.0356 4.1605 0.5955 0.0307 4.1568 0.5877 0.0379 4.1605 0.5921 0.0323 4.1568 0.5847 0.0399 4.1605 0.5885 0.0337 4.1568 0.5817 0.0416 4.1605 0.5847 0.0347 4.1568 0.5785 0.0429 4.1605 0.5808 0.0355 4.1568 0.5753 0.0438 4.1605 0.5768 0.0360 4.1568 0.5720 0.0444 4.1605 0.5728 0.0361 4.1568 0.5686 0.0446 4.1605 0.5686 0.0360 4.1568 0.5653 0.0444 4.1605 0.5645 0.0355 4.1568 0.5620 0.0438 4.1605 0.5604 0.0347 4.1568 0.5588 0.0429 4.1605 0.5564 0.0337 4.1568 0.5556 0.0416 4.1605 0.5525 0.0323 4.1568 0.5525 0.0399 4.1605 0.5488 0.0307 4.1568 0.5496 0.0379 4.1605 0.5452 0.0288 4.1568 0.5469 0.0356 4.1605 0.5418 0.0267 4.1568 0.5443 0.0329 4.1605 0.5386 0.0243 4.1568 0.5419 0.0300 4.1605 0.5357 0.0218 4.1568 0.5398 0.0269 4.1605 0.5331 0.0190 4.1568 0.5379 0.0235 4.1605 0.5307 0.0161 4.1568 0.5363 0.0199 4.1605 0.5287 0.0131 4.1568 0.5350 0.0161 4.1605 0.5271 0.0099 4.1568 0.5339 0.0122 4.1605 0.5258 0.0066 4.1568 0.5331 0.0082 4.1605 0.5248 0.0033 4.1568 0.5327 0.0041 4.1605 0.5243 0.0000 4.1568 0.5325 0.0000 4.1605 0.5241 -0.0033 4.1568 0.5327 -0.0041 4.1605 0.5243 -0.0066 4.1568 0.5331 -0.0082 4.1605 0.5248 -0.0099 4.1568 0.5339 -0.0122 4.1605 0.5258 -0.0131 4.1568 0.5350 -0.0161 4.1605 0.5271 -0.0161 4.1568 0.5363 -0.0199 4.1605 0.5287 -0.0190 4.1568 0.5379 -0.0235 4.1605 0.5307 -0.0218 4.1568 0.5398 -0.0269 4.1605 0.5331 -0.0243 4.1568 0.5419 -0.0300 4.1605 0.5357 -0.0267 4.1568 0.5443 -0.0329 4.1605 0.5386 -0.0288 4.1568 0.5469 -0.0356 4.1605 0.5418 -0.0307 4.1568 0.5496 -0.0379 4.1605 0.5452 -0.0323 4.1568 0.5525 -0.0399 4.1605 0.5488 -0.0337 4.1568 0.5556 -0.0416 4.1605 0.5525 -0.0347 4.1568 0.5588 -0.0429 4.1605 0.5564 -0.0355 4.1568 0.5620 -0.0438 4.1605 0.5604 -0.0360 4.1568 0.5653 -0.0444 4.1605 0.5645 -0.0361 4.1568 0.5686 -0.0446 4.1605 0.5686 -0.0360 4.1568 0.5720 -0.0361 4.1568 0.5686 -0.0272 4.1538 0.5712 -0.0360 4.1568 0.5720 -0.0269 4.1538 0.5737 -0.0355 4.1568 0.5753 -0.0263 4.1538 0.5761 -0.0347 4.1568 0.5785 -0.0255 4.1538 0.5785 -0.0337 4.1568 0.5817 -0.0245 4.1538 0.5808 -0.0323 4.1568 0.5847 -0.0233 4.1538 0.5830 -0.0307 4.1568 0.5877 -0.0218 4.1538 0.5851 -0.0288 4.1568 0.5904 -0.0202 4.1538 0.5871 -0.0267 4.1568 0.5930 -0.0184 4.1538 0.5889 -0.0243 4.1568 0.5953 -0.0165 4.1538 0.5905 -0.0218 4.1568 0.5975 -0.0144 4.1538 0.5919 -0.0190 4.1568 0.5994 -0.0122 4.1538 0.5931 -0.0161 4.1568 0.6010 -0.0099 4.1538 0.5942 -0.0131 4.1568 0.6023 -0.0075 4.1538 0.5950 -0.0099 4.1568 0.6034 -0.0050 4.1538 0.5955 -0.0066 4.1568 0.6041 -0.0025 4.1538 0.5959 -0.0033 4.1568 0.6046 0.0000 4.1538 0.5960 0.0000 4.1568 0.6048 0.0025 4.1538 0.5959 0.0033 4.1568 0.6046 0.0050 4.1538 0.5955 0.0066 4.1568 0.6041 0.0075 4.1538 0.5950 0.0099 4.1568 0.6034 0.0099 4.1538 0.5942 0.0131 4.1568 0.6023 0.0122 4.1538 0.5931 0.0161 4.1568 0.6010 0.0144 4.1538 0.5919 0.0190 4.1568 0.5994 0.0165 4.1538 0.5905 0.0218 4.1568 0.5975 0.0184 4.1538 0.5889 0.0243 4.1568 0.5953 0.0202 4.1538 0.5871 0.0267 4.1568 0.5930 0.0218 4.1538 0.5851 0.0288 4.1568 0.5904 0.0233 4.1538 0.5830 0.0307 4.1568 0.5877 0.0245 4.1538 0.5808 0.0323 4.1568 0.5847 0.0255 4.1538 0.5785 0.0337 4.1568 0.5817 0.0263 4.1538 0.5761 0.0347 4.1568 0.5785 0.0269 4.1538 0.5737 0.0355 4.1568 0.5753 0.0272 4.1538 0.5712 0.0360 4.1568 0.5720 0.0274 4.1538 0.5686 0.0361 4.1568 0.5686 0.0272 4.1538 0.5661 0.0360 4.1568 0.5653 0.0269 4.1538 0.5636 0.0355 4.1568 0.5620 0.0263 4.1538 0.5612 0.0347 4.1568 0.5588 0.0255 4.1538 0.5588 0.0337 4.1568 0.5556 0.0245 4.1538 0.5564 0.0323 4.1568 0.5525 0.0233 4.1538 0.5542 0.0307 4.1568 0.5496 0.0218 4.1538 0.5521 0.0288 4.1568 0.5469 0.0202 4.1538 0.5502 0.0267 4.1568 0.5443 0.0184 4.1538 0.5484 0.0243 4.1568 0.5419 0.0165 4.1538 0.5468 0.0218 4.1568 0.5398 0.0144 4.1538 0.5454 0.0190 4.1568 0.5379 0.0122 4.1538 0.5441 0.0161 4.1568 0.5363 0.0099 4.1538 0.5431 0.0131 4.1568 0.5350 0.0075 4.1538 0.5423 0.0099 4.1568 0.5339 0.0050 4.1538 0.5417 0.0066 4.1568 0.5331 0.0025 4.1538 0.5414 0.0033 4.1568 0.5327 0.0000 4.1538 0.5413 0.0000 4.1568 0.5325 -0.0025 4.1538 0.5414 -0.0033 4.1568 0.5327 -0.0050 4.1538 0.5417 -0.0066 4.1568 0.5331 -0.0075 4.1538 0.5423 -0.0099 4.1568 0.5339 -0.0099 4.1538 0.5431 -0.0131 4.1568 0.5350 -0.0122 4.1538 0.5441 -0.0161 4.1568 0.5363 -0.0144 4.1538 0.5454 -0.0190 4.1568 0.5379 -0.0165 4.1538 0.5468 -0.0218 4.1568 0.5398 -0.0184 4.1538 0.5484 -0.0243 4.1568 0.5419 -0.0202 4.1538 0.5502 -0.0267 4.1568 0.5443 -0.0218 4.1538 0.5521 -0.0288 4.1568 0.5469 -0.0233 4.1538 0.5542 -0.0307 4.1568 0.5496 -0.0245 4.1538 0.5564 -0.0323 4.1568 0.5525 -0.0255 4.1538 0.5588 -0.0337 4.1568 0.5556 -0.0263 4.1538 0.5612 -0.0347 4.1568 0.5588 -0.0269 4.1538 0.5636 -0.0355 4.1568 0.5620 -0.0272 4.1538 0.5661 -0.0360 4.1568 0.5653 -0.0274 4.1538 0.5686 -0.0361 4.1568 0.5686 -0.0272 4.1538 0.5712 -0.0274 4.1538 0.5686 -0.0183 4.1517 0.5703 -0.0272 4.1538 0.5712 -0.0181 4.1517 0.5720 -0.0269 4.1538 0.5737 -0.0177 4.1517 0.5737 -0.0263 4.1538 0.5761 -0.0171 4.1517 0.5753 -0.0255 4.1538 0.5785 -0.0164 4.1517 0.5768 -0.0245 4.1538 0.5808 -0.0156 4.1517 0.5783 -0.0233 4.1538 0.5830 -0.0147 4.1517 0.5797 -0.0218 4.1538 0.5851 -0.0136 4.1517 0.5810 -0.0202 4.1538 0.5871 -0.0124 4.1517 0.5822 -0.0184 4.1538 0.5889 -0.0111 4.1517 0.5833 -0.0165 4.1538 0.5905 -0.0097 4.1517 0.5843 -0.0144 4.1538 0.5919 -0.0082 4.1517 0.5851 -0.0122 4.1538 0.5931 -0.0066 4.1517 0.5858 -0.0099 4.1538 0.5942 -0.0050 4.1517 0.5863 -0.0075 4.1538 0.5950 -0.0034 4.1517 0.5867 -0.0050 4.1538 0.5955 -0.0017 4.1517 0.5869 -0.0025 4.1538 0.5959 0.0000 4.1517 0.5870 0.0000 4.1538 0.5960 0.0017 4.1517 0.5869 0.0025 4.1538 0.5959 0.0034 4.1517 0.5867 0.0050 4.1538 0.5955 0.0050 4.1517 0.5863 0.0075 4.1538 0.5950 0.0066 4.1517 0.5858 0.0099 4.1538 0.5942 0.0082 4.1517 0.5851 0.0122 4.1538 0.5931 0.0097 4.1517 0.5843 0.0144 4.1538 0.5919 0.0111 4.1517 0.5833 0.0165 4.1538 0.5905 0.0124 4.1517 0.5822 0.0184 4.1538 0.5889 0.0136 4.1517 0.5810 0.0202 4.1538 0.5871 0.0147 4.1517 0.5797 0.0218 4.1538 0.5851 0.0156 4.1517 0.5783 0.0233 4.1538 0.5830 0.0164 4.1517 0.5768 0.0245 4.1538 0.5808 0.0171 4.1517 0.5753 0.0255 4.1538 0.5785 0.0177 4.1517 0.5737 0.0263 4.1538 0.5761 0.0181 4.1517 0.5720 0.0269 4.1538 0.5737 0.0183 4.1517 0.5703 0.0272 4.1538 0.5712 0.0184 4.1517 0.5686 0.0274 4.1538 0.5686 0.0183 4.1517 0.5669 0.0272 4.1538 0.5661 0.0181 4.1517 0.5653 0.0269 4.1538 0.5636 0.0177 4.1517 0.5636 0.0263 4.1538 0.5612 0.0171 4.1517 0.5620 0.0255 4.1538 0.5588 0.0164 4.1517 0.5604 0.0245 4.1538 0.5564 0.0156 4.1517 0.5590 0.0233 4.1538 0.5542 0.0147 4.1517 0.5576 0.0218 4.1538 0.5521 0.0136 4.1517 0.5563 0.0202 4.1538 0.5502 0.0124 4.1517 0.5551 0.0184 4.1538 0.5484 0.0111 4.1517 0.5540 0.0165 4.1538 0.5468 0.0097 4.1517 0.5530 0.0144 4.1538 0.5454 0.0082 4.1517 0.5522 0.0122 4.1538 0.5441 0.0066 4.1517 0.5515 0.0099 4.1538 0.5431 0.0050 4.1517 0.5510 0.0075 4.1538 0.5423 0.0034 4.1517 0.5506 0.0050 4.1538 0.5417 0.0017 4.1517 0.5503 0.0025 4.1538 0.5414 0.0000 4.1517 0.5503 0.0000 4.1538 0.5413 -0.0017 4.1517 0.5503 -0.0025 4.1538 0.5414 -0.0034 4.1517 0.5506 -0.0050 4.1538 0.5417 -0.0050 4.1517 0.5510 -0.0075 4.1538 0.5423 -0.0066 4.1517 0.5515 -0.0099 4.1538 0.5431 -0.0082 4.1517 0.5522 -0.0122 4.1538 0.5441 -0.0097 4.1517 0.5530 -0.0144 4.1538 0.5454 -0.0111 4.1517 0.5540 -0.0165 4.1538 0.5468 -0.0124 4.1517 0.5551 -0.0184 4.1538 0.5484 -0.0136 4.1517 0.5563 -0.0202 4.1538 0.5502 -0.0147 4.1517 0.5576 -0.0218 4.1538 0.5521 -0.0156 4.1517 0.5590 -0.0233 4.1538 0.5542 -0.0164 4.1517 0.5604 -0.0245 4.1538 0.5564 -0.0171 4.1517 0.5620 -0.0255 4.1538 0.5588 -0.0177 4.1517 0.5636 -0.0263 4.1538 0.5612 -0.0181 4.1517 0.5653 -0.0269 4.1538 0.5636 -0.0183 4.1517 0.5669 -0.0272 4.1538 0.5661 -0.0184 4.1517 0.5686 -0.0274 4.1538 0.5686 -0.0183 4.1517 0.5703 -0.0184 4.1517 0.5686 -0.0092 4.1504 0.5695 -0.0183 4.1517 0.5703 -0.0091 4.1504 0.5703 -0.0181 4.1517 0.5720 -0.0089 4.1504 0.5712 -0.0177 4.1517 0.5737 -0.0086 4.1504 0.5720 -0.0171 4.1517 0.5753 -0.0083 4.1504 0.5728 -0.0164 4.1517 0.5768 -0.0078 4.1504 0.5735 -0.0156 4.1517 0.5783 -0.0074 4.1504 0.5742 -0.0147 4.1517 0.5797 -0.0068 4.1504 0.5749 -0.0136 4.1517 0.5810 -0.0062 4.1504 0.5755 -0.0124 4.1517 0.5822 -0.0056 4.1504 0.5760 -0.0111 4.1517 0.5833 -0.0049 4.1504 0.5765 -0.0097 4.1517 0.5843 -0.0041 4.1504 0.5769 -0.0082 4.1517 0.5851 -0.0033 4.1504 0.5772 -0.0066 4.1517 0.5858 -0.0025 4.1504 0.5775 -0.0050 4.1517 0.5863 -0.0017 4.1504 0.5777 -0.0034 4.1517 0.5867 -0.0009 4.1504 0.5778 -0.0017 4.1517 0.5869 0.0000 4.1504 0.5779 0.0000 4.1517 0.5870 0.0009 4.1504 0.5778 0.0017 4.1517 0.5869 0.0017 4.1504 0.5777 0.0034 4.1517 0.5867 0.0025 4.1504 0.5775 0.0050 4.1517 0.5863 0.0033 4.1504 0.5772 0.0066 4.1517 0.5858 0.0041 4.1504 0.5769 0.0082 4.1517 0.5851 0.0049 4.1504 0.5765 0.0097 4.1517 0.5843 0.0056 4.1504 0.5760 0.0111 4.1517 0.5833 0.0062 4.1504 0.5755 0.0124 4.1517 0.5822 0.0068 4.1504 0.5749 0.0136 4.1517 0.5810 0.0074 4.1504 0.5742 0.0147 4.1517 0.5797 0.0078 4.1504 0.5735 0.0156 4.1517 0.5783 0.0083 4.1504 0.5728 0.0164 4.1517 0.5768 0.0086 4.1504 0.5720 0.0171 4.1517 0.5753 0.0089 4.1504 0.5712 0.0177 4.1517 0.5737 0.0091 4.1504 0.5703 0.0181 4.1517 0.5720 0.0092 4.1504 0.5695 0.0183 4.1517 0.5703 0.0092 4.1504 0.5686 0.0184 4.1517 0.5686 0.0092 4.1504 0.5678 0.0183 4.1517 0.5669 0.0091 4.1504 0.5669 0.0181 4.1517 0.5653 0.0089 4.1504 0.5661 0.0177 4.1517 0.5636 0.0086 4.1504 0.5653 0.0171 4.1517 0.5620 0.0083 4.1504 0.5645 0.0164 4.1517 0.5604 0.0078 4.1504 0.5638 0.0156 4.1517 0.5590 0.0074 4.1504 0.5631 0.0147 4.1517 0.5576 0.0068 4.1504 0.5624 0.0136 4.1517 0.5563 0.0062 4.1504 0.5618 0.0124 4.1517 0.5551 0.0056 4.1504 0.5613 0.0111 4.1517 0.5540 0.0049 4.1504 0.5608 0.0097 4.1517 0.5530 0.0041 4.1504 0.5604 0.0082 4.1517 0.5522 0.0033 4.1504 0.5600 0.0066 4.1517 0.5515 0.0025 4.1504 0.5598 0.0050 4.1517 0.5510 0.0017 4.1504 0.5596 0.0034 4.1517 0.5506 0.0009 4.1504 0.5595 0.0017 4.1517 0.5503 0.0000 4.1504 0.5594 0.0000 4.1517 0.5503 -0.0009 4.1504 0.5595 -0.0017 4.1517 0.5503 -0.0017 4.1504 0.5596 -0.0034 4.1517 0.5506 -0.0025 4.1504 0.5598 -0.0050 4.1517 0.5510 -0.0033 4.1504 0.5600 -0.0066 4.1517 0.5515 -0.0041 4.1504 0.5604 -0.0082 4.1517 0.5522 -0.0049 4.1504 0.5608 -0.0097 4.1517 0.5530 -0.0056 4.1504 0.5613 -0.0111 4.1517 0.5540 -0.0062 4.1504 0.5618 -0.0124 4.1517 0.5551 -0.0068 4.1504 0.5624 -0.0136 4.1517 0.5563 -0.0074 4.1504 0.5631 -0.0147 4.1517 0.5576 -0.0078 4.1504 0.5638 -0.0156 4.1517 0.5590 -0.0083 4.1504 0.5645 -0.0164 4.1517 0.5604 -0.0086 4.1504 0.5653 -0.0171 4.1517 0.5620 -0.0089 4.1504 0.5661 -0.0177 4.1517 0.5636 -0.0091 4.1504 0.5669 -0.0181 4.1517 0.5653 -0.0092 4.1504 0.5678 -0.0183 4.1517 0.5669 -0.0092 4.1504 0.5686 -0.0184 4.1517 0.5686 -0.0092 4.1504 0.5695</float_array>
          <technique_common>
            <accessor source="#part_022-mesh-positions-array" count="4824" stride="3">
              <param name="X" type="float"/>
              <param name="Y" type="float"/>
              <param name="Z" type="float"/>
            </accessor>
          </technique_common>
        </source>
        <source id="part_022-mesh-normals">
          <float_array id="part_022-mesh-normals-array" count="13464">-0.0462 0.9989 0.0022 -0.0439 0.9989 0.0147 -0.0450 0.9989 0.0106 -0.0458 0.9989 0.0064 -0.0381 0.9989 0.0262 -0.0404 0.9989 0.0225 -0.0423 0.9989 0.0187 -0.0295 0.9989 0.0356 -0.0327 0.9989 0.0327 -0.0356 0.9989 0.0295 -0.0187 0.9989 0.0423 -0.0225 0.9989 0.0404 -0.0262 0.9989 0.0381 -0.0064 0.9989 0.0458 -0.0106 0.9989 0.0450 -0.0147 0.9989 0.0439 0.0064 0.9989 0.0458 0.0022 0.9989 0.0462 -0.0022 0.9989 0.0462 0.0187 0.9989 0.0423 0.0147 0.9989 0.0439 0.0106 0.9989 0.0450 0.0295 0.9989 0.0356 0.0262 0.9989 0.0381 0.0225 0.9989 0.0404 0.0381 0.9989 0.0262 0.0356 0.9989 0.0295 0.0327 0.9989 0.0327 0.0439 0.9989 0.0147 0.0423 0.9989 0.0187 0.0404 0.9989 0.0225 0.0462 0.9989 0.0022 0.0458 0.9989 0.0064 0.0450 0.9989 0.0106 0.0450 0.9989 -0.0106 0.0458 0.9989 -0.0064 0.0462 0.9989 -0.0022 0.0404 0.9989 -0.0225 0.0423 0.9989 -0.0187 0.0439 0.9989 -0.0147 0.0327 0.9989 -0.0327 0.0356 0.9989 -0.0295 0.0381 0.9989 -0.0262 0.0225 0.9989 -0.0404 0.0262 0.9989 -0.0381 0.0295 0.9989 -0.0356 0.0106 0.9989 -0.0450 0.0147 0.9989 -0.0439 0.0187 0.9989 -0.0423 -0.0021 0.9989 -0.0462 0.0021 0.9989 -0.0462 0.0064 0.9989 -0.0458 -0.0147 0.9989 -0.0439 -0.0106 0.9989 -0.0450 -0.0064 0.9989 -0.0458 -0.0262 0.9989 -0.0381 -0.0225 0.9989 -0.0404 -0.0187 0.9989 -0.0423 -0.0356 0.9989 -0.0295 -0.0327 0.9989 -0.0327 -0.0295 0.9989 -0.0356 -0.0423 0.9989 -0.0187 -0.0404 0.9989 -0.0225 -0.0381 0.9989 -0.0262 -0.0458 0.9989 -0.0064 -0.0450 0.9989 -0.0106 -0.0439 0.9989 -0.0147 -0.0462 0.9989 -0.0022 -0.1381 0.9904 0.0065 -0.1369 0.9904 0.0191 -0.1370 0.9904 0.0190 -0.1346 0.9904 0.0316 -0.1346 0.9904 0.0316 -0.1311 0.9904 0.0440 -0.1311 0.9904 0.0440 -0.1265 0.9904 0.0558 -0.1265 0.9904 0.0558 -0.1208 0.9904 0.0673 -0.1208 0.9904 0.0674 -0.1141 0.9904 0.0782 -0.1141 0.9904 0.0782 -0.1064 0.9904 0.0884 -0.1065 0.9904 0.0883 -0.0978 0.9904 0.0978 -0.0978 0.9904 0.0978 -0.0883 0.9904 0.1064 -0.0883 0.9904 0.1064 -0.0782 0.9904 0.1141 -0.0782 0.9904 0.1141 -0.0673 0.9904 0.1208 -0.0672 0.9904 0.1208 -0.0558 0.9904 0.1265 -0.0559 0.9904 0.1265 -0.0439 0.9904 0.1311 -0.0440 0.9904 0.1311 -0.0317 0.9904 0.1346 -0.0316 0.9904 0.1346 -0.0191 0.9904 0.1370 -0.0190 0.9904 0.1370 -0.0064 0.9904 0.1381 -0.0065 0.9904 0.1381 0.0064 0.9904 0.1381 0.0065 0.9904 0.1381 0.0191 0.9904 0.1369 0.0190 0.9904 0.1370 0.0317 0.9904 0.1346 0.0316 0.9904 0.1346 0.0439 0.9904 0.1311 0.0440 0.9904 0.1311 0.0558 0.9904 0.1265 0.0559 0.9904 0.1265 0.0673 0.9904 0.1208 0.0672 0.9904 0.1208 0.0782 0.9904 0.1141 0.0782 0.9904 0.1141 0.0883 0.9904 0.1064 0.0883 0.9904 0.1065 0.0978 0.9904 0.0978 0.0978 0.9904 0.0978 0.1064 0.9904 0.0884 0.1064 0.9904 0.0883 0.1141 0.9904 0.0781 0.1141 0.9904 0.0782 0.1208 0.9904 0.0673 0.1208 0.9904 0.0674 0.1265 0.9904 0.0558 0.1265 0.9904 0.0558 0.1311 0.9904 0.0440 0.1311 0.9904 0.0440 0.1346 0.9904 0.0316 0.1346 0.9904 0.0316 0.1370 0.9904 0.0191 0.1370 0.9904 0.0190 0.1381 0.9904 0.0064 0.1381 0.9904 0.0065 0.1381 0.9904 -0.0064 0.1381 0.9904 -0.0065 0.1369 0.9904 -0.0191 0.1370 0.9904 -0.0190 0.1346 0.9904 -0.0316 0.1346 0.9904 -0.0316 0.1311 0.9904 -0.0440 0.1311 0.9904 -0.0440 0.1265 0.9904 -0.0558 0.1265 0.9904 -0.0558 0.1208 0.9904 -0.0673 0.1208 0.9904 -0.0674 0.1141 0.9904 -0.0782 0.1140 0.9904 -0.0782 0.1064 0.9904 -0.0884 0.1065 0.9904 -0.0883 0.0978 0.9904 -0.0978 0.0978 0.9904 -0.0978 0.0884 0.9904 -0.1064 0.0883 0.9904 -0.1064 0.0781 0.9904 -0.1141 0.0782 0.9904 -0.1141 0.0673 0.9904 -0.1208 0.0674 0.9904 -0.1208 0.0558 0.9904 -0.1265 0.0558 0.9904 -0.1265 0.0440 0.9904 -0.1311 0.0440 0.9904 -0.1311 0.0316 0.9904 -0.1346 0.0316 0.9904 -0.1346 0.0191 0.9904 -0.1370 0.0192 0.9904 -0.1370 0.0064 0.9904 -0.1381 0.0063 0.9904 -0.1381 -0.0064 0.9904 -0.1381 -0.0063 0.9904 -0.1382 -0.0191 0.9904 -0.1370 -0.0192 0.9904 -0.1370 -0.0316 0.9904 -0.1346 -0.0316 0.9904 -0.1346 -0.0440 0.9904 -0.1311 -0.0440 0.9904 -0.1311 -0.0558 0.9904 -0.1265 -0.0558 0.9904 -0.1265 -0.0673 0.9904 -0.1208 -0.0674 0.9904 -0.1208 -0.0781 0.9904 -0.1141 -0.0782 0.9904 -0.1140 -0.0884 0.9904 -0.1064 -0.0883 0.9904 -0.1065 -0.0978 0.9904 -0.0978 -0.0978 0.9904 -0.0978 -0.1064 0.9904 -0.0884 -0.1064 0.9904 -0.0883 -0.1141 0.9904 -0.0781 -0.1141 0.9904 -0.0782 -0.1208 0.9904 -0.0673 -0.1208 0.9904 -0.0674 -0.1265 0.9904 -0.0558 -0.1265 0.9904 -0.0558 -0.1311 0.9904 -0.0440 -0.1311 0.9904 -0.0440 -0.1346 0.9904 -0.0316 -0.1346 0.9904 -0.0316 -0.1370 0.9904 -0.0191 -0.1370 0.9904 -0.0190 -0.1381 0.9904 -0.0064 -0.1381 0.9904 -0.0065 -0.1381 0.9904 0.0064 -0.2289 0.9734 0.0105 -0.2269 0.9734 0.0317 -0.2269 0.9734 0.0317 -0.2231 0.9734 0.0524 -0.2231 0.9734 0.0524 -0.2173 0.9734 0.0729 -0.2172 0.9734 0.0729 -0.2096 0.9734 0.0926 -0.2096 0.9734 0.0925 -0.2002 0.9734 0.1115 -0.2002 0.9734 0.1115 -0.1891 0.9734 0.1294 -0.1890 0.9734 0.1295 -0.1763 0.9734 0.1464 -0.1762 0.9734 0.1464 -0.1620 0.9734 0.1620 -0.1620 0.9734 0.1620 -0.1464 0.9734 0.1763 -0.1463 0.9734 0.1763 -0.1294 0.9734 0.1891 -0.1296 0.9734 0.1890 -0.1115 0.9734 0.2002 -0.1115 0.9734 0.2002 -0.0926 0.9734 0.2096 -0.0925 0.9734 0.2096 -0.0729 0.9734 0.2172 -0.0728 0.9734 0.2173 -0.0524 0.9734 0.2230 -0.0525 0.9734 0.2230 -0.0317 0.9734 0.2269 -0.0317 0.9734 0.2269 -0.0105 0.9734 0.2289 -0.0105 0.9734 0.2289 0.0105 0.9734 0.2289 0.0105 0.9734 0.2289 0.0317 0.9734 0.2269 0.0317 0.9734 0.2269 0.0524 0.9734 0.2231 0.0525 0.9734 0.2230 0.0729 0.9734 0.2172 0.0728 0.9734 0.2173 0.0926 0.9734 0.2096 0.0925 0.9734 0.2096 0.1115 0.9734 0.2002 0.1115 0.9734 0.2002 0.1294 0.9734 0.1891 0.1296 0.9734 0.1890 0.1464 0.9734 0.1763 0.1463 0.9734 0.1763 0.1620 0.9734 0.1620 0.1620 0.9734 0.1620 0.1763 0.9734 0.1464 0.1762 0.9734 0.1464 0.1891 0.9734 0.1294 0.1891 0.9734 0.1295 0.2002 0.9734 0.1115 0.2002 0.9734 0.1115 0.2096 0.9734 0.0926 0.2096 0.9734 0.0925 0.2172 0.9734 0.0729 0.2172 0.9734 0.0729 0.2231 0.9734 0.0524 0.2231 0.9734 0.0524 0.2269 0.9734 0.0317 0.2269 0.9734 0.0317 0.2289 0.9734 0.0105 0.2289 0.9734 0.0105 0.2289 0.9734 -0.0105 0.2289 0.9734 -0.0105 0.2269 0.9734 -0.0317 0.2269 0.9734 -0.0317 0.2231 0.9734 -0.0524 0.2231 0.9734 -0.0524 0.2173 0.9734 -0.0729 0.2172 0.9734 -0.0729 0.2096 0.9734 -0.0926 0.2096 0.9734 -0.0925 0.2002 0.9734 -0.1115 0.2002 0.9734 -0.1115 0.1891 0.9734 -0.1295 0.1890 0.9734 -0.1295 0.1763 0.9734 -0.1464 0.1762 0.9734 -0.1464 0.1620 0.9734 -0.1620 0.1620 0.9734 -0.1620 0.1464 0.9734 -0.1763 0.1464 0.9734 -0.1762 0.1294 0.9734 -0.1891 0.1295 0.9734 -0.1891 0.1115 0.9734 -0.2002 0.1115 0.9734 -0.2002 0.0926 0.9734 -0.2096 0.0925 0.9734 -0.2096 0.0729 0.9734 -0.2172 0.0729 0.9734 -0.2172 0.0524 0.9734 -0.2231 0.0524 0.9734 -0.2231 0.0317 0.9734 -0.2269 0.0317 0.9734 -0.2269 0.0105 0.9734 -0.2289 0.0105 0.9734 -0.2289 -0.0105 0.9734 -0.2289 -0.0105 0.9734 -0.2289 -0.0317 0.9734 -0.2269 -0.0317 0.9734 -0.2269 -0.0524 0.9734 -0.2231 -0.0524 0.9734 -0.2231 -0.0729 0.9734 -0.2172 -0.0729 0.9734 -0.2172 -0.0926 0.9734 -0.2096 -0.0925 0.9734 -0.2096 -0.1115 0.9734 -0.2002 -0.1115 0.9734 -0.2002 -0.1294 0.9734 -0.1891 -0.1295 0.9734 -0.1890 -0.1464 0.9734 -0.1763 -0.1464 0.9734 -0.1762 -0.1620 0.9734 -0.1620 -0.1620 0.9734 -0.1620 -0.1763 0.9734 -0.1464 -0.1762 0.9734 -0.1464 -0.1890 0.9734 -0.1295 -0.1890 0.9734 -0.1295 -0.2002 0.9734 -0.1115 -0.2002 0.9734 -0.1115 -0.2096 0.9734 -0.0926 -0.2096 0.9734 -0.0925 -0.2172 0.9734 -0.0729 -0.2172 0.9734 -0.0729 -0.2231 0.9734 -0.0524 -0.2231 0.9734 -0.0524 -0.2269 0.9734 -0.0317 -0.2269 0.9734 -0.0317 -0.2289 0.9734 -0.0105 -0.2289 0.9734 -0.0105 -0.2289 0.9734 0.0105 -0.3178 0.9480 0.0146 -0.3151 0.9480 0.0440 -0.3151 0.9480 0.0440 -0.3097 0.9480 0.0728 -0.3097 0.9480 0.0728 -0.3017 0.9480 0.1011 -0.3016 0.9480 0.1012 -0.2910 0.9480 0.1285 -0.2910 0.9480 0.1285 -0.2779 0.9480 0.1548 -0.2779 0.9480 0.1548 -0.2625 0.9480 0.1797 -0.2625 0.9480 0.1797 -0.2447 0.9480 0.2033 -0.2448 0.9480 0.2032 -0.2250 0.9480 0.2250 -0.2250 0.9480 0.2250 -0.2033 0.9480 0.2447 -0.2032 0.9480 0.2448 -0.1797 0.9480 0.2625 -0.1797 0.9480 0.2625 -0.1548 0.9480 0.2779 -0.1548 0.9480 0.2779 -0.1285 0.9480 0.2910 -0.1285 0.9480 0.2910 -0.1011 0.9480 0.3017 -0.1012 0.9480 0.3016 -0.0728 0.9480 0.3097 -0.0728 0.9480 0.3097 -0.0440 0.9480 0.3151 -0.0440 0.9480 0.3151 -0.0147 0.9480 0.3178 -0.0146 0.9480 0.3178 0.0147 0.9480 0.3178 0.0146 0.9480 0.3178 0.0440 0.9480 0.3151 0.0440 0.9480 0.3151 0.0728 0.9480 0.3097 0.0728 0.9480 0.3097 0.1011 0.9480 0.3017 0.1012 0.9480 0.3016 0.1285 0.9480 0.2910 0.1285 0.9480 0.2910 0.1548 0.9480 0.2779 0.1548 0.9480 0.2779 0.1797 0.9480 0.2625 0.1797 0.9480 0.2625 0.2033 0.9480 0.2447 0.2032 0.9480 0.2448 0.2250 0.9480 0.2250 0.2250 0.9480 0.2250 0.2447 0.9480 0.2033 0.2448 0.9480 0.2032 0.2625 0.9480 0.1797 0.2625 0.9480 0.1797 0.2779 0.9480 0.1548 0.2779 0.9480 0.1548 0.2910 0.9480 0.1285 0.2910 0.9480 0.1285 0.3017 0.9480 0.1011 0.3016 0.9480 0.1012 0.3097 0.9480 0.0729 0.3097 0.9480 0.0728 0.3151 0.9480 0.0440 0.3151 0.9480 0.0440 0.3178 0.9480 0.0147 0.3178 0.9480 0.0146 0.3178 0.9480 -0.0147 0.3178 0.9480 -0.0146 0.3151 0.9480 -0.0440 0.3151 0.9480 -0.0440 0.3097 0.9480 -0.0728 0.3097 0.9480 -0.0728 0.3017 0.9480 -0.1011 0.3016 0.9480 -0.1012 0.2910 0.9480 -0.1285 0.2910 0.9480 -0.1285 0.2779 0.9480 -0.1548 0.2780 0.9480 -0.1548 0.2625 0.9480 -0.1797 0.2625 0.9480 -0.1798 0.2447 0.9480 -0.2033 0.2448 0.9480 -0.2032 0.2250 0.9480 -0.2250 0.2250 0.9480 -0.2250 0.2033 0.9480 -0.2447 0.2032 0.9480 -0.2448 0.1797 0.9480 -0.2625 0.1797 0.9480 -0.2625 0.1548 0.9480 -0.2779 0.1548 0.9480 -0.2779 0.1285 0.9480 -0.2910 0.1285 0.9480 -0.2910 0.1011 0.9480 -0.3017 0.1012 0.9480 -0.3017 0.0729 0.9480 -0.3097 0.0728 0.9480 -0.3097 0.0439 0.9480 -0.3151 0.0440 0.9480 -0.3151 0.0147 0.9480 -0.3178 0.0146 0.9480 -0.3178 -0.0147 0.9480 -0.3178 -0.0146 0.9480 -0.3178 -0.0440 0.9480 -0.3151 -0.0440 0.9480 -0.3151 -0.0728 0.9480 -0.3097 -0.0728 0.9480 -0.3097 -0.1011 0.9480 -0.3017 -0.1012 0.9480 -0.3016 -0.1285 0.9480 -0.2910 -0.1285 0.9480 -0.2910 -0.1548 0.9480 -0.2779 -0.1548 0.9480 -0.2779 -0.1797 0.9480 -0.2625 -0.1797 0.9480 -0.2625 -0.2033 0.9480 -0.2447 -0.2032 0.9480 -0.2448 -0.2250 0.9480 -0.2250 -0.2250 0.9480 -0.2250 -0.2447 0.9480 -0.2033 -0.2448 0.9480 -0.2032 -0.2625 0.9480 -0.1797 -0.2625 0.9480 -0.1798 -0.2779 0.9480 -0.1548 -0.2780 0.9480 -0.1548 -0.2910 0.9480 -0.1285 -0.2910 0.9480 -0.1285 -0.3017 0.9480 -0.1011 -0.3016 0.9480 -0.1012 -0.3097 0.9480 -0.0729 -0.3097 0.9480 -0.0728 -0.3151 0.9480 -0.0440 -0.3151 0.9480 -0.0440 -0.3178 0.9480 -0.0147 -0.3178 0.9480 -0.0146 -0.3178 0.9480 0.0147 -0.4038 0.9146 0.0187 -0.4004 0.9146 0.0559 -0.4004 0.9146 0.0558 -0.3935 0.9146 0.0926 -0.3935 0.9146 0.0926 -0.3833 0.9146 0.1284 -0.3833 0.9146 0.1284 -0.3698 0.9146 0.1633 -0.3698 0.9146 0.1633 -0.3532 0.9146 0.1968 -0.3532 0.9146 0.1968 -0.3336 0.9146 0.2284 -0.3336 0.9146 0.2284 -0.3110 0.9146 0.2583 -0.3110 0.9146 0.2583 -0.2859 0.9146 0.2859 -0.2859 0.9146 0.2859 -0.2583 0.9146 0.3110 -0.2583 0.9146 0.3110 -0.2284 0.9146 0.3336 -0.2284 0.9146 0.3336 -0.1968 0.9146 0.3532 -0.1968 0.9146 0.3532 -0.1633 0.9146 0.3698 -0.1633 0.9146 0.3698 -0.1284 0.9146 0.3833 -0.1284 0.9146 0.3833 -0.0926 0.9146 0.3935 -0.0926 0.9146 0.3935 -0.0559 0.9146 0.4004 -0.0559 0.9146 0.4004 -0.0187 0.9146 0.4038 -0.0187 0.9146 0.4038 0.0187 0.9146 0.4038 0.0187 0.9146 0.4038 0.0559 0.9146 0.4004 0.0559 0.9146 0.4004 0.0926 0.9146 0.3935 0.0926 0.9146 0.3935 0.1284 0.9146 0.3833 0.1284 0.9146 0.3833 0.1633 0.9146 0.3698 0.1633 0.9146 0.3698 0.1968 0.9146 0.3532 0.1968 0.9146 0.3532 0.2284 0.9146 0.3336 0.2284 0.9146 0.3336 0.2583 0.9146 0.3110 0.2583 0.9146 0.3110 0.2859 0.9146 0.2859 0.2859 0.9146 0.2859 0.3110 0.9146 0.2583 0.3110 0.9146 0.2583 0.3336 0.9146 0.2284 0.3336 0.9146 0.2284 0.3532 0.9146 0.1968 0.3532 0.9146 0.1968 0.3698 0.9146 0.1633 0.3698 0.9146 0.1633 0.3833 0.9146 0.1284 0.3833 0.9146 0.1284 0.3935 0.9146 0.0926 0.3935 0.9146 0.0926 0.4004 0.9146 0.0559 0.4004 0.9146 0.0558 0.4038 0.9146 0.0187 0.4038 0.9146 0.0187 0.4038 0.9146 -0.0187 0.4038 0.9146 -0.0187 0.4004 0.9146 -0.0559 0.4004 0.9146 -0.0558 0.3935 0.9146 -0.0926 0.3935 0.9146 -0.0926 0.3833 0.9146 -0.1284 0.3833 0.9146 -0.1284 0.3698 0.9146 -0.1633 0.3698 0.9146 -0.1633 0.3532 0.9146 -0.1968 0.3532 0.9146 -0.1968 0.3336 0.9146 -0.2284 0.3336 0.9146 -0.2284 0.3110 0.9146 -0.2583 0.3110 0.9146 -0.2583 0.2859 0.9146 -0.2858 0.2859 0.9146 -0.2859 0.2583 0.9146 -0.3110 0.2583 0.9146 -0.3110 0.2284 0.9146 -0.3336 0.2284 0.9146 -0.3336 0.1968 0.9146 -0.3532 0.1968 0.9146 -0.3532 0.1633 0.9146 -0.3698 0.1633 0.9146 -0.3698 0.1284 0.9146 -0.3833 0.1284 0.9146 -0.3833 0.0926 0.9146 -0.3935 0.0926 0.9146 -0.3935 0.0559 0.9146 -0.4004 0.0558 0.9146 -0.4004 0.0187 0.9146 -0.4038 0.0187 0.9146 -0.4038 -0.0187 0.9146 -0.4038 -0.0187 0.9146 -0.4038 -0.0559 0.9146 -0.4004 -0.0558 0.9146 -0.4004 -0.0926 0.9146 -0.3935 -0.0926 0.9146 -0.3935 -0.1284 0.9146 -0.3833 -0.1284 0.9146 -0.3833 -0.1633 0.9146 -0.3698 -0.1633 0.9146 -0.3698 -0.1968 0.9146 -0.3532 -0.1968 0.9146 -0.3532 -0.2284 0.9146 -0.3336 -0.2284 0.9146 -0.3336 -0.2583 0.9146 -0.3110 -0.2583 0.9146 -0.3110 -0.2859 0.9146 -0.2858 -0.2859 0.9146 -0.2859 -0.3110 0.9146 -0.2583 -0.3110 0.9146 -0.2583 -0.3336 0.9146 -0.2284 -0.3336 0.9146 -0.2284 -0.3532 0.9146 -0.1968 -0.3532 0.9146 -0.1968 -0.3698 0.9146 -0.1633 -0.3698 0.9146 -0.1633 -0.3833 0.9146 -0.1284 -0.3833 0.9146 -0.1284 -0.3935 0.9146 -0.0926 -0.3935 0.9146 -0.0926 -0.4004 0.9146 -0.0559 -0.4004 0.9146 -0.0558 -0.4038 0.9146 -0.0187 -0.4038 0.9146 -0.0187 -0.4038 0.9146 0.0187 -0.4864 0.8734 0.0225 -0.4823 0.8734 0.0673 -0.4823 0.8734 0.0673 -0.4740 0.8734 0.1115 -0.4740 0.8734 0.1115 -0.4617 0.8734 0.1548 -0.4618 0.8734 0.1547 -0.4455 0.8734 0.1967 -0.4455 0.8734 0.1967 -0.4254 0.8734 0.2370 -0.4254 0.8734 0.2370 -0.4018 0.8734 0.2752 -0.4018 0.8734 0.2751 -0.3746 0.8734 0.3111 -0.3746 0.8734 0.3112 -0.3443 0.8734 0.3443 -0.3443 0.8734 0.3443 -0.3111 0.8734 0.3746 -0.3112 0.8734 0.3746 -0.2752 0.8734 0.4018 -0.2751 0.8734 0.4018 -0.2369 0.8734 0.4254 -0.2370 0.8734 0.4254 -0.1967 0.8734 0.4455 -0.1967 0.8734 0.4455 -0.1548 0.8734 0.4617 -0.1547 0.8734 0.4617 -0.1115 0.8734 0.4740 -0.1115 0.8734 0.4740 -0.0673 0.8734 0.4823 -0.0673 0.8734 0.4823 -0.0224 0.8734 0.4864 -0.0225 0.8734 0.4865 0.0224 0.8734 0.4865 0.0225 0.8734 0.4864 0.0673 0.8734 0.4823 0.0673 0.8734 0.4823 0.1115 0.8734 0.4740 0.1115 0.8734 0.4740 0.1548 0.8734 0.4617 0.1547 0.8734 0.4618 0.1967 0.8734 0.4455 0.1967 0.8734 0.4455 0.2370 0.8734 0.4254 0.2370 0.8734 0.4254 0.2752 0.8734 0.4017 0.2751 0.8734 0.4018 0.3111 0.8734 0.3746 0.3112 0.8734 0.3746 0.3443 0.8734 0.3443 0.3443 0.8734 0.3443 0.3746 0.8734 0.3111 0.3746 0.8734 0.3112 0.4018 0.8734 0.2752 0.4018 0.8734 0.2751 0.4254 0.8734 0.2369 0.4254 0.8734 0.2370 0.4455 0.8734 0.1967 0.4455 0.8734 0.1967 0.4617 0.8734 0.1548 0.4617 0.8734 0.1547 0.4740 0.8734 0.1115 0.4740 0.8734 0.1115 0.4823 0.8734 0.0673 0.4823 0.8734 0.0673 0.4864 0.8734 0.0224 0.4865 0.8734 0.0225 0.4865 0.8734 -0.0224 0.4864 0.8734 -0.0225 0.4823 0.8734 -0.0673 0.4823 0.8734 -0.0673 0.4740 0.8734 -0.1115 0.4740 0.8734 -0.1115 0.4617 0.8734 -0.1548 0.4618 0.8734 -0.1547 0.4455 0.8734 -0.1967 0.4455 0.8734 -0.1967 0.4254 0.8734 -0.2370 0.4254 0.8734 -0.2370 0.4017 0.8734 -0.2752 0.4018 0.8734 -0.2751 0.3747 0.8734 -0.3111 0.3745 0.8734 -0.3111 0.3443 0.8734 -0.3444 0.3444 0.8734 -0.3443 0.3111 0.8734 -0.3746 0.3111 0.8734 -0.3746 0.2752 0.8734 -0.4018 0.2751 0.8734 -0.4018 0.2369 0.8734 -0.4254 0.2370 0.8734 -0.4254 0.1967 0.8734 -0.4455 0.1967 0.8734 -0.4455 0.1548 0.8734 -0.4617 0.1547 0.8734 -0.4617 0.1115 0.8734 -0.4740 0.1115 0.8734 -0.4740 0.0673 0.8734 -0.4823 0.0673 0.8734 -0.4823 0.0224 0.8734 -0.4864 0.0225 0.8734 -0.4865 -0.0224 0.8734 -0.4865 -0.0225 0.8734 -0.4864 -0.0673 0.8734 -0.4823 -0.0673 0.8734 -0.4823 -0.1115 0.8734 -0.4740 -0.1115 0.8734 -0.4740 -0.1548 0.8734 -0.4617 -0.1547 0.8734 -0.4618 -0.1967 0.8734 -0.4455 -0.1967 0.8734 -0.4455 -0.2370 0.8734 -0.4254 -0.2370 0.8734 -0.4254 -0.2752 0.8734 -0.4018 -0.2751 0.8734 -0.4018 -0.3111 0.8734 -0.3746 -0.3111 0.8734 -0.3746 -0.3443 0.8734 -0.3444 -0.3444 0.8734 -0.3442 -0.3746 0.8734 -0.3110 -0.3746 0.8734 -0.3112 -0.4018 0.8734 -0.2752 -0.4018 0.8734 -0.2751 -0.4254 0.8734 -0.2369 -0.4254 0.8734 -0.2370 -0.4455 0.8734 -0.1967 -0.4455 0.8734 -0.1967 -0.4617 0.8734 -0.1548 -0.4617 0.8734 -0.1547 -0.4740 0.8734 -0.1114 -0.4740 0.8734 -0.1115 -0.4823 0.8734 -0.0673 -0.4823 0.8734 -0.0673 -0.4864 0.8734 -0.0224 -0.4865 0.8734 -0.0225 -0.4865 0.8734 0.0224 -0.5650 0.8247 0.0261 -0.5602 0.8247 0.0781 -0.5601 0.8247 0.0782 -0.5506 0.8247 0.1294 -0.5505 0.8247 0.1295 -0.5362 0.8247 0.1797 -0.5362 0.8247 0.1798 -0.5173 0.8247 0.2284 -0.5173 0.8247 0.2284 -0.4940 0.8247 0.2752 -0.4941 0.8247 0.2752 -0.4665 0.8247 0.3196 -0.4666 0.8247 0.3196 -0.4351 0.8247 0.3613 -0.4351 0.8247 0.3613 -0.3999 0.8247 0.3999 -0.3999 0.8247 0.3999 -0.3613 0.8247 0.4351 -0.3613 0.8247 0.4351 -0.3196 0.8247 0.4666 -0.3196 0.8247 0.4666 -0.2752 0.8247 0.4940 -0.2752 0.8247 0.4940 -0.2284 0.8247 0.5173 -0.2284 0.8247 0.5173 -0.1797 0.8247 0.5362 -0.1798 0.8247 0.5362 -0.1294 0.8247 0.5505 -0.1295 0.8247 0.5506 -0.0781 0.8247 0.5601 -0.0782 0.8247 0.5602 -0.0261 0.8247 0.5650 -0.0261 0.8247 0.5650 0.0261 0.8247 0.5650 0.0261 0.8247 0.5650 0.0781 0.8247 0.5602 0.0782 0.8247 0.5601 0.1294 0.8247 0.5506 0.1295 0.8247 0.5505 0.1797 0.8247 0.5362 0.1798 0.8247 0.5362 0.2284 0.8247 0.5173 0.2284 0.8247 0.5173 0.2752 0.8247 0.4940 0.2752 0.8247 0.4941 0.3196 0.8247 0.4665 0.3196 0.8247 0.4666 0.3613 0.8247 0.4351 0.3613 0.8247 0.4351 0.3999 0.8247 0.3999 0.3999 0.8247 0.3999 0.4351 0.8247 0.3613 0.4351 0.8247 0.3613 0.4666 0.8247 0.3196 0.4666 0.8247 0.3196 0.4940 0.8247 0.2752 0.4940 0.8247 0.2752 0.5173 0.8247 0.2284 0.5173 0.8247 0.2284 0.5362 0.8247 0.1797 0.5362 0.8247 0.1798 0.5505 0.8247 0.1294 0.5506 0.8247 0.1295 0.5601 0.8247 0.0781 0.5602 0.8247 0.0782 0.5650 0.8247 0.0261 0.5650 0.8247 0.0261 0.5650 0.8247 -0.0261 0.5650 0.8247 -0.0261 0.5602 0.8247 -0.0781 0.5601 0.8247 -0.0782 0.5506 0.8247 -0.1294 0.5506 0.8247 -0.1294 0.5362 0.8247 -0.1797 0.5362 0.8247 -0.1798 0.5173 0.8247 -0.2284 0.5173 0.8247 -0.2284 0.4940 0.8247 -0.2752 0.4941 0.8247 -0.2752 0.4665 0.8247 -0.3196 0.4666 0.8247 -0.3196 0.4351 0.8247 -0.3613 0.4351 0.8247 -0.3613 0.3999 0.8247 -0.3999 0.3998 0.8247 -0.4000 0.3613 0.8247 -0.4351 0.3613 0.8247 -0.4351 0.3196 0.8247 -0.4666 0.3196 0.8247 -0.4666 0.2752 0.8247 -0.4940 0.2752 0.8247 -0.4940 0.2284 0.8247 -0.5173 0.2284 0.8247 -0.5173 0.1797 0.8247 -0.5362 0.1798 0.8247 -0.5362 0.1294 0.8247 -0.5505 0.1295 0.8247 -0.5505 0.0781 0.8247 -0.5601 0.0782 0.8247 -0.5602 0.0262 0.8247 -0.5650 0.0261 0.8247 -0.5649 -0.0262 0.8247 -0.5649 -0.0261 0.8247 -0.5650 -0.0781 0.8247 -0.5602 -0.0782 0.8247 -0.5601 -0.1294 0.8247 -0.5506 -0.1295 0.8247 -0.5505 -0.1797 0.8247 -0.5362 -0.1798 0.8247 -0.5362 -0.2284 0.8247 -0.5173 -0.2284 0.8247 -0.5173 -0.2752 0.8247 -0.4940 -0.2752 0.8247 -0.4941 -0.3196 0.8247 -0.4665 -0.3196 0.8247 -0.4666 -0.3613 0.8247 -0.4351 -0.3613 0.8247 -0.4351 -0.3999 0.8247 -0.3999 -0.3999 0.8247 -0.4000 -0.4351 0.8247 -0.3613 -0.4351 0.8247 -0.3613 -0.4666 0.8247 -0.3196 -0.4666 0.8247 -0.3196 -0.4940 0.8247 -0.2752 -0.4940 0.8247 -0.2752 -0.5173 0.8247 -0.2284 -0.5173 0.8247 -0.2284 -0.5362 0.8247 -0.1797 -0.5362 0.8247 -0.1798 -0.5506 0.8247 -0.1294 -0.5506 0.8247 -0.1294 -0.5601 0.8247 -0.0781 -0.5602 0.8247 -0.0782 -0.5650 0.8247 -0.0261 -0.5650 0.8247 -0.0261 -0.5650 0.8247 0.0261 -0.6386 0.7690 0.0295 -0.6331 0.7690 0.0883 -0.6331 0.7690 0.0883 -0.6223 0.7690 0.1463 -0.6223 0.7690 0.1463 -0.6061 0.7690 0.2032 -0.6061 0.7690 0.2032 -0.5848 0.7690 0.2582 -0.5848 0.7690 0.2582 -0.5585 0.7690 0.3111 -0.5585 0.7690 0.3111 -0.5274 0.7690 0.3613 -0.5274 0.7690 0.3613 -0.4918 0.7690 0.4083 -0.4918 0.7690 0.4084 -0.4520 0.7690 0.4520 -0.4520 0.7690 0.4520 -0.4083 0.7690 0.4918 -0.4084 0.7690 0.4918 -0.3613 0.7690 0.5274 -0.3613 0.7690 0.5274 -0.3111 0.7690 0.5585 -0.3111 0.7690 0.5585 -0.2582 0.7690 0.5848 -0.2582 0.7690 0.5848 -0.2032 0.7690 0.6061 -0.2031 0.7690 0.6061 -0.1463 0.7690 0.6223 -0.1463 0.7690 0.6223 -0.0884 0.7690 0.6331 -0.0883 0.7690 0.6331 -0.0296 0.7690 0.6386 -0.0295 0.7690 0.6385 0.0296 0.7690 0.6385 0.0295 0.7690 0.6386 0.0883 0.7690 0.6331 0.0883 0.7690 0.6331 0.1463 0.7690 0.6223 0.1463 0.7690 0.6223 0.2032 0.7690 0.6061 0.2032 0.7690 0.6061 0.2582 0.7690 0.5848 0.2582 0.7690 0.5848 0.3111 0.7690 0.5585 0.3111 0.7690 0.5585 0.3613 0.7690 0.5274 0.3613 0.7690 0.5274 0.4083 0.7690 0.4918 0.4084 0.7690 0.4918 0.4520 0.7690 0.4520 0.4520 0.7690 0.4520 0.4918 0.7690 0.4083 0.4918 0.7690 0.4084 0.5274 0.7690 0.3613 0.5274 0.7690 0.3613 0.5585 0.7690 0.3111 0.5585 0.7690 0.3111 0.5848 0.7690 0.2582 0.5848 0.7690 0.2582 0.6061 0.7690 0.2032 0.6061 0.7690 0.2031 0.6223 0.7690 0.1463 0.6223 0.7690 0.1463 0.6331 0.7690 0.0883 0.6331 0.7690 0.0883 0.6386 0.7690 0.0296 0.6385 0.7690 0.0295 0.6385 0.7690 -0.0296 0.6386 0.7690 -0.0295 0.6331 0.7690 -0.0883 0.6331 0.7690 -0.0883 0.6223 0.7690 -0.1463 0.6223 0.7690 -0.1463 0.6061 0.7690 -0.2032 0.6061 0.7690 -0.2032 0.5848 0.7690 -0.2582 0.5848 0.7690 -0.2582 0.5585 0.7690 -0.3110 0.5584 0.7690 -0.3111 0.5273 0.7690 -0.3613 0.5274 0.7690 -0.3613 0.4918 0.7690 -0.4083 0.4917 0.7690 -0.4084 0.4520 0.7690 -0.4520 0.4520 0.7690 -0.4520 0.4083 0.7690 -0.4918 0.4084 0.7690 -0.4918 0.3613 0.7690 -0.5274 0.3613 0.7690 -0.5274 0.3111 0.7690 -0.5585 0.3111 0.7690 -0.5585 0.2582 0.7690 -0.5848 0.2582 0.7690 -0.5848 0.2032 0.7690 -0.6061 0.2031 0.7690 -0.6061 0.1464 0.7690 -0.6223 0.1463 0.7690 -0.6222 0.0882 0.7690 -0.6331 0.0883 0.7690 -0.6331 0.0296 0.7690 -0.6386 0.0296 0.7690 -0.6386 -0.0296 0.7690 -0.6386 -0.0296 0.7690 -0.6385 -0.0882 0.7690 -0.6331 -0.0883 0.7690 -0.6331 -0.1464 0.7690 -0.6222 -0.1463 0.7690 -0.6223 -0.2032 0.7690 -0.6061 -0.2031 0.7690 -0.6061 -0.2582 0.7690 -0.5848 -0.2582 0.7690 -0.5848 -0.3111 0.7690 -0.5585 -0.3111 0.7690 -0.5585 -0.3613 0.7690 -0.5274 -0.3613 0.7690 -0.5274 -0.4083 0.7690 -0.4918 -0.4084 0.7690 -0.4917 -0.4520 0.7690 -0.4520 -0.4520 0.7690 -0.4520 -0.4918 0.7690 -0.4083 -0.4918 0.7690 -0.4084 -0.5273 0.7690 -0.3613 -0.5273 0.7690 -0.3613 -0.5585 0.7690 -0.3110 -0.5585 0.7690 -0.3111 -0.5848 0.7690 -0.2582 -0.5848 0.7690 -0.2582 -0.6061 0.7690 -0.2032 -0.6061 0.7690 -0.2031 -0.6223 0.7690 -0.1463 -0.6223 0.7690 -0.1463 -0.6331 0.7690 -0.0883 -0.6331 0.7690 -0.0883 -0.6386 0.7690 -0.0296 -0.6385 0.7690 -0.0295 -0.6385 0.7690 0.0296 -0.7067 0.7068 0.0327 -0.7007 0.7068 0.0977 -0.7006 0.7068 0.0978 -0.6886 0.7068 0.1620 -0.6887 0.7067 0.1619 -0.6708 0.7067 0.2249 -0.6708 0.7067 0.2249 -0.6472 0.7067 0.2858 -0.6472 0.7067 0.2858 -0.6181 0.7067 0.3442 -0.6180 0.7068 0.3443 -0.5836 0.7068 0.3999 -0.5837 0.7067 0.3998 -0.5443 0.7067 0.4520 -0.5444 0.7067 0.4519 -0.5003 0.7067 0.5003 -0.5003 0.7067 0.5003 -0.4520 0.7067 0.5443 -0.4519 0.7067 0.5443 -0.3999 0.7067 0.5836 -0.3998 0.7068 0.5836 -0.3442 0.7067 0.6181 -0.3443 0.7067 0.6181 -0.2858 0.7067 0.6472 -0.2857 0.7067 0.6472 -0.2249 0.7067 0.6708 -0.2249 0.7067 0.6708 -0.1620 0.7067 0.6887 -0.1619 0.7068 0.6887 -0.0977 0.7068 0.7006 -0.0978 0.7068 0.7007 -0.0326 0.7068 0.7067 -0.0327 0.7067 0.7067 0.0326 0.7067 0.7067 0.0327 0.7068 0.7067 0.0977 0.7068 0.7007 0.0978 0.7068 0.7006 0.1620 0.7068 0.6886 0.1619 0.7067 0.6887 0.2249 0.7067 0.6708 0.2249 0.7067 0.6708 0.2858 0.7067 0.6472 0.2858 0.7067 0.6472 0.3442 0.7067 0.6181 0.3443 0.7068 0.6180 0.3999 0.7068 0.5836 0.3998 0.7067 0.5837 0.4520 0.7067 0.5443 0.4519 0.7067 0.5444 0.5003 0.7067 0.5003 0.5003 0.7067 0.5003 0.5443 0.7067 0.4520 0.5443 0.7067 0.4519 0.5836 0.7067 0.3999 0.5836 0.7068 0.3998 0.6181 0.7067 0.3442 0.6181 0.7067 0.3443 0.6472 0.7067 0.2858 0.6472 0.7067 0.2857 0.6708 0.7067 0.2249 0.6708 0.7067 0.2249 0.6887 0.7067 0.1620 0.6887 0.7068 0.1619 0.7006 0.7068 0.0977 0.7007 0.7068 0.0978 0.7067 0.7068 0.0326 0.7067 0.7067 0.0327 0.7067 0.7067 -0.0326 0.7067 0.7068 -0.0327 0.7007 0.7068 -0.0977 0.7006 0.7068 -0.0978 0.6886 0.7068 -0.1620 0.6887 0.7067 -0.1619 0.6708 0.7067 -0.2249 0.6708 0.7067 -0.2249 0.6472 0.7067 -0.2857 0.6472 0.7067 -0.2857 0.6181 0.7067 -0.3442 0.6181 0.7067 -0.3442 0.5836 0.7067 -0.3999 0.5836 0.7067 -0.3999 0.5443 0.7067 -0.4520 0.5444 0.7067 -0.4519 0.5003 0.7067 -0.5003 0.5003 0.7067 -0.5003 0.4520 0.7067 -0.5443 0.4519 0.7067 -0.5443 0.3999 0.7067 -0.5836 0.3998 0.7068 -0.5836 0.3442 0.7067 -0.6181 0.3443 0.7067 -0.6181 0.2859 0.7067 -0.6472 0.2857 0.7068 -0.6472 0.2248 0.7068 -0.6708 0.2249 0.7067 -0.6708 0.1620 0.7067 -0.6887 0.1620 0.7067 -0.6887 0.0977 0.7067 -0.7007 0.0977 0.7068 -0.7007 0.0326 0.7068 -0.7067 0.0327 0.7067 -0.7067 -0.0326 0.7067 -0.7067 -0.0327 0.7068 -0.7067 -0.0977 0.7068 -0.7007 -0.0977 0.7067 -0.7007 -0.1620 0.7067 -0.6887 -0.1620 0.7067 -0.6887 -0.2248 0.7067 -0.6708 -0.2249 0.7068 -0.6708 -0.2858 0.7068 -0.6471 -0.2858 0.7067 -0.6472 -0.3442 0.7067 -0.6181 -0.3443 0.7068 -0.6180 -0.3999 0.7068 -0.5836 -0.3998 0.7067 -0.5837 -0.4520 0.7067 -0.5443 -0.4519 0.7067 -0.5444 -0.5003 0.7067 -0.5003 -0.5003 0.7067 -0.5003 -0.5443 0.7067 -0.4520 -0.5443 0.7067 -0.4519 -0.5836 0.7067 -0.3999 -0.5836 0.7067 -0.3999 -0.6181 0.7067 -0.3442 -0.6181 0.7067 -0.3442 -0.6472 0.7067 -0.2857 -0.6472 0.7067 -0.2857 -0.6708 0.7067 -0.2249 -0.6708 0.7067 -0.2249 -0.6887 0.7067 -0.1620 -0.6887 0.7068 -0.1619 -0.7006 0.7068 -0.0977 -0.7007 0.7068 -0.0978 -0.7067 0.7068 -0.0326 -0.7067 0.7067 -0.0327 -0.7067 0.7067 0.0326 -0.7689 0.6384 0.0355 -0.7624 0.6384 0.1063 -0.7623 0.6384 0.1063 -0.7493 0.6384 0.1762 -0.7493 0.6384 0.1762 -0.7298 0.6384 0.2446 -0.7297 0.6385 0.2447 -0.7041 0.6385 0.3109 -0.7041 0.6385 0.3109 -0.6724 0.6385 0.3746 -0.6725 0.6384 0.3745 -0.6350 0.6384 0.4350 -0.6350 0.6384 0.4350 -0.5922 0.6384 0.4917 -0.5922 0.6384 0.4917 -0.5443 0.6384 0.5443 -0.5443 0.6384 0.5443 -0.4917 0.6384 0.5922 -0.4917 0.6384 0.5922 -0.4350 0.6384 0.6350 -0.4350 0.6384 0.6350 -0.3746 0.6384 0.6724 -0.3744 0.6385 0.6724 -0.3108 0.6385 0.7041 -0.3109 0.6385 0.7041 -0.2446 0.6385 0.7298 -0.2447 0.6384 0.7298 -0.1763 0.6384 0.7493 -0.1762 0.6384 0.7493 -0.1063 0.6384 0.7623 -0.1063 0.6384 0.7624 -0.0356 0.6384 0.7689 -0.0355 0.6384 0.7689 0.0356 0.6384 0.7689 0.0355 0.6384 0.7689 0.1063 0.6384 0.7624 0.1063 0.6384 0.7623 0.1763 0.6384 0.7493 0.1762 0.6384 0.7493 0.2446 0.6384 0.7298 0.2447 0.6385 0.7297 0.3108 0.6385 0.7041 0.3109 0.6385 0.7041 0.3746 0.6385 0.6724 0.3745 0.6384 0.6725 0.4350 0.6384 0.6350 0.4350 0.6384 0.6350 0.4917 0.6384 0.5922 0.4917 0.6384 0.5922 0.5443 0.6384 0.5443 0.5443 0.6384 0.5443 0.5922 0.6384 0.4917 0.5922 0.6384 0.4917 0.6350 0.6384 0.4350 0.6350 0.6384 0.4350 0.6724 0.6384 0.3746 0.6724 0.6385 0.3744 0.7041 0.6385 0.3108 0.7041 0.6385 0.3109 0.7298 0.6385 0.2445 0.7298 0.6384 0.2447 0.7493 0.6384 0.1763 0.7493 0.6384 0.1762 0.7623 0.6384 0.1063 0.7624 0.6384 0.1063 0.7689 0.6384 0.0356 0.7689 0.6384 0.0355 0.7689 0.6384 -0.0356 0.7689 0.6384 -0.0355 0.7624 0.6384 -0.1063 0.7623 0.6384 -0.1063 0.7493 0.6384 -0.1763 0.7493 0.6384 -0.1762 0.7298 0.6384 -0.2446 0.7297 0.6385 -0.2447 0.7041 0.6385 -0.3109 0.7041 0.6384 -0.3108 0.6724 0.6384 -0.3746 0.6725 0.6384 -0.3745 0.6350 0.6384 -0.4350 0.6350 0.6384 -0.4350 0.5922 0.6384 -0.4917 0.5922 0.6384 -0.4917 0.5443 0.6384 -0.5443 0.5443 0.6384 -0.5443 0.4917 0.6384 -0.5922 0.4917 0.6384 -0.5922 0.4350 0.6384 -0.6350 0.4350 0.6384 -0.6350 0.3746 0.6384 -0.6724 0.3744 0.6385 -0.6724 0.3108 0.6385 -0.7041 0.3110 0.6384 -0.7041 0.2446 0.6384 -0.7298 0.2446 0.6384 -0.7298 0.1763 0.6384 -0.7493 0.1762 0.6384 -0.7493 0.1063 0.6384 -0.7623 0.1063 0.6384 -0.7624 0.0356 0.6384 -0.7689 0.0355 0.6384 -0.7689 -0.0356 0.6384 -0.7689 -0.0355 0.6384 -0.7689 -0.1063 0.6384 -0.7624 -0.1063 0.6384 -0.7623 -0.1763 0.6384 -0.7493 -0.1762 0.6384 -0.7493 -0.2446 0.6384 -0.7298 -0.2446 0.6384 -0.7298 -0.3109 0.6384 -0.7041 -0.3110 0.6385 -0.7040 -0.3746 0.6385 -0.6724 -0.3745 0.6384 -0.6725 -0.4350 0.6384 -0.6350 -0.4350 0.6384 -0.6350 -0.4917 0.6384 -0.5922 -0.4917 0.6384 -0.5922 -0.5443 0.6384 -0.5443 -0.5443 0.6384 -0.5443 -0.5922 0.6384 -0.4917 -0.5922 0.6384 -0.4917 -0.6350 0.6384 -0.4350 -0.6350 0.6384 -0.4350 -0.6724 0.6384 -0.3746 -0.6724 0.6384 -0.3745 -0.7041 0.6384 -0.3109 -0.7041 0.6385 -0.3108 -0.7298 0.6385 -0.2445 -0.7298 0.6384 -0.2447 -0.7493 0.6384 -0.1763 -0.7493 0.6384 -0.1762 -0.7623 0.6384 -0.1063 -0.7624 0.6384 -0.1063 -0.7689 0.6384 -0.0356 -0.7689 0.6384 -0.0355 -0.7689 0.6384 0.0356 -0.8244 0.5647 0.0382 -0.8174 0.5647 0.1140 -0.8174 0.5647 0.1140 -0.8034 0.5647 0.1890 -0.8033 0.5647 0.1890 -0.7825 0.5647 0.2623 -0.7825 0.5647 0.2622 -0.7550 0.5647 0.3334 -0.7550 0.5646 0.3333 -0.7211 0.5646 0.4016 -0.7210 0.5647 0.4016 -0.6809 0.5647 0.4664 -0.6808 0.5648 0.4664 -0.6349 0.5648 0.5272 -0.6349 0.5648 0.5272 -0.5835 0.5648 0.5835 -0.5835 0.5648 0.5835 -0.5272 0.5648 0.6349 -0.5272 0.5648 0.6349 -0.4664 0.5648 0.6808 -0.4664 0.5647 0.6808 -0.4015 0.5647 0.7210 -0.4017 0.5646 0.7210 -0.3334 0.5646 0.7550 -0.3333 0.5647 0.7550 -0.2623 0.5647 0.7825 -0.2622 0.5647 0.7825 -0.1890 0.5647 0.8034 -0.1890 0.5647 0.8034 -0.1140 0.5647 0.8174 -0.1140 0.5647 0.8174 -0.0381 0.5647 0.8244 -0.0382 0.5647 0.8244 0.0381 0.5647 0.8244 0.0382 0.5647 0.8244 0.1140 0.5647 0.8174 0.1140 0.5647 0.8174 0.1890 0.5647 0.8034 0.1890 0.5647 0.8033 0.2623 0.5647 0.7825 0.2622 0.5647 0.7825 0.3334 0.5647 0.7550 0.3333 0.5646 0.7550 0.4016 0.5646 0.7211 0.4016 0.5647 0.7210 0.4664 0.5647 0.6809 0.4664 0.5648 0.6808 0.5272 0.5648 0.6349 0.5272 0.5648 0.6349 0.5835 0.5648 0.5835 0.5835 0.5648 0.5835 0.6349 0.5648 0.5272 0.6349 0.5648 0.5272 0.6808 0.5648 0.4664 0.6808 0.5647 0.4664 0.7210 0.5647 0.4015 0.7210 0.5646 0.4017 0.7550 0.5646 0.3334 0.7550 0.5647 0.3333 0.7825 0.5647 0.2623 0.7825 0.5647 0.2622 0.8033 0.5647 0.1890 0.8034 0.5647 0.1890 0.8174 0.5647 0.1140 0.8174 0.5647 0.1140 0.8244 0.5647 0.0381 0.8244 0.5647 0.0382 0.8244 0.5647 -0.0381 0.8244 0.5647 -0.0382 0.8174 0.5647 -0.1140 0.8174 0.5647 -0.1140 0.8034 0.5647 -0.1890 0.8033 0.5647 -0.1890 0.7825 0.5647 -0.2623 0.7825 0.5647 -0.2622 0.7550 0.5647 -0.3334 0.7550 0.5646 -0.3333 0.7211 0.5646 -0.4016 0.7210 0.5647 -0.4016 0.6809 0.5647 -0.4664 0.6808 0.5648 -0.4664 0.6349 0.5648 -0.5272 0.6349 0.5648 -0.5272 0.5835 0.5648 -0.5835 0.5835 0.5648 -0.5835 0.5272 0.5648 -0.6349 0.5272 0.5648 -0.6349 0.4664 0.5648 -0.6808 0.4664 0.5647 -0.6808 0.4015 0.5647 -0.7210 0.4017 0.5646 -0.7210 0.3334 0.5646 -0.7550 0.3333 0.5647 -0.7550 0.2623 0.5647 -0.7825 0.2622 0.5647 -0.7825 0.1890 0.5647 -0.8033 0.1890 0.5647 -0.8034 0.1140 0.5647 -0.8174 0.1140 0.5647 -0.8174 0.0381 0.5647 -0.8244 0.0382 0.5647 -0.8244 -0.0381 0.5647 -0.8244 -0.0382 0.5647 -0.8244 -0.1140 0.5647 -0.8174 -0.1140 0.5647 -0.8174 -0.1890 0.5647 -0.8034 -0.1890 0.5647 -0.8033 -0.2623 0.5647 -0.7825 -0.2622 0.5647 -0.7825 -0.3334 0.5647 -0.7550 -0.3333 0.5646 -0.7550 -0.4016 0.5646 -0.7211 -0.4016 0.5647 -0.7210 -0.4664 0.5647 -0.6809 -0.4664 0.5648 -0.6808 -0.5272 0.5648 -0.6349 -0.5272 0.5648 -0.6349 -0.5835 0.5648 -0.5835 -0.5835 0.5648 -0.5835 -0.6349 0.5648 -0.5272 -0.6349 0.5648 -0.5272 -0.6808 0.5648 -0.4664 -0.6808 0.5647 -0.4664 -0.7210 0.5647 -0.4015 -0.7210 0.5646 -0.4017 -0.7550 0.5646 -0.3334 -0.7550 0.5647 -0.3333 -0.7825 0.5647 -0.2623 -0.7825 0.5647 -0.2622 -0.8033 0.5647 -0.1890 -0.8034 0.5647 -0.1890 -0.8174 0.5647 -0.1140 -0.8174 0.5647 -0.1140 -0.8244 0.5647 -0.0381 -0.8244 0.5647 -0.0382 -0.8244 0.5647 0.0381 -0.8729 0.4863 0.0404 -0.8654 0.4863 0.1208 -0.8655 0.4862 0.1207 -0.8506 0.4862 0.2001 -0.8506 0.4862 0.2001 -0.8286 0.4862 0.2776 -0.8285 0.4863 0.2777 -0.7993 0.4863 0.3530 -0.7993 0.4863 0.3529 -0.7633 0.4863 0.4253 -0.7634 0.4862 0.4252 -0.7210 0.4862 0.4938 -0.7209 0.4863 0.4938 -0.6722 0.4863 0.5583 -0.6723 0.4862 0.5582 -0.6179 0.4862 0.6179 -0.6179 0.4862 0.6179 -0.5583 0.4862 0.6722 -0.5582 0.4863 0.6723 -0.4937 0.4863 0.7210 -0.4938 0.4862 0.7209 -0.4253 0.4862 0.7634 -0.4251 0.4863 0.7634 -0.3529 0.4863 0.7994 -0.3530 0.4862 0.7994 -0.2777 0.4862 0.8285 -0.2777 0.4862 0.8285 -0.2001 0.4862 0.8506 -0.2001 0.4862 0.8506 -0.1207 0.4862 0.8655 -0.1207 0.4862 0.8655 -0.0404 0.4862 0.8729 -0.0404 0.4862 0.8729 0.0404 0.4862 0.8729 0.0404 0.4862 0.8729 0.1207 0.4862 0.8655 0.1207 0.4862 0.8655 0.2001 0.4862 0.8506 0.2001 0.4862 0.8506 0.2777 0.4862 0.8285 0.2777 0.4862 0.8285 0.3529 0.4862 0.7994 0.3529 0.4863 0.7993 0.4253 0.4863 0.7633 0.4252 0.4862 0.7634 0.4938 0.4862 0.7210 0.4938 0.4863 0.7209 0.5583 0.4863 0.6722 0.5582 0.4862 0.6723 0.6179 0.4862 0.6179 0.6179 0.4862 0.6179 0.6722 0.4862 0.5583 0.6723 0.4863 0.5582 0.7210 0.4863 0.4937 0.7209 0.4862 0.4938 0.7634 0.4862 0.4253 0.7634 0.4863 0.4251 0.7993 0.4863 0.3530 0.7993 0.4863 0.3529 0.8285 0.4863 0.2776 0.8285 0.4862 0.2777 0.8506 0.4862 0.2001 0.8506 0.4862 0.2001 0.8654 0.4862 0.1208 0.8654 0.4863 0.1207 0.8729 0.4863 0.0403 0.8729 0.4862 0.0404 0.8729 0.4862 -0.0403 0.8729 0.4863 -0.0404 0.8654 0.4863 -0.1208 0.8655 0.4862 -0.1207 0.8506 0.4862 -0.2001 0.8506 0.4862 -0.2001 0.8286 0.4862 -0.2776 0.8285 0.4863 -0.2777 0.7993 0.4863 -0.3530 0.7993 0.4863 -0.3529 0.7633 0.4863 -0.4253 0.7634 0.4862 -0.4252 0.7210 0.4862 -0.4938 0.7209 0.4863 -0.4938 0.6722 0.4863 -0.5583 0.6723 0.4862 -0.5582 0.6179 0.4862 -0.6179 0.6179 0.4862 -0.6179 0.5583 0.4862 -0.6722 0.5582 0.4863 -0.6723 0.4937 0.4863 -0.7210 0.4938 0.4862 -0.7209 0.4253 0.4862 -0.7634 0.4251 0.4863 -0.7634 0.3530 0.4863 -0.7993 0.3529 0.4863 -0.7993 0.2776 0.4863 -0.8285 0.2777 0.4862 -0.8285 0.2001 0.4862 -0.8506 0.2001 0.4862 -0.8506 0.1208 0.4862 -0.8654 0.1207 0.4863 -0.8654 0.0403 0.4863 -0.8729 0.0404 0.4862 -0.8729 -0.0403 0.4862 -0.8729 -0.0404 0.4863 -0.8729 -0.1208 0.4863 -0.8654 -0.1207 0.4862 -0.8655 -0.2001 0.4862 -0.8506 -0.2001 0.4862 -0.8506 -0.2776 0.4862 -0.8286 -0.2777 0.4863 -0.8285 -0.3530 0.4863 -0.7993 -0.3529 0.4863 -0.7993 -0.4253 0.4863 -0.7633 -0.4252 0.4862 -0.7634 -0.4938 0.4862 -0.7210 -0.4938 0.4863 -0.7209 -0.5583 0.4863 -0.6722 -0.5582 0.4862 -0.6723 -0.6179 0.4862 -0.6179 -0.6179 0.4862 -0.6179 -0.6722 0.4862 -0.5583 -0.6723 0.4863 -0.5582 -0.7210 0.4863 -0.4937 -0.7209 0.4862 -0.4938 -0.7634 0.4862 -0.4253 -0.7634 0.4863 -0.4251 -0.7993 0.4863 -0.3530 -0.7993 0.4863 -0.3529 -0.8285 0.4863 -0.2776 -0.8285 0.4862 -0.2777 -0.8506 0.4862 -0.2001 -0.8506 0.4862 -0.2001 -0.8654 0.4862 -0.1208 -0.8654 0.4863 -0.1207 -0.8729 0.4863 -0.0403 -0.8729 0.4862 -0.0404 -0.8729 0.4862 0.0403 -0.9140 0.4035 0.0422 -0.9062 0.4035 0.1264 -0.9062 0.4035 0.1265 -0.8907 0.4035 0.2094 -0.8906 0.4036 0.2095 -0.8675 0.4036 0.2908 -0.8676 0.4035 0.2907 -0.8371 0.4035 0.3695 -0.8370 0.4036 0.3696 -0.7993 0.4036 0.4453 -0.7993 0.4036 0.4453 -0.7549 0.4036 0.5170 -0.7549 0.4035 0.5170 -0.7039 0.4035 0.5846 -0.7039 0.4035 0.5846 -0.6470 0.4035 0.6470 -0.6470 0.4035 0.6470 -0.5846 0.4035 0.7039 -0.5846 0.4035 0.7039 -0.5170 0.4035 0.7549 -0.5170 0.4036 0.7549 -0.4452 0.4036 0.7993 -0.4453 0.4035 0.7993 -0.3696 0.4035 0.8370 -0.3695 0.4036 0.8370 -0.2908 0.4036 0.8675 -0.2908 0.4036 0.8675 -0.2094 0.4036 0.8907 -0.2095 0.4035 0.8907 -0.1264 0.4035 0.9062 -0.1264 0.4036 0.9062 -0.0423 0.4036 0.9140 -0.0423 0.4036 0.9140 0.0423 0.4036 0.9140 0.0423 0.4036 0.9140 0.1264 0.4036 0.9062 0.1264 0.4035 0.9062 0.2094 0.4035 0.8907 0.2095 0.4036 0.8906 0.2908 0.4036 0.8675 0.2908 0.4036 0.8675 0.3696 0.4036 0.8370 0.3695 0.4035 0.8371 0.4452 0.4035 0.7993 0.4453 0.4036 0.7993 0.5170 0.4036 0.7549 0.5170 0.4035 0.7549 0.5846 0.4035 0.7039 0.5846 0.4035 0.7039 0.6470 0.4035 0.6470 0.6470 0.4035 0.6470 0.7039 0.4035 0.5846 0.7039 0.4035 0.5846 0.7549 0.4035 0.5170 0.7549 0.4036 0.5170 0.7993 0.4036 0.4453 0.7993 0.4036 0.4453 0.8370 0.4036 0.3695 0.8370 0.4035 0.3696 0.8675 0.4035 0.2908 0.8675 0.4036 0.2907 0.8907 0.4036 0.2094 0.8907 0.4035 0.2095 0.9062 0.4035 0.1264 0.9062 0.4035 0.1265 0.9140 0.4035 0.0423 0.9140 0.4036 0.0422 0.9140 0.4036 -0.0423 0.9140 0.4035 -0.0422 0.9062 0.4035 -0.1264 0.9062 0.4035 -0.1265 0.8907 0.4035 -0.2094 0.8906 0.4036 -0.2095 0.8675 0.4036 -0.2908 0.8676 0.4035 -0.2907 0.8371 0.4035 -0.3695 0.8370 0.4036 -0.3696 0.7993 0.4036 -0.4453 0.7993 0.4036 -0.4453 0.7549 0.4036 -0.5170 0.7549 0.4035 -0.5170 0.7039 0.4035 -0.5846 0.7039 0.4035 -0.5846 0.6470 0.4035 -0.6469 0.6470 0.4036 -0.6470 0.5845 0.4036 -0.7039 0.5846 0.4035 -0.7039 0.5170 0.4035 -0.7549 0.5170 0.4036 -0.7549 0.4453 0.4036 -0.7993 0.4453 0.4036 -0.7993 0.3695 0.4036 -0.8370 0.3696 0.4035 -0.8370 0.2908 0.4035 -0.8675 0.2907 0.4036 -0.8675 0.2095 0.4036 -0.8906 0.2095 0.4036 -0.8906 0.1263 0.4036 -0.9062 0.1265 0.4035 -0.9062 0.0423 0.4035 -0.9140 0.0422 0.4036 -0.9140 -0.0423 0.4036 -0.9140 -0.0422 0.4035 -0.9140 -0.1263 0.4035 -0.9062 -0.1265 0.4036 -0.9061 -0.2095 0.4036 -0.8906 -0.2095 0.4036 -0.8906 -0.2908 0.4036 -0.8675 -0.2907 0.4035 -0.8676 -0.3695 0.4035 -0.8371 -0.3696 0.4036 -0.8370 -0.4453 0.4036 -0.7993 -0.4453 0.4036 -0.7993 -0.5170 0.4036 -0.7549 -0.5170 0.4035 -0.7549 -0.5845 0.4035 -0.7039 -0.5846 0.4036 -0.7038 -0.6470 0.4036 -0.6469 -0.6470 0.4035 -0.6470 -0.7039 0.4035 -0.5846 -0.7039 0.4035 -0.5846 -0.7549 0.4035 -0.5170 -0.7549 0.4036 -0.5170 -0.7993 0.4036 -0.4453 -0.7993 0.4036 -0.4453 -0.8370 0.4036 -0.3695 -0.8370 0.4035 -0.3696 -0.8675 0.4035 -0.2908 -0.8675 0.4036 -0.2907 -0.8906 0.4036 -0.2094 -0.8907 0.4035 -0.2095 -0.9062 0.4035 -0.1264 -0.9062 0.4035 -0.1265 -0.9140 0.4035 -0.0423 -0.9140 0.4036 -0.0422 -0.9140 0.4036 0.0423 -0.9472 0.3175 0.0438 -0.9392 0.3175 0.1310 -0.9392 0.3175 0.1310 -0.9231 0.3175 0.2171 -0.9231 0.3175 0.2170 -0.8991 0.3175 0.3013 -0.8991 0.3176 0.3014 -0.8674 0.3175 0.3831 -0.8675 0.3174 0.3829 -0.8285 0.3174 0.4614 -0.8284 0.3175 0.4615 -0.7823 0.3175 0.5359 -0.7824 0.3174 0.5359 -0.7296 0.3175 0.6058 -0.7295 0.3176 0.6058 -0.6705 0.3176 0.6705 -0.6705 0.3176 0.6705 -0.6057 0.3176 0.7295 -0.6059 0.3175 0.7295 -0.5359 0.3175 0.7823 -0.5358 0.3175 0.7823 -0.4614 0.3175 0.8284 -0.4614 0.3175 0.8284 -0.3831 0.3175 0.8674 -0.3830 0.3175 0.8674 -0.3013 0.3175 0.8991 -0.3014 0.3175 0.8991 -0.2171 0.3175 0.9231 -0.2170 0.3176 0.9231 -0.1310 0.3175 0.9392 -0.1310 0.3175 0.9392 -0.0439 0.3175 0.9472 -0.0438 0.3175 0.9472 0.0439 0.3175 0.9472 0.0438 0.3175 0.9472 0.1310 0.3175 0.9392 0.1310 0.3175 0.9391 0.2171 0.3176 0.9231 0.2170 0.3175 0.9231 0.3013 0.3175 0.8991 0.3014 0.3176 0.8991 0.3831 0.3175 0.8674 0.3830 0.3175 0.8675 0.4614 0.3175 0.8284 0.4614 0.3175 0.8284 0.5359 0.3175 0.7823 0.5359 0.3174 0.7824 0.6058 0.3175 0.7296 0.6058 0.3176 0.7295 0.6705 0.3176 0.6705 0.6705 0.3176 0.6705 0.7295 0.3176 0.6057 0.7295 0.3174 0.6059 0.7823 0.3174 0.5359 0.7823 0.3175 0.5358 0.8284 0.3175 0.4614 0.8284 0.3174 0.4615 0.8675 0.3174 0.3831 0.8675 0.3175 0.3829 0.8991 0.3176 0.3013 0.8991 0.3175 0.3014 0.9231 0.3175 0.2171 0.9231 0.3175 0.2170 0.9392 0.3175 0.1310 0.9392 0.3175 0.1310 0.9472 0.3175 0.0439 0.9472 0.3175 0.0438 0.9472 0.3175 -0.0439 0.9472 0.3175 -0.0438 0.9392 0.3175 -0.1310 0.9391 0.3176 -0.1310 0.9231 0.3176 -0.2171 0.9231 0.3175 -0.2170 0.8991 0.3175 -0.3013 0.8991 0.3176 -0.3014 0.8674 0.3175 -0.3831 0.8675 0.3174 -0.3829 0.8285 0.3174 -0.4614 0.8284 0.3175 -0.4615 0.7823 0.3175 -0.5359 0.7824 0.3174 -0.5359 0.7296 0.3174 -0.6058 0.7295 0.3176 -0.6058 0.6705 0.3176 -0.6705 0.6706 0.3175 -0.6705 0.6058 0.3175 -0.7296 0.6058 0.3175 -0.7295 0.5359 0.3174 -0.7823 0.5358 0.3175 -0.7823 0.4614 0.3175 -0.8284 0.4615 0.3174 -0.8284 0.3831 0.3174 -0.8675 0.3829 0.3175 -0.8675 0.3013 0.3175 -0.8991 0.3014 0.3175 -0.8991 0.2171 0.3175 -0.9231 0.2171 0.3175 -0.9231 0.1310 0.3175 -0.9392 0.1309 0.3175 -0.9392 0.0439 0.3175 -0.9472 0.0438 0.3175 -0.9472 -0.0439 0.3175 -0.9472 -0.0438 0.3175 -0.9472 -0.1310 0.3175 -0.9392 -0.1309 0.3175 -0.9392 -0.2171 0.3175 -0.9231 -0.2171 0.3175 -0.9231 -0.3013 0.3175 -0.8991 -0.3014 0.3176 -0.8991 -0.3831 0.3175 -0.8674 -0.3829 0.3174 -0.8675 -0.4614 0.3174 -0.8285 -0.4615 0.3175 -0.8284 -0.5359 0.3175 -0.7823 -0.5359 0.3174 -0.7824 -0.6058 0.3175 -0.7296 -0.6058 0.3175 -0.7295 -0.6705 0.3175 -0.6705 -0.6706 0.3176 -0.6704 -0.7295 0.3176 -0.6057 -0.7295 0.3174 -0.6059 -0.7823 0.3174 -0.5359 -0.7823 0.3175 -0.5358 -0.8284 0.3175 -0.4614 -0.8284 0.3174 -0.4615 -0.8675 0.3174 -0.3831 -0.8675 0.3175 -0.3829 -0.8991 0.3176 -0.3013 -0.8991 0.3175 -0.3014 -0.9231 0.3175 -0.2171 -0.9231 0.3176 -0.2170 -0.9392 0.3175 -0.1310 -0.9392 0.3175 -0.1310 -0.9472 0.3175 -0.0439 -0.9472 0.3175 -0.0438 -0.9472 0.3175 0.0439 -0.9724 0.2288 0.0450 -0.9642 0.2287 0.1345 -0.9642 0.2288 0.1345 -0.9476 0.2288 0.2229 -0.9476 0.2287 0.2229 -0.9230 0.2287 0.3094 -0.9231 0.2286 0.3094 -0.8906 0.2286 0.3932 -0.8905 0.2287 0.3933 -0.8505 0.2287 0.4737 -0.8505 0.2287 0.4737 -0.8031 0.2287 0.5502 -0.8031 0.2287 0.5502 -0.7490 0.2287 0.6219 -0.7490 0.2287 0.6219 -0.6884 0.2287 0.6884 -0.6884 0.2287 0.6884 -0.6219 0.2287 0.7490 -0.6219 0.2287 0.7490 -0.5502 0.2287 0.8031 -0.5502 0.2287 0.8031 -0.4737 0.2287 0.8505 -0.4737 0.2287 0.8505 -0.3932 0.2287 0.8906 -0.3933 0.2286 0.8905 -0.3094 0.2286 0.9230 -0.3094 0.2287 0.9230 -0.2229 0.2287 0.9476 -0.2229 0.2287 0.9476 -0.1345 0.2287 0.9642 -0.1345 0.2287 0.9642 -0.0449 0.2287 0.9724 -0.0450 0.2286 0.9725 0.0449 0.2286 0.9725 0.0450 0.2288 0.9724 0.1345 0.2287 0.9642 0.1345 0.2287 0.9642 0.2229 0.2287 0.9476 0.2229 0.2287 0.9476 0.3094 0.2287 0.9230 0.3094 0.2286 0.9231 0.3932 0.2286 0.8906 0.3933 0.2287 0.8905 0.4737 0.2287 0.8505 0.4737 0.2287 0.8505 0.5502 0.2287 0.8031 0.5502 0.2287 0.8031 0.6219 0.2287 0.7490 0.6219 0.2287 0.7490 0.6884 0.2287 0.6884 0.6884 0.2287 0.6884 0.7490 0.2287 0.6219 0.7490 0.2287 0.6219 0.8031 0.2287 0.5502 0.8031 0.2287 0.5502 0.8505 0.2287 0.4737 0.8505 0.2287 0.4737 0.8906 0.2287 0.3932 0.8905 0.2286 0.3933 0.9230 0.2286 0.3094 0.9230 0.2287 0.3094 0.9476 0.2287 0.2229 0.9476 0.2288 0.2229 0.9642 0.2288 0.1345 0.9642 0.2287 0.1345 0.9724 0.2287 0.0449 0.9725 0.2286 0.0450 0.9725 0.2286 -0.0449 0.9724 0.2288 -0.0450 0.9642 0.2287 -0.1345 0.9642 0.2287 -0.1344 0.9476 0.2287 -0.2229 0.9476 0.2287 -0.2229 0.9230 0.2287 -0.3094 0.9230 0.2286 -0.3094 0.8906 0.2286 -0.3932 0.8905 0.2287 -0.3933 0.8505 0.2287 -0.4737 0.8505 0.2287 -0.4737 0.8031 0.2287 -0.5502 0.8031 0.2287 -0.5502 0.7490 0.2287 -0.6218 0.7490 0.2288 -0.6219 0.6883 0.2288 -0.6884 0.6884 0.2287 -0.6884 0.6219 0.2287 -0.7490 0.6219 0.2287 -0.7490 0.5502 0.2287 -0.8031 0.5502 0.2287 -0.8031 0.4737 0.2287 -0.8505 0.4737 0.2287 -0.8505 0.3933 0.2287 -0.8905 0.3933 0.2287 -0.8905 0.3093 0.2287 -0.9230 0.3094 0.2287 -0.9230 0.2229 0.2287 -0.9476 0.2229 0.2287 -0.9476 0.1345 0.2287 -0.9642 0.1344 0.2287 -0.9642 0.0449 0.2287 -0.9724 0.0450 0.2286 -0.9725 -0.0449 0.2286 -0.9725 -0.0450 0.2288 -0.9724 -0.1345 0.2287 -0.9642 -0.1344 0.2287 -0.9642 -0.2229 0.2287 -0.9476 -0.2229 0.2287 -0.9476 -0.3093 0.2287 -0.9230 -0.3094 0.2287 -0.9230 -0.3933 0.2287 -0.8905 -0.3933 0.2287 -0.8905 -0.4737 0.2287 -0.8505 -0.4737 0.2287 -0.8505 -0.5502 0.2287 -0.8031 -0.5502 0.2287 -0.8031 -0.6219 0.2287 -0.7490 -0.6219 0.2287 -0.7490 -0.6883 0.2287 -0.6884 -0.6884 0.2288 -0.6884 -0.7490 0.2288 -0.6218 -0.7490 0.2287 -0.6219 -0.8031 0.2287 -0.5502 -0.8031 0.2287 -0.5502 -0.8505 0.2287 -0.4737 -0.8505 0.2287 -0.4737 -0.8906 0.2287 -0.3932 -0.8905 0.2286 -0.3933 -0.9230 0.2286 -0.3094 -0.9230 0.2287 -0.3094 -0.9476 0.2287 -0.2229 -0.9476 0.2287 -0.2229 -0.9642 0.2287 -0.1345 -0.9642 0.2287 -0.1344 -0.9724 0.2287 -0.0449 -0.9725 0.2286 -0.0450 -0.9725 0.2286 0.0449 -0.9894 0.1380 0.0457 -0.9809 0.1380 0.1369 -0.9809 0.1380 0.1368 -0.9641 0.1380 0.2268 -0.9641 0.1380 0.2268 -0.9391 0.1380 0.3148 -0.9391 0.1380 0.3148 -0.9061 0.1380 0.4000 -0.9060 0.1381 0.4000 -0.8652 0.1381 0.4820 -0.8653 0.1380 0.4819 -0.8171 0.1380 0.5598 -0.8171 0.1380 0.5597 -0.7620 0.1380 0.6327 -0.7620 0.1380 0.6327 -0.7003 0.1380 0.7003 -0.7003 0.1380 0.7003 -0.6327 0.1380 0.7620 -0.6327 0.1380 0.7620 -0.5598 0.1380 0.8171 -0.5597 0.1380 0.8171 -0.4819 0.1380 0.8653 -0.4819 0.1380 0.8653 -0.4000 0.1380 0.9060 -0.4000 0.1380 0.9061 -0.3148 0.1380 0.9391 -0.3148 0.1380 0.9391 -0.2268 0.1380 0.9641 -0.2268 0.1380 0.9641 -0.1369 0.1380 0.9809 -0.1368 0.1380 0.9809 -0.0457 0.1380 0.9894 -0.0457 0.1380 0.9894 0.0457 0.1380 0.9894 0.0457 0.1380 0.9894 0.1369 0.1380 0.9809 0.1368 0.1380 0.9809 0.2268 0.1380 0.9641 0.2268 0.1380 0.9641 0.3148 0.1380 0.9391 0.3148 0.1380 0.9391 0.4000 0.1380 0.9060 0.4000 0.1380 0.9061 0.4819 0.1380 0.8653 0.4819 0.1380 0.8653 0.5598 0.1380 0.8171 0.5597 0.1380 0.8171 0.6327 0.1380 0.7620 0.6327 0.1380 0.7620 0.7003 0.1380 0.7003 0.7003 0.1380 0.7003 0.7620 0.1380 0.6327 0.7620 0.1380 0.6327 0.8171 0.1380 0.5598 0.8171 0.1380 0.5597 0.8652 0.1380 0.4820 0.8653 0.1381 0.4819 0.9061 0.1381 0.3999 0.9061 0.1380 0.4000 0.9391 0.1380 0.3148 0.9391 0.1380 0.3148 0.9641 0.1380 0.2268 0.9641 0.1380 0.2268 0.9809 0.1380 0.1369 0.9809 0.1380 0.1368 0.9894 0.1380 0.0457 0.9894 0.1380 0.0457 0.9894 0.1380 -0.0457 0.9894 0.1380 -0.0457 0.9809 0.1381 -0.1369 0.9809 0.1380 -0.1368 0.9641 0.1380 -0.2268 0.9641 0.1380 -0.2268 0.9391 0.1380 -0.3148 0.9391 0.1380 -0.3148 0.9061 0.1380 -0.4000 0.9060 0.1381 -0.4000 0.8652 0.1381 -0.4820 0.8653 0.1380 -0.4819 0.8171 0.1380 -0.5598 0.8171 0.1380 -0.5597 0.7620 0.1380 -0.6327 0.7620 0.1380 -0.6327 0.7003 0.1380 -0.7003 0.7003 0.1380 -0.7004 0.6327 0.1380 -0.7620 0.6327 0.1380 -0.7620 0.5598 0.1380 -0.8171 0.5597 0.1380 -0.8171 0.4820 0.1380 -0.8652 0.4819 0.1381 -0.8653 0.3999 0.1381 -0.9061 0.4001 0.1379 -0.9060 0.3148 0.1379 -0.9391 0.3147 0.1380 -0.9391 0.2268 0.1380 -0.9641 0.2268 0.1380 -0.9641 0.1369 0.1380 -0.9809 0.1368 0.1380 -0.9809 0.0457 0.1380 -0.9894 0.0457 0.1380 -0.9894 -0.0457 0.1380 -0.9894 -0.0457 0.1380 -0.9894 -0.1369 0.1380 -0.9809 -0.1368 0.1380 -0.9809 -0.2268 0.1380 -0.9641 -0.2268 0.1380 -0.9641 -0.3148 0.1380 -0.9391 -0.3147 0.1379 -0.9391 -0.4000 0.1379 -0.9061 -0.4001 0.1381 -0.9060 -0.4820 0.1381 -0.8652 -0.4819 0.1380 -0.8653 -0.5598 0.1380 -0.8171 -0.5597 0.1380 -0.8171 -0.6327 0.1380 -0.7620 -0.6327 0.1380 -0.7620 -0.7003 0.1380 -0.7003 -0.7003 0.1380 -0.7004 -0.7620 0.1380 -0.6327 -0.7620 0.1380 -0.6327 -0.8171 0.1380 -0.5598 -0.8171 0.1380 -0.5597 -0.8652 0.1380 -0.4820 -0.8653 0.1381 -0.4819 -0.9061 0.1381 -0.3999 -0.9061 0.1380 -0.4000 -0.9391 0.1380 -0.3148 -0.9391 0.1380 -0.3148 -0.9641 0.1380 -0.2268 -0.9641 0.1380 -0.2268 -0.9809 0.1380 -0.1369 -0.9809 0.1381 -0.1368 -0.9894 0.1380 -0.0457 -0.9894 0.1380 -0.0457 -0.9894 0.1380 0.0457 -0.9979 0.0461 0.0461 -0.9894 0.0461 0.1380 -0.9894 0.0461 0.1380 -0.9724 0.0461 0.2286 -0.9724 0.0462 0.2287 -0.9471 0.0462 0.3175 -0.9471 0.0462 0.3175 -0.9138 0.0461 0.4035 -0.9139 0.0460 0.4034 -0.8727 0.0460 0.4861 -0.8727 0.0461 0.4861 -0.8241 0.0461 0.5645 -0.8241 0.0462 0.5646 -0.7685 0.0462 0.6381 -0.7686 0.0462 0.6381 -0.7064 0.0462 0.7064 -0.7064 0.0462 0.7064 -0.6381 0.0462 0.7685 -0.6381 0.0462 0.7686 -0.5645 0.0462 0.8241 -0.5646 0.0461 0.8241 -0.4861 0.0461 0.8727 -0.4860 0.0461 0.8727 -0.4035 0.0461 0.9138 -0.4035 0.0462 0.9138 -0.3175 0.0462 0.9471 -0.3175 0.0462 0.9471 -0.2286 0.0462 0.9724 -0.2287 0.0461 0.9724 -0.1380 0.0461 0.9894 -0.1380 0.0461 0.9894 -0.0462 0.0461 0.9979 -0.0461 0.0462 0.9979 0.0462 0.0462 0.9979 0.0461 0.0461 0.9979 0.1380 0.0461 0.9894 0.1380 0.0461 0.9894 0.2286 0.0461 0.9724 0.2287 0.0462 0.9724 0.3175 0.0462 0.9471 0.3175 0.0462 0.9471 0.4035 0.0462 0.9138 0.4035 0.0461 0.9138 0.4861 0.0461 0.8727 0.4860 0.0461 0.8727 0.5645 0.0461 0.8241 0.5646 0.0462 0.8241 0.6381 0.0462 0.7685 0.6381 0.0462 0.7686 0.7064 0.0462 0.7064 0.7064 0.0462 0.7064 0.7685 0.0462 0.6381 0.7686 0.0462 0.6381 0.8241 0.0462 0.5645 0.8241 0.0461 0.5646 0.8727 0.0461 0.4861 0.8727 0.0460 0.4861 0.9138 0.0460 0.4035 0.9139 0.0462 0.4034 0.9471 0.0462 0.3175 0.9471 0.0462 0.3175 0.9724 0.0462 0.2286 0.9724 0.0461 0.2287 0.9894 0.0461 0.1380 0.9894 0.0461 0.1380 0.9979 0.0461 0.0462 0.9979 0.0462 0.0461 0.9979 0.0462 -0.0462 0.9979 0.0460 -0.0460 0.9894 0.0460 -0.1380 0.9894 0.0461 -0.1380 0.9724 0.0461 -0.2286 0.9724 0.0462 -0.2287 0.9471 0.0462 -0.3175 0.9471 0.0462 -0.3175 0.9138 0.0462 -0.4035 0.9139 0.0460 -0.4034 0.8727 0.0460 -0.4861 0.8727 0.0461 -0.4861 0.8241 0.0461 -0.5645 0.8241 0.0462 -0.5646 0.7685 0.0462 -0.6382 0.7686 0.0462 -0.6381 0.7064 0.0462 -0.7064 0.7064 0.0462 -0.7064 0.6381 0.0462 -0.7685 0.6381 0.0462 -0.7686 0.5645 0.0462 -0.8241 0.5646 0.0461 -0.8241 0.4861 0.0461 -0.8727 0.4861 0.0460 -0.8727 0.4035 0.0460 -0.9138 0.4034 0.0462 -0.9139 0.3175 0.0462 -0.9471 0.3175 0.0462 -0.9471 0.2286 0.0462 -0.9724 0.2287 0.0461 -0.9724 0.1380 0.0461 -0.9894 0.1380 0.0461 -0.9894 0.0462 0.0461 -0.9979 0.0461 0.0462 -0.9979 -0.0462 0.0462 -0.9979 -0.0461 0.0461 -0.9979 -0.1380 0.0461 -0.9894 -0.1380 0.0461 -0.9894 -0.2286 0.0461 -0.9724 -0.2287 0.0462 -0.9724 -0.3175 0.0462 -0.9471 -0.3175 0.0462 -0.9471 -0.4035 0.0462 -0.9138 -0.4034 0.0460 -0.9139 -0.4861 0.0460 -0.8727 -0.4861 0.0461 -0.8727 -0.5645 0.0461 -0.8241 -0.5646 0.0462 -0.8241 -0.6381 0.0462 -0.7685 -0.6381 0.0462 -0.7686 -0.7064 0.0462 -0.7064 -0.7064 0.0462 -0.7064 -0.7685 0.0462 -0.6382 -0.7686 0.0462 -0.6381 -0.8241 0.0462 -0.5645 -0.8241 0.0461 -0.5646 -0.8727 0.0461 -0.4861 -0.8727 0.0460 -0.4861 -0.9138 0.0460 -0.4035 -0.9139 0.0462 -0.4034 -0.9471 0.0462 -0.3175 -0.9471 0.0462 -0.3175 -0.9724 0.0462 -0.2286 -0.9724 0.0461 -0.2287 -0.9894 0.0461 -0.1380 -0.9894 0.0460 -0.1380 -0.9979 0.0461 -0.0462 -0.9979 0.0462 -0.0460 -0.9979 0.0462 0.0462 -0.0458 -0.9989 0.0064 -0.0450 -0.9989 0.0106 -0.0439 -0.9989 0.0147 -0.0423 -0.9989 0.0187 -0.0404 -0.9989 0.0225 -0.0381 -0.9989 0.0262 -0.0356 -0.9989 0.0295 -0.0327 -0.9989 0.0327 -0.0295 -0.9989 0.0356 -0.0262 -0.9989 0.0381 -0.0225 -0.9989 0.0404 -0.0187 -0.9989 0.0423 -0.0147 -0.9989 0.0439 -0.0106 -0.9989 0.0450 -0.0064 -0.9989 0.0458 -0.0022 -0.9989 0.0462 0.0022 -0.9989 0.0462 0.0064 -0.9989 0.0458 0.0106 -0.9989 0.0450 0.0147 -0.9989 0.0439 0.0187 -0.9989 0.0423 0.0225 -0.9989 0.0404 0.0262 -0.9989 0.0381 0.0295 -0.9989 0.0356 0.0327 -0.9989 0.0327 0.0356 -0.9989 0.0295 0.0381 -0.9989 0.0262 0.0404 -0.9989 0.0225 0.0423 -0.9989 0.0187 0.0439 -0.9989 0.0147 0.0450 -0.9989 0.0106 0.0458 -0.9989 0.0064 0.0462 -0.9989 0.0022 0.0462 -0.9989 -0.0022 0.0458 -0.9989 -0.0064 0.0450 -0.9989 -0.0106 0.0439 -0.9989 -0.0147 0.0423 -0.9989 -0.0187 0.0404 -0.9989 -0.0225 0.0381 -0.9989 -0.0262 0.0356 -0.9989 -0.0295 0.0327 -0.9989 -0.0327 0.0295 -0.9989 -0.0356 0.0262 -0.9989 -0.0381 0.0225 -0.9989 -0.0404 0.0187 -0.9989 -0.0423 0.0147 -0.9989 -0.0439 0.0106 -0.9989 -0.0450 0.0064 -0.9989 -0.0458 0.0021 -0.9989 -0.0462 -0.0021 -0.9989 -0.0462 -0.0064 -0.9989 -0.0458 -0.0106 -0.9989 -0.0450 -0.0147 -0.9989 -0.0439 -0.0187 -0.9989 -0.0423 -0.0225 -0.9989 -0.0404 -0.0262 -0.9989 -0.0381 -0.0295 -0.9989 -0.0356 -0.0327 -0.9989 -0.0327 -0.0356 -0.9989 -0.0295 -0.0381 -0.9989 -0.0262 -0.0404 -0.9989 -0.0225 -0.0423 -0.9989 -0.0187 -0.0439 -0.9989 -0.0147 -0.0450 -0.9989 -0.0106 -0.0458 -0.9989 -0.0064 -0.0462 -0.9989 -0.0022 -0.0462 -0.9989 0.0022 -0.9979 -0.0461 0.0462 -0.9894 -0.0461 0.1380 -0.9894 -0.0461 0.1380 -0.9724 -0.0461 0.2287 -0.9724 -0.0462 0.2286 -0.9471 -0.0462 0.3175 -0.9471 -0.0462 0.3175 -0.9139 -0.0462 0.4034 -0.9138 -0.0460 0.4035 -0.8727 -0.0460 0.4861 -0.8727 -0.0461 0.4861 -0.8241 -0.0461 0.5646 -0.8241 -0.0462 0.5645 -0.7686 -0.0462 0.6381 -0.7685 -0.0462 0.6381 -0.7064 -0.0462 0.7064 -0.7064 -0.0462 0.7064 -0.6381 -0.0462 0.7686 -0.6381 -0.0462 0.7685 -0.5646 -0.0462 0.8241 -0.5645 -0.0461 0.8241 -0.4860 -0.0461 0.8727 -0.4861 -0.0461 0.8727 -0.4035 -0.0461 0.9138 -0.4035 -0.0462 0.9138 -0.3175 -0.0462 0.9471 -0.3175 -0.0462 0.9471 -0.2287 -0.0462 0.9724 -0.2286 -0.0461 0.9724 -0.1380 -0.0461 0.9894 -0.1380 -0.0461 0.9894 -0.0461 -0.0461 0.9979 -0.0462 -0.0462 0.9979 0.0461 -0.0462 0.9979 0.0462 -0.0461 0.9979 0.1380 -0.0461 0.9894 0.1380 -0.0461 0.9894 0.2287 -0.0461 0.9724 0.2286 -0.0462 0.9724 0.3175 -0.0462 0.9471 0.3175 -0.0462 0.9471 0.4035 -0.0462 0.9138 0.4035 -0.0461 0.9138 0.4860 -0.0461 0.8727 0.4861 -0.0461 0.8727 0.5646 -0.0461 0.8241 0.5645 -0.0462 0.8241 0.6381 -0.0462 0.7686 0.6381 -0.0462 0.7685 0.7064 -0.0462 0.7064 0.7064 -0.0462 0.7064 0.7686 -0.0462 0.6381 0.7685 -0.0462 0.6381 0.8241 -0.0462 0.5646 0.8241 -0.0461 0.5645 0.8727 -0.0461 0.4861 0.8727 -0.0460 0.4861 0.9139 -0.0460 0.4034 0.9138 -0.0462 0.4035 0.9471 -0.0462 0.3175 0.9471 -0.0462 0.3175 0.9724 -0.0462 0.2287 0.9724 -0.0461 0.2286 0.9894 -0.0461 0.1380 0.9894 -0.0461 0.1380 0.9979 -0.0461 0.0461 0.9979 -0.0462 0.0462 0.9979 -0.0462 -0.0460 0.9979 -0.0461 -0.0462 0.9894 -0.0460 -0.1380 0.9894 -0.0461 -0.1380 0.9724 -0.0461 -0.2287 0.9724 -0.0462 -0.2286 0.9471 -0.0462 -0.3175 0.9471 -0.0462 -0.3175 0.9139 -0.0462 -0.4034 0.9138 -0.0460 -0.4035 0.8727 -0.0460 -0.4861 0.8727 -0.0461 -0.4861 0.8241 -0.0461 -0.5646 0.8241 -0.0462 -0.5645 0.7686 -0.0462 -0.6381 0.7685 -0.0462 -0.6382 0.7064 -0.0462 -0.7064 0.7064 -0.0462 -0.7064 0.6381 -0.0462 -0.7686 0.6381 -0.0462 -0.7685 0.5646 -0.0462 -0.8241 0.5645 -0.0461 -0.8241 0.4861 -0.0461 -0.8727 0.4861 -0.0460 -0.8727 0.4034 -0.0460 -0.9139 0.4035 -0.0462 -0.9138 0.3175 -0.0462 -0.9471 0.3175 -0.0462 -0.9471 0.2287 -0.0462 -0.9724 0.2286 -0.0461 -0.9724 0.1380 -0.0461 -0.9894 0.1380 -0.0461 -0.9894 0.0461 -0.0461 -0.9979 0.0462 -0.0462 -0.9979 -0.0461 -0.0462 -0.9979 -0.0462 -0.0461 -0.9979 -0.1380 -0.0461 -0.9894 -0.1380 -0.0461 -0.9894 -0.2287 -0.0461 -0.9724 -0.2286 -0.0462 -0.9724 -0.3175 -0.0462 -0.9471 -0.3175 -0.0462 -0.9471 -0.4034 -0.0462 -0.9139 -0.4035 -0.0460 -0.9138 -0.4861 -0.0460 -0.8727 -0.4861 -0.0461 -0.8727 -0.5646 -0.0461 -0.8241 -0.5645 -0.0462 -0.8241 -0.6381 -0.0462 -0.7686 -0.6381 -0.0462 -0.7685 -0.7064 -0.0462 -0.7064 -0.7064 -0.0462 -0.7064 -0.7686 -0.0462 -0.6381 -0.7685 -0.0462 -0.6382 -0.8241 -0.0462 -0.5646 -0.8241 -0.0461 -0.5645 -0.8727 -0.0461 -0.4861 -0.8727 -0.0460 -0.4861 -0.9139 -0.0460 -0.4034 -0.9138 -0.0462 -0.4035 -0.9471 -0.0462 -0.3175 -0.9471 -0.0462 -0.3175 -0.9724 -0.0462 -0.2287 -0.9724 -0.0461 -0.2286 -0.9894 -0.0461 -0.1380 -0.9894 -0.0460 -0.1380 -0.9979 -0.0460 -0.0460 -0.9979 -0.0462 -0.0462 -0.9979 -0.0462 0.0461 -0.9894 -0.1380 0.0457 -0.9809 -0.1380 0.1368 -0.9809 -0.1380 0.1369 -0.9641 -0.1380 0.2268 -0.9641 -0.1380 0.2268 -0.9391 -0.1380 0.3148 -0.9391 -0.1380 0.3148 -0.9061 -0.1380 0.4000 -0.9061 -0.1381 0.3999 -0.8653 -0.1381 0.4819 -0.8652 -0.1380 0.4820 -0.8171 -0.1380 0.5597 -0.8171 -0.1380 0.5598 -0.7620 -0.1380 0.6327 -0.7620 -0.1380 0.6327 -0.7003 -0.1380 0.7003 -0.7003 -0.1380 0.7003 -0.6327 -0.1380 0.7620 -0.6327 -0.1380 0.7620 -0.5597 -0.1380 0.8171 -0.5598 -0.1380 0.8171 -0.4819 -0.1380 0.8653 -0.4819 -0.1380 0.8653 -0.4000 -0.1380 0.9061 -0.4000 -0.1380 0.9060 -0.3148 -0.1380 0.9391 -0.3148 -0.1380 0.9391 -0.2268 -0.1380 0.9641 -0.2268 -0.1380 0.9641 -0.1368 -0.1380 0.9809 -0.1369 -0.1380 0.9809 -0.0457 -0.1380 0.9894 -0.0457 -0.1380 0.9894 0.0457 -0.1380 0.9894 0.0457 -0.1380 0.9894 0.1368 -0.1380 0.9809 0.1369 -0.1380 0.9809 0.2268 -0.1380 0.9641 0.2268 -0.1380 0.9641 0.3148 -0.1380 0.9391 0.3148 -0.1380 0.9391 0.4000 -0.1380 0.9061 0.4000 -0.1380 0.9060 0.4819 -0.1380 0.8653 0.4819 -0.1380 0.8653 0.5597 -0.1380 0.8171 0.5598 -0.1380 0.8171 0.6327 -0.1380 0.7620 0.6327 -0.1380 0.7620 0.7003 -0.1380 0.7003 0.7003 -0.1380 0.7003 0.7620 -0.1380 0.6327 0.7620 -0.1380 0.6327 0.8171 -0.1380 0.5597 0.8171 -0.1380 0.5598 0.8653 -0.1380 0.4819 0.8652 -0.1381 0.4820 0.9060 -0.1381 0.4000 0.9061 -0.1380 0.4000 0.9391 -0.1380 0.3148 0.9391 -0.1380 0.3148 0.9641 -0.1380 0.2268 0.9641 -0.1380 0.2268 0.9809 -0.1380 0.1368 0.9809 -0.1380 0.1369 0.9894 -0.1380 0.0457 0.9894 -0.1380 0.0457 0.9894 -0.1380 -0.0457 0.9894 -0.1380 -0.0457 0.9809 -0.1381 -0.1368 0.9809 -0.1380 -0.1369 0.9641 -0.1380 -0.2268 0.9641 -0.1380 -0.2268 0.9391 -0.1380 -0.3148 0.9391 -0.1380 -0.3148 0.9061 -0.1380 -0.4000 0.9061 -0.1381 -0.3999 0.8653 -0.1381 -0.4819 0.8652 -0.1380 -0.4820 0.8171 -0.1380 -0.5597 0.8171 -0.1380 -0.5598 0.7620 -0.1380 -0.6327 0.7620 -0.1380 -0.6327 0.7003 -0.1380 -0.7004 0.7003 -0.1380 -0.7003 0.6327 -0.1380 -0.7620 0.6327 -0.1380 -0.7620 0.5597 -0.1380 -0.8171 0.5598 -0.1380 -0.8171 0.4819 -0.1380 -0.8653 0.4820 -0.1381 -0.8652 0.4001 -0.1381 -0.9060 0.4000 -0.1379 -0.9061 0.3147 -0.1379 -0.9391 0.3148 -0.1380 -0.9391 0.2268 -0.1380 -0.9641 0.2268 -0.1380 -0.9641 0.1368 -0.1380 -0.9809 0.1369 -0.1380 -0.9809 0.0457 -0.1380 -0.9894 0.0457 -0.1380 -0.9894 -0.0457 -0.1380 -0.9894 -0.0457 -0.1380 -0.9894 -0.1368 -0.1380 -0.9809 -0.1369 -0.1380 -0.9809 -0.2268 -0.1380 -0.9641 -0.2268 -0.1380 -0.9641 -0.3147 -0.1380 -0.9391 -0.3148 -0.1379 -0.9391 -0.4001 -0.1379 -0.9060 -0.3999 -0.1381 -0.9061 -0.4819 -0.1381 -0.8653 -0.4820 -0.1380 -0.8652 -0.5597 -0.1380 -0.8171 -0.5598 -0.1380 -0.8171 -0.6327 -0.1380 -0.7620 -0.6327 -0.1380 -0.7620 -0.7003 -0.1380 -0.7004 -0.7003 -0.1380 -0.7003 -0.7620 -0.1380 -0.6327 -0.7620 -0.1380 -0.6327 -0.8171 -0.1380 -0.5597 -0.8171 -0.1380 -0.5598 -0.8653 -0.1380 -0.4819 -0.8652 -0.1381 -0.4820 -0.9060 -0.1381 -0.4000 -0.9061 -0.1380 -0.4000 -0.9391 -0.1380 -0.3148 -0.9391 -0.1380 -0.3148 -0.9641 -0.1380 -0.2268 -0.9641 -0.1380 -0.2268 -0.9809 -0.1380 -0.1368 -0.9809 -0.1381 -0.1369 -0.9894 -0.1380 -0.0457 -0.9894 -0.1380 -0.0457 -0.9894 -0.1380 0.0457 -0.9724 -0.2287 0.0449 -0.9642 -0.2287 0.1345 -0.9642 -0.2288 0.1345 -0.9476 -0.2288 0.2229 -0.9476 -0.2287 0.2229 -0.9230 -0.2287 0.3094 -0.9230 -0.2286 0.3094 -0.8905 -0.2286 0.3933 -0.8906 -0.2287 0.3932 -0.8505 -0.2287 0.4737 -0.8505 -0.2287 0.4737 -0.8031 -0.2287 0.5502 -0.8031 -0.2287 0.5502 -0.7490 -0.2287 0.6219 -0.7490 -0.2287 0.6219 -0.6884 -0.2287 0.6884 -0.6884 -0.2287 0.6884 -0.6219 -0.2287 0.7490 -0.6219 -0.2287 0.7490 -0.5502 -0.2287 0.8031 -0.5502 -0.2287 0.8031 -0.4737 -0.2287 0.8505 -0.4737 -0.2287 0.8505 -0.3933 -0.2287 0.8905 -0.3932 -0.2286 0.8906 -0.3094 -0.2286 0.9231 -0.3094 -0.2287 0.9230 -0.2229 -0.2287 0.9476 -0.2229 -0.2287 0.9476 -0.1345 -0.2287 0.9642 -0.1345 -0.2287 0.9642 -0.0450 -0.2288 0.9724 -0.0449 -0.2286 0.9725 0.0450 -0.2286 0.9725 0.0449 -0.2287 0.9724 0.1345 -0.2287 0.9642 0.1345 -0.2287 0.9642 0.2229 -0.2287 0.9476 0.2229 -0.2287 0.9476 0.3094 -0.2287 0.9230 0.3094 -0.2286 0.9230 0.3933 -0.2286 0.8905 0.3932 -0.2287 0.8906 0.4737 -0.2287 0.8505 0.4737 -0.2287 0.8505 0.5502 -0.2287 0.8031 0.5502 -0.2287 0.8031 0.6219 -0.2287 0.7490 0.6219 -0.2287 0.7490 0.6884 -0.2287 0.6884 0.6884 -0.2287 0.6884 0.7490 -0.2287 0.6219 0.7490 -0.2287 0.6219 0.8031 -0.2287 0.5502 0.8031 -0.2287 0.5502 0.8505 -0.2287 0.4737 0.8505 -0.2287 0.4737 0.8905 -0.2287 0.3933 0.8906 -0.2286 0.3932 0.9231 -0.2286 0.3094 0.9230 -0.2287 0.3094 0.9476 -0.2287 0.2229 0.9476 -0.2288 0.2229 0.9642 -0.2288 0.1345 0.9642 -0.2287 0.1345 0.9724 -0.2288 0.0450 0.9725 -0.2286 0.0449 0.9725 -0.2286 -0.0450 0.9724 -0.2287 -0.0449 0.9642 -0.2287 -0.1344 0.9642 -0.2287 -0.1345 0.9476 -0.2287 -0.2229 0.9476 -0.2287 -0.2229 0.9230 -0.2287 -0.3094 0.9230 -0.2286 -0.3094 0.8905 -0.2286 -0.3933 0.8906 -0.2287 -0.3932 0.8505 -0.2287 -0.4737 0.8505 -0.2287 -0.4737 0.8031 -0.2287 -0.5502 0.8031 -0.2287 -0.5502 0.7490 -0.2287 -0.6219 0.7490 -0.2288 -0.6218 0.6884 -0.2288 -0.6884 0.6883 -0.2287 -0.6884 0.6219 -0.2287 -0.7490 0.6219 -0.2287 -0.7490 0.5502 -0.2287 -0.8031 0.5502 -0.2287 -0.8031 0.4737 -0.2287 -0.8505 0.4737 -0.2287 -0.8505 0.3933 -0.2287 -0.8905 0.3933 -0.2287 -0.8905 0.3094 -0.2287 -0.9230 0.3093 -0.2287 -0.9230 0.2229 -0.2287 -0.9476 0.2229 -0.2287 -0.9476 0.1344 -0.2287 -0.9642 0.1345 -0.2287 -0.9642 0.0450 -0.2288 -0.9724 0.0449 -0.2286 -0.9725 -0.0450 -0.2286 -0.9725 -0.0449 -0.2288 -0.9724 -0.1344 -0.2287 -0.9642 -0.1345 -0.2287 -0.9642 -0.2229 -0.2287 -0.9476 -0.2229 -0.2287 -0.9476 -0.3094 -0.2287 -0.9230 -0.3093 -0.2287 -0.9230 -0.3933 -0.2287 -0.8905 -0.3933 -0.2287 -0.8905 -0.4737 -0.2287 -0.8505 -0.4737 -0.2287 -0.8505 -0.5502 -0.2287 -0.8031 -0.5502 -0.2287 -0.8031 -0.6219 -0.2287 -0.7490 -0.6219 -0.2287 -0.7490 -0.6884 -0.2287 -0.6884 -0.6883 -0.2288 -0.6884 -0.7490 -0.2288 -0.6219 -0.7490 -0.2287 -0.6218 -0.8031 -0.2287 -0.5502 -0.8031 -0.2287 -0.5502 -0.8505 -0.2287 -0.4737 -0.8505 -0.2287 -0.4737 -0.8905 -0.2287 -0.3933 -0.8906 -0.2286 -0.3932 -0.9230 -0.2286 -0.3094 -0.9230 -0.2287 -0.3094 -0.9476 -0.2287 -0.2229 -0.9476 -0.2287 -0.2229 -0.9642 -0.2287 -0.1344 -0.9642 -0.2287 -0.1345 -0.9724 -0.2288 -0.0450 -0.9725 -0.2286 -0.0449 -0.9725 -0.2286 0.0450 -0.9472 -0.3175 0.0439 -0.9392 -0.3175 0.1310 -0.9392 -0.3175 0.1310 -0.9231 -0.3175 0.2170 -0.9231 -0.3175 0.2171 -0.8991 -0.3175 0.3014 -0.8991 -0.3176 0.3013 -0.8675 -0.3175 0.3829 -0.8675 -0.3174 0.3831 -0.8284 -0.3174 0.4615 -0.8284 -0.3175 0.4614 -0.7823 -0.3175 0.5358 -0.7823 -0.3174 0.5359 -0.7295 -0.3174 0.6059 -0.7295 -0.3176 0.6057 -0.6705 -0.3176 0.6705 -0.6705 -0.3176 0.6705 -0.6058 -0.3176 0.7295 -0.6058 -0.3175 0.7296 -0.5359 -0.3174 0.7824 -0.5359 -0.3175 0.7823 -0.4614 -0.3175 0.8284 -0.4614 -0.3175 0.8284 -0.3830 -0.3175 0.8675 -0.3831 -0.3175 0.8674 -0.3014 -0.3176 0.8991 -0.3013 -0.3175 0.8991 -0.2170 -0.3175 0.9231 -0.2171 -0.3176 0.9231 -0.1310 -0.3175 0.9391 -0.1310 -0.3175 0.9392 -0.0438 -0.3175 0.9472 -0.0439 -0.3175 0.9472 0.0438 -0.3175 0.9472 0.0439 -0.3175 0.9472 0.1310 -0.3175 0.9392 0.1310 -0.3175 0.9392 0.2170 -0.3176 0.9231 0.2171 -0.3175 0.9231 0.3014 -0.3175 0.8991 0.3013 -0.3175 0.8991 0.3830 -0.3175 0.8674 0.3831 -0.3175 0.8674 0.4614 -0.3175 0.8284 0.4614 -0.3175 0.8284 0.5358 -0.3175 0.7823 0.5359 -0.3175 0.7823 0.6059 -0.3175 0.7295 0.6057 -0.3176 0.7295 0.6705 -0.3176 0.6705 0.6705 -0.3176 0.6705 0.7295 -0.3176 0.6058 0.7296 -0.3175 0.6058 0.7824 -0.3174 0.5359 0.7823 -0.3175 0.5359 0.8284 -0.3175 0.4615 0.8285 -0.3174 0.4614 0.8675 -0.3174 0.3829 0.8674 -0.3175 0.3831 0.8991 -0.3176 0.3014 0.8991 -0.3175 0.3013 0.9231 -0.3175 0.2170 0.9231 -0.3175 0.2171 0.9392 -0.3175 0.1310 0.9392 -0.3175 0.1310 0.9472 -0.3175 0.0438 0.9472 -0.3175 0.0439 0.9472 -0.3175 -0.0438 0.9472 -0.3175 -0.0439 0.9392 -0.3175 -0.1310 0.9392 -0.3175 -0.1310 0.9231 -0.3176 -0.2170 0.9231 -0.3175 -0.2171 0.8991 -0.3175 -0.3014 0.8991 -0.3176 -0.3013 0.8675 -0.3175 -0.3829 0.8675 -0.3174 -0.3831 0.8284 -0.3174 -0.4615 0.8284 -0.3175 -0.4614 0.7823 -0.3175 -0.5358 0.7823 -0.3174 -0.5359 0.7295 -0.3174 -0.6059 0.7295 -0.3176 -0.6057 0.6706 -0.3176 -0.6704 0.6705 -0.3175 -0.6705 0.6058 -0.3175 -0.7295 0.6058 -0.3175 -0.7296 0.5359 -0.3174 -0.7824 0.5359 -0.3175 -0.7823 0.4615 -0.3175 -0.8284 0.4614 -0.3174 -0.8285 0.3829 -0.3174 -0.8675 0.3831 -0.3175 -0.8674 0.3014 -0.3176 -0.8991 0.3013 -0.3175 -0.8991 0.2171 -0.3175 -0.9231 0.2171 -0.3175 -0.9231 0.1309 -0.3175 -0.9392 0.1310 -0.3175 -0.9392 0.0438 -0.3175 -0.9472 0.0439 -0.3175 -0.9472 -0.0438 -0.3175 -0.9472 -0.0439 -0.3175 -0.9472 -0.1309 -0.3175 -0.9392 -0.1310 -0.3175 -0.9392 -0.2171 -0.3175 -0.9231 -0.2171 -0.3175 -0.9231 -0.3014 -0.3175 -0.8991 -0.3013 -0.3175 -0.8991 -0.3829 -0.3175 -0.8675 -0.3831 -0.3174 -0.8675 -0.4615 -0.3174 -0.8284 -0.4614 -0.3175 -0.8284 -0.5358 -0.3175 -0.7823 -0.5359 -0.3174 -0.7823 -0.6058 -0.3175 -0.7295 -0.6058 -0.3175 -0.7296 -0.6706 -0.3175 -0.6705 -0.6705 -0.3176 -0.6705 -0.7295 -0.3176 -0.6058 -0.7296 -0.3174 -0.6058 -0.7824 -0.3174 -0.5359 -0.7823 -0.3175 -0.5359 -0.8284 -0.3175 -0.4615 -0.8285 -0.3174 -0.4614 -0.8675 -0.3174 -0.3829 -0.8674 -0.3175 -0.3831 -0.8991 -0.3176 -0.3014 -0.8991 -0.3175 -0.3013 -0.9231 -0.3175 -0.2170 -0.9231 -0.3176 -0.2171 -0.9391 -0.3176 -0.1310 -0.9392 -0.3175 -0.1310 -0.9472 -0.3175 -0.0438 -0.9472 -0.3175 -0.0439 -0.9472 -0.3175 0.0438 -0.9140 -0.4035 0.0423 -0.9062 -0.4035 0.1265 -0.9062 -0.4035 0.1264 -0.8907 -0.4035 0.2095 -0.8907 -0.4036 0.2094 -0.8675 -0.4036 0.2907 -0.8675 -0.4035 0.2908 -0.8370 -0.4035 0.3696 -0.8370 -0.4036 0.3695 -0.7993 -0.4036 0.4453 -0.7993 -0.4036 0.4453 -0.7549 -0.4036 0.5170 -0.7549 -0.4035 0.5170 -0.7039 -0.4035 0.5846 -0.7039 -0.4035 0.5846 -0.6470 -0.4035 0.6470 -0.6470 -0.4035 0.6470 -0.5846 -0.4035 0.7039 -0.5846 -0.4035 0.7039 -0.5170 -0.4035 0.7549 -0.5170 -0.4036 0.7549 -0.4453 -0.4036 0.7993 -0.4452 -0.4035 0.7993 -0.3695 -0.4035 0.8371 -0.3696 -0.4036 0.8370 -0.2908 -0.4036 0.8675 -0.2908 -0.4036 0.8675 -0.2095 -0.4036 0.8906 -0.2094 -0.4035 0.8907 -0.1264 -0.4035 0.9062 -0.1264 -0.4036 0.9062 -0.0423 -0.4036 0.9140 -0.0423 -0.4036 0.9140 0.0423 -0.4036 0.9140 0.0423 -0.4036 0.9140 0.1264 -0.4036 0.9062 0.1264 -0.4035 0.9062 0.2095 -0.4035 0.8907 0.2094 -0.4036 0.8907 0.2908 -0.4036 0.8675 0.2908 -0.4036 0.8675 0.3695 -0.4036 0.8370 0.3696 -0.4035 0.8370 0.4453 -0.4035 0.7993 0.4452 -0.4036 0.7993 0.5170 -0.4036 0.7549 0.5170 -0.4035 0.7549 0.5846 -0.4035 0.7039 0.5846 -0.4035 0.7039 0.6470 -0.4035 0.6470 0.6470 -0.4035 0.6470 0.7039 -0.4035 0.5846 0.7039 -0.4035 0.5846 0.7549 -0.4035 0.5170 0.7549 -0.4036 0.5170 0.7993 -0.4036 0.4453 0.7993 -0.4036 0.4453 0.8370 -0.4036 0.3696 0.8371 -0.4035 0.3695 0.8676 -0.4035 0.2907 0.8675 -0.4036 0.2908 0.8906 -0.4036 0.2095 0.8907 -0.4035 0.2094 0.9062 -0.4035 0.1265 0.9062 -0.4035 0.1264 0.9140 -0.4035 0.0422 0.9140 -0.4036 0.0423 0.9140 -0.4036 -0.0422 0.9140 -0.4035 -0.0423 0.9062 -0.4035 -0.1265 0.9062 -0.4035 -0.1264 0.8907 -0.4035 -0.2095 0.8907 -0.4036 -0.2094 0.8675 -0.4036 -0.2907 0.8675 -0.4035 -0.2908 0.8370 -0.4035 -0.3696 0.8370 -0.4036 -0.3695 0.7993 -0.4036 -0.4453 0.7993 -0.4036 -0.4453 0.7549 -0.4036 -0.5170 0.7549 -0.4035 -0.5170 0.7039 -0.4035 -0.5846 0.7039 -0.4035 -0.5846 0.6470 -0.4035 -0.6470 0.6470 -0.4036 -0.6469 0.5846 -0.4036 -0.7038 0.5845 -0.4035 -0.7039 0.5170 -0.4035 -0.7549 0.5170 -0.4036 -0.7549 0.4453 -0.4036 -0.7993 0.4453 -0.4036 -0.7993 0.3696 -0.4036 -0.8370 0.3695 -0.4035 -0.8371 0.2907 -0.4035 -0.8676 0.2908 -0.4036 -0.8675 0.2095 -0.4036 -0.8906 0.2095 -0.4036 -0.8906 0.1265 -0.4036 -0.9061 0.1263 -0.4035 -0.9062 0.0422 -0.4035 -0.9140 0.0423 -0.4036 -0.9140 -0.0422 -0.4036 -0.9140 -0.0423 -0.4035 -0.9140 -0.1265 -0.4035 -0.9062 -0.1263 -0.4036 -0.9062 -0.2095 -0.4036 -0.8906 -0.2095 -0.4036 -0.8906 -0.2907 -0.4036 -0.8675 -0.2908 -0.4035 -0.8675 -0.3696 -0.4035 -0.8370 -0.3695 -0.4036 -0.8370 -0.4453 -0.4036 -0.7993 -0.4453 -0.4036 -0.7993 -0.5170 -0.4036 -0.7549 -0.5170 -0.4035 -0.7549 -0.5846 -0.4035 -0.7039 -0.5845 -0.4036 -0.7039 -0.6470 -0.4036 -0.6470 -0.6470 -0.4035 -0.6469 -0.7039 -0.4035 -0.5846 -0.7039 -0.4035 -0.5846 -0.7549 -0.4035 -0.5170 -0.7549 -0.4036 -0.5170 -0.7993 -0.4036 -0.4453 -0.7993 -0.4036 -0.4453 -0.8370 -0.4036 -0.3696 -0.8371 -0.4035 -0.3695 -0.8676 -0.4035 -0.2907 -0.8675 -0.4036 -0.2908 -0.8906 -0.4036 -0.2095 -0.8907 -0.4035 -0.2094 -0.9062 -0.4035 -0.1265 -0.9062 -0.4035 -0.1264 -0.9140 -0.4035 -0.0422 -0.9140 -0.4036 -0.0423 -0.9140 -0.4036 0.0422 -0.8729 -0.4863 0.0403 -0.8654 -0.4863 0.1207 -0.8654 -0.4862 0.1208 -0.8506 -0.4862 0.2001 -0.8506 -0.4862 0.2001 -0.8285 -0.4862 0.2777 -0.8285 -0.4863 0.2776 -0.7993 -0.4863 0.3529 -0.7993 -0.4863 0.3530 -0.7634 -0.4863 0.4251 -0.7634 -0.4862 0.4253 -0.7209 -0.4862 0.4938 -0.7210 -0.4863 0.4937 -0.6723 -0.4863 0.5582 -0.6722 -0.4862 0.5583 -0.6179 -0.4862 0.6179 -0.6179 -0.4862 0.6179 -0.5582 -0.4862 0.6723 -0.5583 -0.4863 0.6722 -0.4938 -0.4863 0.7209 -0.4938 -0.4862 0.7210 -0.4252 -0.4862 0.7634 -0.4253 -0.4863 0.7633 -0.3529 -0.4863 0.7993 -0.3529 -0.4862 0.7994 -0.2777 -0.4862 0.8285 -0.2777 -0.4862 0.8285 -0.2001 -0.4862 0.8506 -0.2001 -0.4862 0.8506 -0.1207 -0.4862 0.8655 -0.1207 -0.4862 0.8655 -0.0404 -0.4862 0.8729 -0.0404 -0.4862 0.8729 0.0404 -0.4862 0.8729 0.0404 -0.4862 0.8729 0.1207 -0.4862 0.8655 0.1207 -0.4862 0.8655 0.2001 -0.4862 0.8506 0.2001 -0.4862 0.8506 0.2777 -0.4862 0.8285 0.2777 -0.4862 0.8285 0.3530 -0.4862 0.7994 0.3529 -0.4863 0.7994 0.4251 -0.4863 0.7634 0.4253 -0.4862 0.7634 0.4938 -0.4862 0.7209 0.4937 -0.4863 0.7210 0.5582 -0.4863 0.6723 0.5583 -0.4862 0.6722 0.6179 -0.4862 0.6179 0.6179 -0.4862 0.6179 0.6723 -0.4862 0.5582 0.6722 -0.4863 0.5583 0.7209 -0.4863 0.4938 0.7210 -0.4862 0.4938 0.7634 -0.4862 0.4252 0.7633 -0.4863 0.4253 0.7993 -0.4863 0.3529 0.7993 -0.4863 0.3530 0.8285 -0.4863 0.2777 0.8286 -0.4862 0.2776 0.8506 -0.4862 0.2001 0.8506 -0.4862 0.2001 0.8655 -0.4862 0.1207 0.8654 -0.4863 0.1208 0.8729 -0.4863 0.0404 0.8729 -0.4862 0.0403 0.8729 -0.4862 -0.0404 0.8729 -0.4863 -0.0403 0.8654 -0.4863 -0.1207 0.8654 -0.4862 -0.1208 0.8506 -0.4862 -0.2001 0.8506 -0.4862 -0.2001 0.8285 -0.4862 -0.2777 0.8285 -0.4863 -0.2776 0.7993 -0.4863 -0.3529 0.7993 -0.4863 -0.3530 0.7634 -0.4863 -0.4251 0.7634 -0.4862 -0.4253 0.7209 -0.4862 -0.4938 0.7210 -0.4863 -0.4937 0.6723 -0.4863 -0.5582 0.6722 -0.4862 -0.5583 0.6179 -0.4862 -0.6179 0.6179 -0.4862 -0.6179 0.5582 -0.4862 -0.6723 0.5583 -0.4863 -0.6722 0.4938 -0.4863 -0.7209 0.4938 -0.4862 -0.7210 0.4252 -0.4862 -0.7634 0.4253 -0.4863 -0.7633 0.3529 -0.4863 -0.7993 0.3530 -0.4863 -0.7993 0.2777 -0.4863 -0.8285 0.2776 -0.4862 -0.8286 0.2001 -0.4862 -0.8506 0.2001 -0.4862 -0.8506 0.1207 -0.4862 -0.8655 0.1208 -0.4863 -0.8654 0.0404 -0.4863 -0.8729 0.0403 -0.4862 -0.8729 -0.0404 -0.4862 -0.8729 -0.0403 -0.4863 -0.8729 -0.1207 -0.4863 -0.8654 -0.1208 -0.4862 -0.8654 -0.2001 -0.4862 -0.8506 -0.2001 -0.4862 -0.8506 -0.2777 -0.4862 -0.8285 -0.2776 -0.4863 -0.8285 -0.3529 -0.4863 -0.7993 -0.3530 -0.4863 -0.7993 -0.4251 -0.4863 -0.7634 -0.4253 -0.4862 -0.7634 -0.4938 -0.4862 -0.7209 -0.4937 -0.4863 -0.7210 -0.5582 -0.4863 -0.6723 -0.5583 -0.4862 -0.6722 -0.6179 -0.4862 -0.6179 -0.6179 -0.4862 -0.6179 -0.6723 -0.4862 -0.5582 -0.6722 -0.4863 -0.5583 -0.7209 -0.4863 -0.4938 -0.7210 -0.4862 -0.4938 -0.7634 -0.4862 -0.4252 -0.7633 -0.4863 -0.4253 -0.7993 -0.4863 -0.3529 -0.7993 -0.4863 -0.3530 -0.8285 -0.4863 -0.2777 -0.8286 -0.4862 -0.2776 -0.8506 -0.4862 -0.2001 -0.8506 -0.4862 -0.2001 -0.8655 -0.4862 -0.1207 -0.8654 -0.4863 -0.1208 -0.8729 -0.4863 -0.0404 -0.8729 -0.4862 -0.0403 -0.8729 -0.4862 0.0404 -0.8244 -0.5647 0.0381 -0.8174 -0.5647 0.1140 -0.8174 -0.5647 0.1140 -0.8034 -0.5647 0.1890 -0.8033 -0.5647 0.1890 -0.7825 -0.5647 0.2622 -0.7825 -0.5647 0.2623 -0.7550 -0.5647 0.3333 -0.7550 -0.5646 0.3334 -0.7210 -0.5646 0.4017 -0.7210 -0.5647 0.4015 -0.6808 -0.5647 0.4664 -0.6808 -0.5648 0.4664 -0.6349 -0.5648 0.5272 -0.6349 -0.5648 0.5272 -0.5835 -0.5648 0.5835 -0.5835 -0.5648 0.5835 -0.5272 -0.5648 0.6349 -0.5272 -0.5648 0.6349 -0.4664 -0.5648 0.6808 -0.4664 -0.5647 0.6809 -0.4016 -0.5647 0.7210 -0.4016 -0.5646 0.7211 -0.3333 -0.5646 0.7550 -0.3334 -0.5647 0.7550 -0.2622 -0.5647 0.7825 -0.2623 -0.5647 0.7825 -0.1890 -0.5647 0.8033 -0.1890 -0.5647 0.8034 -0.1140 -0.5647 0.8174 -0.1140 -0.5647 0.8174 -0.0382 -0.5647 0.8244 -0.0381 -0.5647 0.8244 0.0382 -0.5647 0.8244 0.0381 -0.5647 0.8244 0.1140 -0.5647 0.8174 0.1140 -0.5647 0.8174 0.1890 -0.5647 0.8034 0.1890 -0.5647 0.8034 0.2622 -0.5647 0.7825 0.2623 -0.5647 0.7825 0.3333 -0.5647 0.7550 0.3334 -0.5646 0.7550 0.4017 -0.5646 0.7210 0.4015 -0.5647 0.7210 0.4664 -0.5647 0.6808 0.4664 -0.5648 0.6808 0.5272 -0.5648 0.6349 0.5272 -0.5648 0.6349 0.5835 -0.5648 0.5835 0.5835 -0.5648 0.5835 0.6349 -0.5648 0.5272 0.6349 -0.5648 0.5272 0.6808 -0.5648 0.4664 0.6809 -0.5647 0.4664 0.7210 -0.5647 0.4016 0.7211 -0.5646 0.4016 0.7550 -0.5646 0.3333 0.7550 -0.5647 0.3334 0.7825 -0.5647 0.2622 0.7825 -0.5647 0.2623 0.8033 -0.5647 0.1890 0.8034 -0.5647 0.1890 0.8174 -0.5647 0.1140 0.8174 -0.5647 0.1140 0.8244 -0.5647 0.0382 0.8244 -0.5647 0.0381 0.8244 -0.5647 -0.0382 0.8244 -0.5647 -0.0381 0.8174 -0.5647 -0.1140 0.8174 -0.5647 -0.1140 0.8034 -0.5647 -0.1890 0.8033 -0.5647 -0.1890 0.7825 -0.5647 -0.2622 0.7825 -0.5647 -0.2623 0.7550 -0.5647 -0.3333 0.7550 -0.5646 -0.3334 0.7210 -0.5646 -0.4017 0.7210 -0.5647 -0.4015 0.6808 -0.5647 -0.4664 0.6808 -0.5648 -0.4664 0.6349 -0.5648 -0.5272 0.6349 -0.5648 -0.5272 0.5835 -0.5648 -0.5835 0.5835 -0.5648 -0.5835 0.5272 -0.5648 -0.6349 0.5272 -0.5648 -0.6349 0.4664 -0.5648 -0.6808 0.4664 -0.5647 -0.6809 0.4016 -0.5647 -0.7210 0.4016 -0.5646 -0.7211 0.3333 -0.5646 -0.7550 0.3334 -0.5647 -0.7550 0.2622 -0.5647 -0.7825 0.2623 -0.5647 -0.7825 0.1890 -0.5647 -0.8033 0.1890 -0.5647 -0.8034 0.1140 -0.5647 -0.8174 0.1140 -0.5647 -0.8174 0.0382 -0.5647 -0.8244 0.0381 -0.5647 -0.8244 -0.0382 -0.5647 -0.8244 -0.0381 -0.5647 -0.8244 -0.1140 -0.5647 -0.8174 -0.1140 -0.5647 -0.8174 -0.1890 -0.5647 -0.8034 -0.1890 -0.5647 -0.8033 -0.2622 -0.5647 -0.7825 -0.2623 -0.5647 -0.7825 -0.3333 -0.5647 -0.7550 -0.3334 -0.5646 -0.7550 -0.4017 -0.5646 -0.7210 -0.4015 -0.5647 -0.7210 -0.4664 -0.5647 -0.6808 -0.4664 -0.5648 -0.6808 -0.5272 -0.5648 -0.6349 -0.5272 -0.5648 -0.6349 -0.5835 -0.5648 -0.5835 -0.5835 -0.5648 -0.5835 -0.6349 -0.5648 -0.5272 -0.6349 -0.5648 -0.5272 -0.6808 -0.5648 -0.4664 -0.6809 -0.5647 -0.4664 -0.7210 -0.5647 -0.4016 -0.7211 -0.5646 -0.4016 -0.7550 -0.5646 -0.3333 -0.7550 -0.5647 -0.3334 -0.7825 -0.5647 -0.2622 -0.7825 -0.5647 -0.2623 -0.8033 -0.5647 -0.1890 -0.8034 -0.5647 -0.1890 -0.8174 -0.5647 -0.1140 -0.8174 -0.5647 -0.1140 -0.8244 -0.5647 -0.0382 -0.8244 -0.5647 -0.0381 -0.8244 -0.5647 0.0382 -0.7689 -0.6384 0.0356 -0.7624 -0.6384 0.1063 -0.7623 -0.6384 0.1063 -0.7493 -0.6384 0.1762 -0.7493 -0.6384 0.1763 -0.7298 -0.6384 0.2447 -0.7298 -0.6385 0.2445 -0.7041 -0.6385 0.3109 -0.7041 -0.6385 0.3108 -0.6724 -0.6385 0.3744 -0.6724 -0.6384 0.3746 -0.6350 -0.6384 0.4350 -0.6350 -0.6384 0.4350 -0.5922 -0.6384 0.4917 -0.5922 -0.6384 0.4917 -0.5443 -0.6384 0.5443 -0.5443 -0.6384 0.5443 -0.4917 -0.6384 0.5922 -0.4917 -0.6384 0.5922 -0.4350 -0.6384 0.6350 -0.4350 -0.6384 0.6350 -0.3745 -0.6384 0.6725 -0.3746 -0.6385 0.6724 -0.3109 -0.6385 0.7041 -0.3108 -0.6385 0.7041 -0.2447 -0.6385 0.7297 -0.2446 -0.6384 0.7298 -0.1762 -0.6384 0.7493 -0.1763 -0.6384 0.7493 -0.1063 -0.6384 0.7623 -0.1063 -0.6384 0.7624 -0.0355 -0.6384 0.7689 -0.0356 -0.6384 0.7689 0.0355 -0.6384 0.7689 0.0356 -0.6384 0.7689 0.1063 -0.6384 0.7624 0.1063 -0.6384 0.7623 0.1762 -0.6384 0.7493 0.1763 -0.6384 0.7493 0.2447 -0.6384 0.7298 0.2446 -0.6385 0.7298 0.3109 -0.6385 0.7041 0.3108 -0.6385 0.7041 0.3744 -0.6385 0.6724 0.3746 -0.6384 0.6724 0.4350 -0.6384 0.6350 0.4350 -0.6384 0.6350 0.4917 -0.6384 0.5922 0.4917 -0.6384 0.5922 0.5443 -0.6384 0.5443 0.5443 -0.6384 0.5443 0.5922 -0.6384 0.4917 0.5922 -0.6384 0.4917 0.6350 -0.6384 0.4350 0.6350 -0.6384 0.4350 0.6725 -0.6384 0.3745 0.6724 -0.6385 0.3746 0.7041 -0.6385 0.3109 0.7041 -0.6385 0.3109 0.7297 -0.6385 0.2447 0.7298 -0.6384 0.2446 0.7493 -0.6384 0.1762 0.7493 -0.6384 0.1762 0.7623 -0.6384 0.1063 0.7624 -0.6384 0.1063 0.7689 -0.6384 0.0355 0.7689 -0.6384 0.0356 0.7689 -0.6384 -0.0355 0.7689 -0.6384 -0.0356 0.7624 -0.6384 -0.1063 0.7623 -0.6384 -0.1063 0.7493 -0.6384 -0.1762 0.7493 -0.6384 -0.1763 0.7298 -0.6384 -0.2447 0.7298 -0.6385 -0.2445 0.7041 -0.6385 -0.3108 0.7041 -0.6384 -0.3109 0.6724 -0.6384 -0.3745 0.6724 -0.6384 -0.3746 0.6350 -0.6384 -0.4350 0.6350 -0.6384 -0.4350 0.5922 -0.6384 -0.4917 0.5922 -0.6384 -0.4917 0.5443 -0.6384 -0.5443 0.5443 -0.6384 -0.5443 0.4917 -0.6384 -0.5922 0.4917 -0.6384 -0.5922 0.4350 -0.6384 -0.6350 0.4350 -0.6384 -0.6350 0.3745 -0.6384 -0.6725 0.3746 -0.6385 -0.6724 0.3110 -0.6385 -0.7040 0.3109 -0.6384 -0.7041 0.2446 -0.6384 -0.7298 0.2446 -0.6384 -0.7298 0.1762 -0.6384 -0.7493 0.1763 -0.6384 -0.7493 0.1063 -0.6384 -0.7623 0.1063 -0.6384 -0.7624 0.0355 -0.6384 -0.7689 0.0356 -0.6384 -0.7689 -0.0355 -0.6384 -0.7689 -0.0356 -0.6384 -0.7689 -0.1063 -0.6384 -0.7624 -0.1063 -0.6384 -0.7623 -0.1762 -0.6384 -0.7493 -0.1763 -0.6384 -0.7493 -0.2446 -0.6384 -0.7298 -0.2446 -0.6384 -0.7298 -0.3110 -0.6384 -0.7041 -0.3108 -0.6385 -0.7041 -0.3744 -0.6385 -0.6724 -0.3746 -0.6384 -0.6724 -0.4350 -0.6384 -0.6350 -0.4350 -0.6384 -0.6350 -0.4917 -0.6384 -0.5922 -0.4917 -0.6384 -0.5922 -0.5443 -0.6384 -0.5443 -0.5443 -0.6384 -0.5443 -0.5922 -0.6384 -0.4917 -0.5922 -0.6384 -0.4917 -0.6350 -0.6384 -0.4350 -0.6350 -0.6384 -0.4350 -0.6725 -0.6384 -0.3745 -0.6724 -0.6384 -0.3746 -0.7041 -0.6384 -0.3108 -0.7041 -0.6385 -0.3109 -0.7297 -0.6385 -0.2447 -0.7298 -0.6384 -0.2446 -0.7493 -0.6384 -0.1762 -0.7493 -0.6384 -0.1763 -0.7623 -0.6384 -0.1063 -0.7624 -0.6384 -0.1063 -0.7689 -0.6384 -0.0355 -0.7689 -0.6384 -0.0356 -0.7689 -0.6384 0.0355 -0.7067 -0.7068 0.0326 -0.7007 -0.7068 0.0978 -0.7006 -0.7068 0.0977 -0.6887 -0.7068 0.1619 -0.6887 -0.7067 0.1620 -0.6708 -0.7067 0.2249 -0.6708 -0.7067 0.2249 -0.6472 -0.7067 0.2857 -0.6472 -0.7067 0.2858 -0.6181 -0.7067 0.3443 -0.6181 -0.7067 0.3442 -0.5836 -0.7068 0.3998 -0.5836 -0.7067 0.3999 -0.5443 -0.7067 0.4519 -0.5443 -0.7067 0.4520 -0.5003 -0.7067 0.5003 -0.5003 -0.7067 0.5003 -0.4519 -0.7067 0.5444 -0.4520 -0.7067 0.5443 -0.3998 -0.7067 0.5837 -0.3999 -0.7068 0.5836 -0.3443 -0.7068 0.6180 -0.3442 -0.7067 0.6181 -0.2858 -0.7067 0.6472 -0.2858 -0.7067 0.6472 -0.2249 -0.7067 0.6708 -0.2249 -0.7067 0.6708 -0.1619 -0.7067 0.6887 -0.1620 -0.7068 0.6886 -0.0978 -0.7068 0.7006 -0.0977 -0.7068 0.7007 -0.0327 -0.7068 0.7067 -0.0326 -0.7067 0.7067 0.0327 -0.7067 0.7067 0.0326 -0.7068 0.7067 0.0978 -0.7068 0.7007 0.0977 -0.7068 0.7006 0.1619 -0.7068 0.6887 0.1620 -0.7067 0.6887 0.2249 -0.7067 0.6708 0.2249 -0.7067 0.6708 0.2857 -0.7067 0.6472 0.2858 -0.7067 0.6472 0.3443 -0.7067 0.6181 0.3442 -0.7067 0.6181 0.3998 -0.7068 0.5836 0.3999 -0.7067 0.5836 0.4519 -0.7067 0.5443 0.4520 -0.7067 0.5443 0.5003 -0.7067 0.5003 0.5003 -0.7067 0.5003 0.5444 -0.7067 0.4519 0.5443 -0.7067 0.4520 0.5837 -0.7067 0.3998 0.5836 -0.7068 0.3999 0.6180 -0.7068 0.3443 0.6181 -0.7067 0.3442 0.6472 -0.7067 0.2858 0.6472 -0.7067 0.2858 0.6708 -0.7067 0.2249 0.6708 -0.7067 0.2249 0.6887 -0.7067 0.1619 0.6886 -0.7068 0.1620 0.7006 -0.7068 0.0978 0.7007 -0.7068 0.0977 0.7067 -0.7068 0.0327 0.7067 -0.7067 0.0326 0.7067 -0.7067 -0.0327 0.7067 -0.7068 -0.0326 0.7007 -0.7068 -0.0978 0.7006 -0.7068 -0.0977 0.6887 -0.7068 -0.1619 0.6887 -0.7067 -0.1620 0.6708 -0.7067 -0.2249 0.6708 -0.7067 -0.2249 0.6472 -0.7067 -0.2857 0.6472 -0.7067 -0.2857 0.6181 -0.7067 -0.3442 0.6181 -0.7067 -0.3442 0.5836 -0.7067 -0.3999 0.5836 -0.7067 -0.3999 0.5443 -0.7067 -0.4519 0.5443 -0.7067 -0.4520 0.5003 -0.7067 -0.5003 0.5003 -0.7067 -0.5003 0.4519 -0.7067 -0.5444 0.4520 -0.7067 -0.5443 0.3998 -0.7067 -0.5837 0.3999 -0.7068 -0.5836 0.3443 -0.7068 -0.6180 0.3442 -0.7067 -0.6181 0.2858 -0.7067 -0.6472 0.2858 -0.7068 -0.6471 0.2249 -0.7068 -0.6708 0.2248 -0.7067 -0.6708 0.1620 -0.7067 -0.6887 0.1620 -0.7067 -0.6887 0.0977 -0.7067 -0.7007 0.0977 -0.7068 -0.7007 0.0327 -0.7068 -0.7067 0.0326 -0.7067 -0.7067 -0.0327 -0.7067 -0.7067 -0.0326 -0.7068 -0.7067 -0.0977 -0.7068 -0.7007 -0.0977 -0.7067 -0.7007 -0.1620 -0.7067 -0.6887 -0.1620 -0.7067 -0.6887 -0.2249 -0.7067 -0.6708 -0.2248 -0.7068 -0.6708 -0.2857 -0.7068 -0.6472 -0.2859 -0.7067 -0.6472 -0.3443 -0.7067 -0.6181 -0.3442 -0.7067 -0.6181 -0.3998 -0.7068 -0.5836 -0.3999 -0.7067 -0.5836 -0.4519 -0.7067 -0.5443 -0.4520 -0.7067 -0.5443 -0.5003 -0.7067 -0.5003 -0.5003 -0.7067 -0.5003 -0.5444 -0.7067 -0.4519 -0.5443 -0.7067 -0.4520 -0.5836 -0.7067 -0.3999 -0.5836 -0.7067 -0.3999 -0.6181 -0.7067 -0.3442 -0.6181 -0.7067 -0.3442 -0.6472 -0.7067 -0.2857 -0.6472 -0.7067 -0.2857 -0.6708 -0.7067 -0.2249 -0.6708 -0.7067 -0.2249 -0.6887 -0.7067 -0.1619 -0.6886 -0.7068 -0.1620 -0.7006 -0.7068 -0.0978 -0.7007 -0.7068 -0.0977 -0.7067 -0.7068 -0.0327 -0.7067 -0.7067 -0.0326 -0.7067 -0.7067 0.0327 -0.6386 -0.7690 0.0296 -0.6331 -0.7690 0.0883 -0.6331 -0.7690 0.0883 -0.6223 -0.7690 0.1463 -0.6223 -0.7690 0.1463 -0.6061 -0.7690 0.2031 -0.6061 -0.7690 0.2032 -0.5848 -0.7690 0.2582 -0.5848 -0.7690 0.2582 -0.5585 -0.7690 0.3111 -0.5585 -0.7690 0.3111 -0.5274 -0.7690 0.3613 -0.5274 -0.7690 0.3613 -0.4918 -0.7690 0.4084 -0.4918 -0.7690 0.4083 -0.4520 -0.7690 0.4520 -0.4520 -0.7690 0.4520 -0.4084 -0.7690 0.4918 -0.4083 -0.7690 0.4918 -0.3613 -0.7690 0.5274 -0.3613 -0.7690 0.5274 -0.3111 -0.7690 0.5585 -0.3111 -0.7690 0.5585 -0.2582 -0.7690 0.5848 -0.2582 -0.7690 0.5848 -0.2032 -0.7690 0.6061 -0.2032 -0.7690 0.6061 -0.1463 -0.7690 0.6223 -0.1463 -0.7690 0.6223 -0.0883 -0.7690 0.6331 -0.0883 -0.7690 0.6331 -0.0295 -0.7690 0.6386 -0.0296 -0.7690 0.6385 0.0295 -0.7690 0.6385 0.0296 -0.7690 0.6386 0.0883 -0.7690 0.6331 0.0884 -0.7690 0.6331 0.1463 -0.7690 0.6223 0.1463 -0.7690 0.6223 0.2031 -0.7690 0.6061 0.2032 -0.7690 0.6061 0.2582 -0.7690 0.5848 0.2582 -0.7690 0.5848 0.3111 -0.7690 0.5585 0.3111 -0.7690 0.5585 0.3613 -0.7690 0.5274 0.3613 -0.7690 0.5274 0.4084 -0.7690 0.4918 0.4083 -0.7690 0.4918 0.4520 -0.7690 0.4520 0.4520 -0.7690 0.4520 0.4918 -0.7690 0.4084 0.4918 -0.7690 0.4083 0.5274 -0.7690 0.3613 0.5274 -0.7690 0.3613 0.5585 -0.7690 0.3111 0.5585 -0.7690 0.3111 0.5848 -0.7690 0.2582 0.5848 -0.7690 0.2582 0.6061 -0.7690 0.2032 0.6061 -0.7690 0.2032 0.6223 -0.7690 0.1463 0.6223 -0.7690 0.1463 0.6331 -0.7690 0.0883 0.6331 -0.7690 0.0883 0.6386 -0.7690 0.0295 0.6385 -0.7690 0.0296 0.6385 -0.7690 -0.0295 0.6386 -0.7690 -0.0296 0.6331 -0.7690 -0.0883 0.6331 -0.7690 -0.0883 0.6223 -0.7690 -0.1463 0.6223 -0.7690 -0.1463 0.6061 -0.7690 -0.2031 0.6061 -0.7690 -0.2032 0.5848 -0.7690 -0.2582 0.5848 -0.7690 -0.2582 0.5585 -0.7690 -0.3111 0.5585 -0.7690 -0.3110 0.5273 -0.7690 -0.3613 0.5273 -0.7690 -0.3613 0.4918 -0.7690 -0.4084 0.4918 -0.7690 -0.4083 0.4520 -0.7690 -0.4520 0.4520 -0.7690 -0.4520 0.4084 -0.7690 -0.4917 0.4083 -0.7690 -0.4918 0.3613 -0.7690 -0.5274 0.3613 -0.7690 -0.5274 0.3111 -0.7690 -0.5585 0.3111 -0.7690 -0.5585 0.2582 -0.7690 -0.5848 0.2582 -0.7690 -0.5848 0.2031 -0.7690 -0.6061 0.2032 -0.7690 -0.6061 0.1463 -0.7690 -0.6223 0.1464 -0.7690 -0.6222 0.0883 -0.7690 -0.6331 0.0882 -0.7690 -0.6331 0.0296 -0.7690 -0.6385 0.0296 -0.7690 -0.6386 -0.0296 -0.7690 -0.6386 -0.0296 -0.7690 -0.6386 -0.0883 -0.7690 -0.6331 -0.0882 -0.7690 -0.6331 -0.1463 -0.7690 -0.6222 -0.1464 -0.7690 -0.6223 -0.2031 -0.7690 -0.6061 -0.2032 -0.7690 -0.6061 -0.2582 -0.7690 -0.5848 -0.2582 -0.7690 -0.5848 -0.3111 -0.7690 -0.5585 -0.3111 -0.7690 -0.5585 -0.3613 -0.7690 -0.5274 -0.3613 -0.7690 -0.5274 -0.4084 -0.7690 -0.4918 -0.4083 -0.7690 -0.4918 -0.4520 -0.7690 -0.4520 -0.4520 -0.7690 -0.4520 -0.4917 -0.7690 -0.4084 -0.4918 -0.7690 -0.4083 -0.5274 -0.7690 -0.3613 -0.5273 -0.7690 -0.3613 -0.5584 -0.7690 -0.3111 -0.5585 -0.7690 -0.3110 -0.5848 -0.7690 -0.2582 -0.5848 -0.7690 -0.2582 -0.6061 -0.7690 -0.2032 -0.6061 -0.7690 -0.2032 -0.6223 -0.7690 -0.1463 -0.6223 -0.7690 -0.1463 -0.6331 -0.7690 -0.0883 -0.6331 -0.7690 -0.0883 -0.6386 -0.7690 -0.0295 -0.6385 -0.7690 -0.0296 -0.6385 -0.7690 0.0295 -0.5650 -0.8247 0.0261 -0.5602 -0.8247 0.0782 -0.5601 -0.8247 0.0781 -0.5506 -0.8247 0.1295 -0.5505 -0.8247 0.1294 -0.5362 -0.8247 0.1798 -0.5362 -0.8247 0.1797 -0.5173 -0.8247 0.2284 -0.5173 -0.8247 0.2284 -0.4940 -0.8247 0.2752 -0.4940 -0.8247 0.2752 -0.4666 -0.8247 0.3196 -0.4666 -0.8247 0.3196 -0.4351 -0.8247 0.3613 -0.4351 -0.8247 0.3613 -0.3999 -0.8247 0.3999 -0.3999 -0.8247 0.3999 -0.3613 -0.8247 0.4351 -0.3613 -0.8247 0.4351 -0.3196 -0.8247 0.4666 -0.3196 -0.8247 0.4665 -0.2752 -0.8247 0.4941 -0.2752 -0.8247 0.4940 -0.2284 -0.8247 0.5173 -0.2284 -0.8247 0.5173 -0.1798 -0.8247 0.5362 -0.1797 -0.8247 0.5362 -0.1295 -0.8247 0.5505 -0.1294 -0.8247 0.5506 -0.0782 -0.8247 0.5601 -0.0781 -0.8247 0.5602 -0.0261 -0.8247 0.5650 -0.0261 -0.8247 0.5650 0.0261 -0.8247 0.5650 0.0261 -0.8247 0.5650 0.0782 -0.8247 0.5602 0.0781 -0.8247 0.5601 0.1295 -0.8247 0.5506 0.1294 -0.8247 0.5505 0.1798 -0.8247 0.5362 0.1797 -0.8247 0.5362 0.2284 -0.8247 0.5173 0.2284 -0.8247 0.5173 0.2752 -0.8247 0.4940 0.2752 -0.8247 0.4940 0.3196 -0.8247 0.4666 0.3196 -0.8247 0.4666 0.3613 -0.8247 0.4351 0.3613 -0.8247 0.4351 0.3999 -0.8247 0.3999 0.3999 -0.8247 0.3999 0.4351 -0.8247 0.3613 0.4351 -0.8247 0.3613 0.4666 -0.8247 0.3196 0.4665 -0.8247 0.3196 0.4941 -0.8247 0.2752 0.4940 -0.8247 0.2752 0.5173 -0.8247 0.2284 0.5173 -0.8247 0.2284 0.5362 -0.8247 0.1798 0.5362 -0.8247 0.1797 0.5505 -0.8247 0.1295 0.5506 -0.8247 0.1294 0.5601 -0.8247 0.0782 0.5602 -0.8247 0.0781 0.5650 -0.8247 0.0261 0.5650 -0.8247 0.0261 0.5650 -0.8247 -0.0261 0.5650 -0.8247 -0.0261 0.5602 -0.8247 -0.0782 0.5601 -0.8247 -0.0781 0.5506 -0.8247 -0.1294 0.5506 -0.8247 -0.1294 0.5362 -0.8247 -0.1798 0.5362 -0.8247 -0.1797 0.5173 -0.8247 -0.2284 0.5173 -0.8247 -0.2284 0.4940 -0.8247 -0.2752 0.4940 -0.8247 -0.2752 0.4666 -0.8247 -0.3196 0.4666 -0.8247 -0.3196 0.4351 -0.8247 -0.3613 0.4351 -0.8247 -0.3613 0.3999 -0.8247 -0.4000 0.3999 -0.8247 -0.3999 0.3613 -0.8247 -0.4351 0.3613 -0.8247 -0.4351 0.3196 -0.8247 -0.4666 0.3196 -0.8247 -0.4665 0.2752 -0.8247 -0.4941 0.2752 -0.8247 -0.4940 0.2284 -0.8247 -0.5173 0.2284 -0.8247 -0.5173 0.1798 -0.8247 -0.5362 0.1797 -0.8247 -0.5362 0.1295 -0.8247 -0.5505 0.1294 -0.8247 -0.5506 0.0782 -0.8247 -0.5601 0.0781 -0.8247 -0.5602 0.0261 -0.8247 -0.5650 0.0262 -0.8247 -0.5649 -0.0261 -0.8247 -0.5649 -0.0262 -0.8247 -0.5650 -0.0782 -0.8247 -0.5602 -0.0781 -0.8247 -0.5601 -0.1295 -0.8247 -0.5505 -0.1294 -0.8247 -0.5505 -0.1798 -0.8247 -0.5362 -0.1797 -0.8247 -0.5362 -0.2284 -0.8247 -0.5173 -0.2284 -0.8247 -0.5173 -0.2752 -0.8247 -0.4940 -0.2752 -0.8247 -0.4940 -0.3196 -0.8247 -0.4666 -0.3196 -0.8247 -0.4666 -0.3613 -0.8247 -0.4351 -0.3613 -0.8247 -0.4351 -0.3998 -0.8247 -0.4000 -0.3999 -0.8247 -0.3999 -0.4351 -0.8247 -0.3613 -0.4351 -0.8247 -0.3613 -0.4666 -0.8247 -0.3196 -0.4665 -0.8247 -0.3196 -0.4941 -0.8247 -0.2752 -0.4940 -0.8247 -0.2752 -0.5173 -0.8247 -0.2284 -0.5173 -0.8247 -0.2284 -0.5362 -0.8247 -0.1798 -0.5362 -0.8247 -0.1797 -0.5506 -0.8247 -0.1294 -0.5506 -0.8247 -0.1294 -0.5601 -0.8247 -0.0782 -0.5602 -0.8247 -0.0781 -0.5650 -0.8247 -0.0261 -0.5650 -0.8247 -0.0261 -0.5650 -0.8247 0.0261 -0.4864 -0.8734 0.0224 -0.4823 -0.8734 0.0673 -0.4823 -0.8734 0.0673 -0.4740 -0.8734 0.1115 -0.4740 -0.8734 0.1115 -0.4617 -0.8734 0.1547 -0.4617 -0.8734 0.1548 -0.4455 -0.8734 0.1967 -0.4455 -0.8734 0.1967 -0.4254 -0.8734 0.2370 -0.4254 -0.8734 0.2369 -0.4018 -0.8734 0.2751 -0.4018 -0.8734 0.2752 -0.3746 -0.8734 0.3112 -0.3746 -0.8734 0.3111 -0.3443 -0.8734 0.3443 -0.3443 -0.8734 0.3443 -0.3112 -0.8734 0.3746 -0.3111 -0.8734 0.3746 -0.2751 -0.8734 0.4018 -0.2752 -0.8734 0.4017 -0.2370 -0.8734 0.4254 -0.2370 -0.8734 0.4254 -0.1967 -0.8734 0.4455 -0.1967 -0.8734 0.4455 -0.1547 -0.8734 0.4618 -0.1548 -0.8734 0.4617 -0.1115 -0.8734 0.4740 -0.1115 -0.8734 0.4740 -0.0673 -0.8734 0.4823 -0.0673 -0.8734 0.4823 -0.0225 -0.8734 0.4864 -0.0224 -0.8734 0.4865 0.0225 -0.8734 0.4865 0.0224 -0.8734 0.4864 0.0673 -0.8734 0.4823 0.0673 -0.8734 0.4823 0.1115 -0.8734 0.4740 0.1115 -0.8734 0.4740 0.1547 -0.8734 0.4617 0.1548 -0.8734 0.4617 0.1967 -0.8734 0.4455 0.1967 -0.8734 0.4455 0.2370 -0.8734 0.4254 0.2369 -0.8734 0.4254 0.2751 -0.8734 0.4018 0.2752 -0.8734 0.4018 0.3112 -0.8734 0.3746 0.3111 -0.8734 0.3746 0.3443 -0.8734 0.3443 0.3443 -0.8734 0.3443 0.3746 -0.8734 0.3112 0.3746 -0.8734 0.3111 0.4018 -0.8734 0.2751 0.4018 -0.8734 0.2752 0.4254 -0.8734 0.2370 0.4254 -0.8734 0.2370 0.4455 -0.8734 0.1967 0.4455 -0.8734 0.1967 0.4618 -0.8734 0.1547 0.4617 -0.8734 0.1548 0.4740 -0.8734 0.1115 0.4740 -0.8734 0.1115 0.4823 -0.8734 0.0673 0.4823 -0.8734 0.0673 0.4864 -0.8734 0.0225 0.4865 -0.8734 0.0224 0.4865 -0.8734 -0.0225 0.4864 -0.8734 -0.0224 0.4823 -0.8734 -0.0673 0.4823 -0.8734 -0.0673 0.4740 -0.8734 -0.1115 0.4740 -0.8734 -0.1114 0.4617 -0.8734 -0.1547 0.4617 -0.8734 -0.1548 0.4455 -0.8734 -0.1967 0.4455 -0.8734 -0.1967 0.4254 -0.8734 -0.2370 0.4254 -0.8734 -0.2369 0.4018 -0.8734 -0.2751 0.4018 -0.8734 -0.2752 0.3746 -0.8734 -0.3112 0.3746 -0.8734 -0.3110 0.3444 -0.8734 -0.3442 0.3443 -0.8734 -0.3444 0.3111 -0.8734 -0.3746 0.3111 -0.8734 -0.3746 0.2751 -0.8734 -0.4018 0.2752 -0.8734 -0.4018 0.2370 -0.8734 -0.4254 0.2370 -0.8734 -0.4254 0.1967 -0.8734 -0.4455 0.1967 -0.8734 -0.4455 0.1547 -0.8734 -0.4618 0.1548 -0.8734 -0.4617 0.1115 -0.8734 -0.4740 0.1115 -0.8734 -0.4740 0.0673 -0.8734 -0.4823 0.0673 -0.8734 -0.4823 0.0225 -0.8734 -0.4864 0.0224 -0.8734 -0.4865 -0.0225 -0.8734 -0.4865 -0.0224 -0.8734 -0.4864 -0.0673 -0.8734 -0.4823 -0.0673 -0.8734 -0.4823 -0.1115 -0.8734 -0.4740 -0.1115 -0.8734 -0.4740 -0.1547 -0.8734 -0.4617 -0.1548 -0.8734 -0.4617 -0.1967 -0.8734 -0.4455 -0.1967 -0.8734 -0.4455 -0.2370 -0.8734 -0.4254 -0.2369 -0.8734 -0.4254 -0.2751 -0.8734 -0.4018 -0.2752 -0.8734 -0.4018 -0.3111 -0.8734 -0.3746 -0.3111 -0.8734 -0.3746 -0.3444 -0.8734 -0.3443 -0.3443 -0.8734 -0.3444 -0.3745 -0.8734 -0.3111 -0.3747 -0.8734 -0.3111 -0.4018 -0.8734 -0.2751 -0.4017 -0.8734 -0.2752 -0.4254 -0.8734 -0.2370 -0.4254 -0.8734 -0.2370 -0.4455 -0.8734 -0.1967 -0.4455 -0.8734 -0.1967 -0.4618 -0.8734 -0.1547 -0.4617 -0.8734 -0.1548 -0.4740 -0.8734 -0.1115 -0.4740 -0.8734 -0.1115 -0.4823 -0.8734 -0.0673 -0.4823 -0.8734 -0.0673 -0.4864 -0.8734 -0.0225 -0.4865 -0.8734 -0.0224 -0.4865 -0.8734 0.0225 -0.4038 -0.9146 0.0187 -0.4004 -0.9146 0.0558 -0.4004 -0.9146 0.0559 -0.3935 -0.9146 0.0926 -0.3935 -0.9146 0.0926 -0.3833 -0.9146 0.1284 -0.3833 -0.9146 0.1284 -0.3698 -0.9146 0.1633 -0.3698 -0.9146 0.1633 -0.3532 -0.9146 0.1968 -0.3532 -0.9146 0.1968 -0.3336 -0.9146 0.2284 -0.3336 -0.9146 0.2284 -0.3110 -0.9146 0.2583 -0.3110 -0.9146 0.2583 -0.2859 -0.9146 0.2859 -0.2859 -0.9146 0.2859 -0.2583 -0.9146 0.3110 -0.2583 -0.9146 0.3110 -0.2284 -0.9146 0.3336 -0.2284 -0.9146 0.3336 -0.1968 -0.9146 0.3532 -0.1968 -0.9146 0.3532 -0.1633 -0.9146 0.3698 -0.1633 -0.9146 0.3698 -0.1284 -0.9146 0.3833 -0.1284 -0.9146 0.3833 -0.0926 -0.9146 0.3935 -0.0926 -0.9146 0.3935 -0.0559 -0.9146 0.4004 -0.0559 -0.9146 0.4004 -0.0187 -0.9146 0.4038 -0.0187 -0.9146 0.4038 0.0187 -0.9146 0.4038 0.0187 -0.9146 0.4038 0.0559 -0.9146 0.4004 0.0559 -0.9146 0.4004 0.0926 -0.9146 0.3935 0.0926 -0.9146 0.3935 0.1284 -0.9146 0.3833 0.1284 -0.9146 0.3833 0.1633 -0.9146 0.3698 0.1633 -0.9146 0.3698 0.1968 -0.9146 0.3532 0.1968 -0.9146 0.3532 0.2284 -0.9146 0.3336 0.2284 -0.9146 0.3336 0.2583 -0.9146 0.3110 0.2583 -0.9146 0.3110 0.2859 -0.9146 0.2859 0.2859 -0.9146 0.2859 0.3110 -0.9146 0.2583 0.3110 -0.9146 0.2583 0.3336 -0.9146 0.2284 0.3336 -0.9146 0.2284 0.3532 -0.9146 0.1968 0.3532 -0.9146 0.1968 0.3698 -0.9146 0.1633 0.3698 -0.9146 0.1633 0.3833 -0.9146 0.1284 0.3833 -0.9146 0.1284 0.3935 -0.9146 0.0926 0.3935 -0.9146 0.0926 0.4004 -0.9146 0.0558 0.4004 -0.9146 0.0559 0.4038 -0.9146 0.0187 0.4038 -0.9146 0.0187 0.4038 -0.9146 -0.0187 0.4038 -0.9146 -0.0187 0.4004 -0.9146 -0.0558 0.4004 -0.9146 -0.0559 0.3935 -0.9146 -0.0926 0.3935 -0.9146 -0.0926 0.3833 -0.9146 -0.1284 0.3833 -0.9146 -0.1284 0.3698 -0.9146 -0.1633 0.3698 -0.9146 -0.1633 0.3532 -0.9146 -0.1968 0.3532 -0.9146 -0.1968 0.3336 -0.9146 -0.2284 0.3336 -0.9146 -0.2284 0.3110 -0.9146 -0.2583 0.3110 -0.9146 -0.2583 0.2859 -0.9146 -0.2859 0.2859 -0.9146 -0.2858 0.2583 -0.9146 -0.3110 0.2583 -0.9146 -0.3110 0.2284 -0.9146 -0.3336 0.2284 -0.9146 -0.3336 0.1968 -0.9146 -0.3532 0.1968 -0.9146 -0.3532 0.1633 -0.9146 -0.3698 0.1633 -0.9146 -0.3698 0.1284 -0.9146 -0.3833 0.1284 -0.9146 -0.3833 0.0926 -0.9146 -0.3935 0.0926 -0.9146 -0.3935 0.0558 -0.9146 -0.4004 0.0559 -0.9146 -0.4004 0.0187 -0.9146 -0.4038 0.0187 -0.9146 -0.4038 -0.0187 -0.9146 -0.4038 -0.0187 -0.9146 -0.4038 -0.0558 -0.9146 -0.4004 -0.0559 -0.9146 -0.4004 -0.0926 -0.9146 -0.3935 -0.0926 -0.9146 -0.3935 -0.1284 -0.9146 -0.3833 -0.1284 -0.9146 -0.3833 -0.1633 -0.9146 -0.3698 -0.1633 -0.9146 -0.3698 -0.1968 -0.9146 -0.3532 -0.1968 -0.9146 -0.3532 -0.2284 -0.9146 -0.3336 -0.2284 -0.9146 -0.3336 -0.2583 -0.9146 -0.3110 -0.2583 -0.9146 -0.3110 -0.2859 -0.9146 -0.2859 -0.2859 -0.9146 -0.2858 -0.3110 -0.9146 -0.2583 -0.3110 -0.9146 -0.2583 -0.3336 -0.9146 -0.2284 -0.3336 -0.9146 -0.2284 -0.3532 -0.9146 -0.1968 -0.3532 -0.9146 -0.1968 -0.3698 -0.9146 -0.1633 -0.3698 -0.9146 -0.1633 -0.3833 -0.9146 -0.1284 -0.3833 -0.9146 -0.1284 -0.3935 -0.9146 -0.0926 -0.3935 -0.9146 -0.0926 -0.4004 -0.9146 -0.0558 -0.4004 -0.9146 -0.0559 -0.4038 -0.9146 -0.0187 -0.4038 -0.9146 -0.0187 -0.4038 -0.9146 0.0187 -0.3178 -0.9480 0.0147 -0.3151 -0.9480 0.0440 -0.3151 -0.9480 0.0440 -0.3097 -0.9480 0.0728 -0.3097 -0.9480 0.0729 -0.3016 -0.9480 0.1012 -0.3017 -0.9480 0.1011 -0.2910 -0.9480 0.1285 -0.2910 -0.9480 0.1285 -0.2779 -0.9480 0.1548 -0.2779 -0.9480 0.1548 -0.2625 -0.9480 0.1797 -0.2625 -0.9480 0.1797 -0.2448 -0.9480 0.2032 -0.2447 -0.9480 0.2033 -0.2250 -0.9480 0.2250 -0.2250 -0.9480 0.2250 -0.2032 -0.9480 0.2448 -0.2033 -0.9480 0.2447 -0.1797 -0.9480 0.2625 -0.1797 -0.9480 0.2625 -0.1548 -0.9480 0.2779 -0.1548 -0.9480 0.2779 -0.1285 -0.9480 0.2910 -0.1285 -0.9480 0.2910 -0.1012 -0.9480 0.3016 -0.1011 -0.9480 0.3017 -0.0728 -0.9480 0.3097 -0.0728 -0.9480 0.3097 -0.0440 -0.9480 0.3151 -0.0440 -0.9480 0.3151 -0.0146 -0.9480 0.3178 -0.0147 -0.9480 0.3178 0.0146 -0.9480 0.3178 0.0147 -0.9480 0.3178 0.0440 -0.9480 0.3151 0.0440 -0.9480 0.3151 0.0728 -0.9480 0.3097 0.0728 -0.9480 0.3097 0.1012 -0.9480 0.3016 0.1011 -0.9480 0.3017 0.1285 -0.9480 0.2910 0.1285 -0.9480 0.2910 0.1548 -0.9480 0.2779 0.1548 -0.9480 0.2779 0.1797 -0.9480 0.2625 0.1797 -0.9480 0.2625 0.2032 -0.9480 0.2448 0.2033 -0.9480 0.2447 0.2250 -0.9480 0.2250 0.2250 -0.9480 0.2250 0.2448 -0.9480 0.2032 0.2447 -0.9480 0.2033 0.2625 -0.9480 0.1797 0.2625 -0.9480 0.1797 0.2779 -0.9480 0.1548 0.2779 -0.9480 0.1548 0.2910 -0.9480 0.1285 0.2910 -0.9480 0.1285 0.3016 -0.9480 0.1012 0.3017 -0.9480 0.1011 0.3097 -0.9480 0.0728 0.3097 -0.9480 0.0728 0.3151 -0.9480 0.0440 0.3151 -0.9480 0.0440 0.3178 -0.9480 0.0146 0.3178 -0.9480 0.0147 0.3178 -0.9480 -0.0146 0.3178 -0.9480 -0.0147 0.3151 -0.9480 -0.0440 0.3151 -0.9480 -0.0440 0.3097 -0.9480 -0.0728 0.3097 -0.9480 -0.0729 0.3016 -0.9480 -0.1012 0.3017 -0.9480 -0.1011 0.2910 -0.9480 -0.1285 0.2910 -0.9480 -0.1285 0.2780 -0.9480 -0.1548 0.2779 -0.9480 -0.1548 0.2625 -0.9480 -0.1798 0.2625 -0.9480 -0.1797 0.2448 -0.9480 -0.2032 0.2447 -0.9480 -0.2033 0.2250 -0.9480 -0.2250 0.2250 -0.9480 -0.2250 0.2032 -0.9480 -0.2448 0.2033 -0.9480 -0.2447 0.1797 -0.9480 -0.2625 0.1797 -0.9480 -0.2625 0.1548 -0.9480 -0.2779 0.1548 -0.9480 -0.2779 0.1285 -0.9480 -0.2910 0.1285 -0.9480 -0.2910 0.1012 -0.9480 -0.3016 0.1011 -0.9480 -0.3017 0.0728 -0.9480 -0.3097 0.0728 -0.9480 -0.3097 0.0440 -0.9480 -0.3151 0.0440 -0.9480 -0.3151 0.0146 -0.9480 -0.3178 0.0147 -0.9480 -0.3178 -0.0146 -0.9480 -0.3178 -0.0147 -0.9480 -0.3178 -0.0440 -0.9480 -0.3151 -0.0439 -0.9480 -0.3151 -0.0728 -0.9480 -0.3097 -0.0729 -0.9480 -0.3097 -0.1012 -0.9480 -0.3017 -0.1011 -0.9480 -0.3017 -0.1285 -0.9480 -0.2910 -0.1285 -0.9480 -0.2910 -0.1548 -0.9480 -0.2779 -0.1548 -0.9480 -0.2779 -0.1797 -0.9480 -0.2625 -0.1797 -0.9480 -0.2625 -0.2032 -0.9480 -0.2448 -0.2033 -0.9480 -0.2447 -0.2250 -0.9480 -0.2250 -0.2250 -0.9480 -0.2250 -0.2448 -0.9480 -0.2032 -0.2447 -0.9480 -0.2033 -0.2625 -0.9480 -0.1798 -0.2625 -0.9480 -0.1797 -0.2780 -0.9480 -0.1548 -0.2779 -0.9480 -0.1548 -0.2910 -0.9480 -0.1285 -0.2910 -0.9480 -0.1285 -0.3016 -0.9480 -0.1012 -0.3017 -0.9480 -0.1011 -0.3097 -0.9480 -0.0728 -0.3097 -0.9480 -0.0728 -0.3151 -0.9480 -0.0440 -0.3151 -0.9480 -0.0440 -0.3178 -0.9480 -0.0146 -0.3178 -0.9480 -0.0147 -0.3178 -0.9480 0.0146 -0.2289 -0.9734 0.0105 -0.2269 -0.9734 0.0317 -0.2269 -0.9734 0.0317 -0.2231 -0.9734 0.0524 -0.2231 -0.9734 0.0524 -0.2172 -0.9734 0.0729 -0.2172 -0.9734 0.0729 -0.2096 -0.9734 0.0925 -0.2096 -0.9734 0.0926 -0.2002 -0.9734 0.1115 -0.2002 -0.9734 0.1115 -0.1891 -0.9734 0.1295 -0.1891 -0.9734 0.1294 -0.1762 -0.9734 0.1464 -0.1763 -0.9734 0.1464 -0.1620 -0.9734 0.1620 -0.1620 -0.9734 0.1620 -0.1463 -0.9734 0.1763 -0.1464 -0.9734 0.1763 -0.1296 -0.9734 0.1890 -0.1294 -0.9734 0.1891 -0.1115 -0.9734 0.2002 -0.1115 -0.9734 0.2002 -0.0925 -0.9734 0.2096 -0.0926 -0.9734 0.2096 -0.0728 -0.9734 0.2173 -0.0729 -0.9734 0.2172 -0.0525 -0.9734 0.2230 -0.0524 -0.9734 0.2231 -0.0317 -0.9734 0.2269 -0.0317 -0.9734 0.2269 -0.0105 -0.9734 0.2289 -0.0105 -0.9734 0.2289 0.0105 -0.9734 0.2289 0.0105 -0.9734 0.2289 0.0317 -0.9734 0.2269 0.0317 -0.9734 0.2269 0.0525 -0.9734 0.2230 0.0524 -0.9734 0.2230 0.0728 -0.9734 0.2173 0.0729 -0.9734 0.2172 0.0925 -0.9734 0.2096 0.0926 -0.9734 0.2096 0.1115 -0.9734 0.2002 0.1115 -0.9734 0.2002 0.1296 -0.9734 0.1890 0.1294 -0.9734 0.1891 0.1463 -0.9734 0.1763 0.1464 -0.9734 0.1763 0.1620 -0.9734 0.1620 0.1620 -0.9734 0.1620 0.1762 -0.9734 0.1464 0.1763 -0.9734 0.1464 0.1890 -0.9734 0.1295 0.1891 -0.9734 0.1294 0.2002 -0.9734 0.1115 0.2002 -0.9734 0.1115 0.2096 -0.9734 0.0925 0.2096 -0.9734 0.0926 0.2172 -0.9734 0.0729 0.2173 -0.9734 0.0729 0.2231 -0.9734 0.0524 0.2231 -0.9734 0.0524 0.2269 -0.9734 0.0317 0.2269 -0.9734 0.0317 0.2289 -0.9734 0.0105 0.2289 -0.9734 0.0105 0.2289 -0.9734 -0.0105 0.2289 -0.9734 -0.0105 0.2269 -0.9734 -0.0317 0.2269 -0.9734 -0.0317 0.2231 -0.9734 -0.0524 0.2231 -0.9734 -0.0524 0.2172 -0.9734 -0.0729 0.2172 -0.9734 -0.0729 0.2096 -0.9734 -0.0925 0.2096 -0.9734 -0.0926 0.2002 -0.9734 -0.1115 0.2002 -0.9734 -0.1115 0.1890 -0.9734 -0.1295 0.1890 -0.9734 -0.1295 0.1762 -0.9734 -0.1464 0.1763 -0.9734 -0.1464 0.1620 -0.9734 -0.1620 0.1620 -0.9734 -0.1620 0.1464 -0.9734 -0.1762 0.1464 -0.9734 -0.1763 0.1295 -0.9734 -0.1890 0.1294 -0.9734 -0.1891 0.1115 -0.9734 -0.2002 0.1115 -0.9734 -0.2002 0.0925 -0.9734 -0.2096 0.0926 -0.9734 -0.2096 0.0729 -0.9734 -0.2172 0.0729 -0.9734 -0.2172 0.0524 -0.9734 -0.2231 0.0524 -0.9734 -0.2231 0.0317 -0.9734 -0.2269 0.0317 -0.9734 -0.2269 0.0105 -0.9734 -0.2289 0.0105 -0.9734 -0.2289 -0.0105 -0.9734 -0.2289 -0.0105 -0.9734 -0.2289 -0.0317 -0.9734 -0.2269 -0.0317 -0.9734 -0.2269 -0.0524 -0.9734 -0.2231 -0.0524 -0.9734 -0.2231 -0.0729 -0.9734 -0.2172 -0.0729 -0.9734 -0.2172 -0.0925 -0.9734 -0.2096 -0.0926 -0.9734 -0.2096 -0.1115 -0.9734 -0.2002 -0.1115 -0.9734 -0.2002 -0.1295 -0.9734 -0.1891 -0.1294 -0.9734 -0.1891 -0.1464 -0.9734 -0.1762 -0.1464 -0.9734 -0.1763 -0.1620 -0.9734 -0.1620 -0.1620 -0.9734 -0.1620 -0.1762 -0.9734 -0.1464 -0.1763 -0.9734 -0.1464 -0.1890 -0.9734 -0.1295 -0.1891 -0.9734 -0.1295 -0.2002 -0.9734 -0.1115 -0.2002 -0.9734 -0.1115 -0.2096 -0.9734 -0.0925 -0.2096 -0.9734 -0.0926 -0.2172 -0.9734 -0.0729 -0.2173 -0.9734 -0.0729 -0.2231 -0.9734 -0.0524 -0.2231 -0.9734 -0.0524 -0.2269 -0.9734 -0.0317 -0.2269 -0.9734 -0.0317 -0.2289 -0.9734 -0.0105 -0.2289 -0.9734 -0.0105 -0.2289 -0.9734 0.0105 -0.1381 -0.9904 0.0064 -0.1370 -0.9904 0.0190 -0.1370 -0.9904 0.0191 -0.1346 -0.9904 0.0316 -0.1346 -0.9904 0.0316 -0.1311 -0.9904 0.0440 -0.1311 -0.9904 0.0440 -0.1265 -0.9904 0.0558 -0.1265 -0.9904 0.0558 -0.1208 -0.9904 0.0674 -0.1208 -0.9904 0.0673 -0.1141 -0.9904 0.0782 -0.1141 -0.9904 0.0781 -0.1064 -0.9904 0.0883 -0.1064 -0.9904 0.0884 -0.0978 -0.9904 0.0978 -0.0978 -0.9904 0.0978 -0.0883 -0.9904 0.1065 -0.0883 -0.9904 0.1064 -0.0782 -0.9904 0.1141 -0.0782 -0.9904 0.1141 -0.0672 -0.9904 0.1208 -0.0673 -0.9904 0.1208 -0.0559 -0.9904 0.1265 -0.0558 -0.9904 0.1265 -0.0440 -0.9904 0.1311 -0.0439 -0.9904 0.1311 -0.0316 -0.9904 0.1346 -0.0317 -0.9904 0.1346 -0.0190 -0.9904 0.1370 -0.0191 -0.9904 0.1369 -0.0065 -0.9904 0.1381 -0.0064 -0.9904 0.1381 0.0065 -0.9904 0.1381 0.0064 -0.9904 0.1381 0.0190 -0.9904 0.1370 0.0191 -0.9904 0.1370 0.0316 -0.9904 0.1346 0.0317 -0.9904 0.1346 0.0440 -0.9904 0.1311 0.0439 -0.9904 0.1311 0.0559 -0.9904 0.1265 0.0558 -0.9904 0.1265 0.0672 -0.9904 0.1208 0.0673 -0.9904 0.1208 0.0782 -0.9904 0.1141 0.0782 -0.9904 0.1141 0.0883 -0.9904 0.1064 0.0883 -0.9904 0.1064 0.0978 -0.9904 0.0978 0.0978 -0.9904 0.0978 0.1065 -0.9904 0.0883 0.1064 -0.9904 0.0884 0.1141 -0.9904 0.0782 0.1141 -0.9904 0.0782 0.1208 -0.9904 0.0674 0.1208 -0.9904 0.0673 0.1265 -0.9904 0.0558 0.1265 -0.9904 0.0558 0.1311 -0.9904 0.0440 0.1311 -0.9904 0.0440 0.1346 -0.9904 0.0316 0.1346 -0.9904 0.0316 0.1370 -0.9904 0.0190 0.1369 -0.9904 0.0191 0.1381 -0.9904 0.0065 0.1381 -0.9904 0.0064 0.1381 -0.9904 -0.0065 0.1381 -0.9904 -0.0064 0.1370 -0.9904 -0.0190 0.1370 -0.9904 -0.0191 0.1346 -0.9904 -0.0316 0.1346 -0.9904 -0.0316 0.1311 -0.9904 -0.0440 0.1311 -0.9904 -0.0440 0.1265 -0.9904 -0.0558 0.1265 -0.9904 -0.0558 0.1208 -0.9904 -0.0674 0.1208 -0.9904 -0.0673 0.1141 -0.9904 -0.0782 0.1141 -0.9904 -0.0781 0.1064 -0.9904 -0.0883 0.1064 -0.9904 -0.0884 0.0978 -0.9904 -0.0978 0.0978 -0.9904 -0.0978 0.0883 -0.9904 -0.1065 0.0884 -0.9904 -0.1064 0.0782 -0.9904 -0.1140 0.0781 -0.9904 -0.1141 0.0674 -0.9904 -0.1208 0.0673 -0.9904 -0.1208 0.0558 -0.9904 -0.1265 0.0558 -0.9904 -0.1265 0.0440 -0.9904 -0.1311 0.0440 -0.9904 -0.1311 0.0316 -0.9904 -0.1346 0.0316 -0.9904 -0.1346 0.0192 -0.9904 -0.1370 0.0191 -0.9904 -0.1370 0.0063 -0.9904 -0.1382 0.0064 -0.9904 -0.1381 -0.0063 -0.9904 -0.1381 -0.0064 -0.9904 -0.1381 -0.0192 -0.9904 -0.1370 -0.0191 -0.9904 -0.1370 -0.0316 -0.9904 -0.1346 -0.0316 -0.9904 -0.1346 -0.0440 -0.9904 -0.1311 -0.0440 -0.9904 -0.1311 -0.0558 -0.9904 -0.1265 -0.0558 -0.9904 -0.1265 -0.0674 -0.9904 -0.1208 -0.0673 -0.9904 -0.1208 -0.0782 -0.9904 -0.1141 -0.0781 -0.9904 -0.1141 -0.0883 -0.9904 -0.1064 -0.0884 -0.9904 -0.1064 -0.0978 -0.9904 -0.0978 -0.0978 -0.9904 -0.0978 -0.1065 -0.9904 -0.0883 -0.1064 -0.9904 -0.0884 -0.1140 -0.9904 -0.0782 -0.1141 -0.9904 -0.0782 -0.1208 -0.9904 -0.0674 -0.1208 -0.9904 -0.0673 -0.1265 -0.9904 -0.0558 -0.1265 -0.9904 -0.0558 -0.1311 -0.9904 -0.0440 -0.1311 -0.9904 -0.0440 -0.1346 -0.9904 -0.0316 -0.1346 -0.9904 -0.0316 -0.1370 -0.9904 -0.0190 -0.1369 -0.9904 -0.0191 -0.1381 -0.9904 -0.0065 -0.1381 -0.9904 -0.0064 -0.1381 -0.9904 0.0065</float_array>
          <technique_common>
            <accessor source="#part_022-mesh-normals-array" count="4488" stride="3">
              <param name="X" type="float"/>
              <param name="Y" type="float"/>
              <param name="Z" type="float"/>
            </accessor>
          </technique_common>
        </source>
        <vertices id="part_022-mesh-vertices">
          <input semantic="POSITION" source="#part_022-mesh-positions"/>
        </vertices>
        <triangles material="mat_0_855_0_647_0_126" count="4488">
          <input semantic="VERTEX" source="#part_022-mesh-vertices" offset="0"/>
          <input semantic="NORMAL" source="#part_022-mesh-normals" offset="1"/>
          <p>0 0 1 0 2 0 3 1 4 1 5 1 6 2 7 2 8 2 9 3 10 3 11 3 12 4 13 4 14 4 15 5 16 5 17 5 18 6 19 6 20 6 21 7 22 7 23 7 24 8 25 8 26 8 27 9 28 9 29 9 30 10 31 10 32 10 33 11 34 11 35 11 36 12 37 12 38 12 39 13 40 13 41 13 42 14 43 14 44 14 45 15 46 15 47 15 48 16 49 16 50 16 51 17 52 17 53 17 54 18 55 18 56 18 57 19 58 19 59 19 60 20 61 20 62 20 63 21 64 21 65 21 66 22 67 22 68 22 69 23 70 23 71 23 72 24 73 24 74 24 75 25 76 25 77 25 78 26 79 26 80 26 81 27 82 27 83 27 84 28 85 28 86 28 87 29 88 29 89 29 90 30 91 30 92 30 93 31 94 31 95 31 96 32 97 32 98 32 99 33 100 33 101 33 102 34 103 34 104 34 105 35 106 35 107 35 108 36 109 36 110 36 111 37 112 37 113 37 114 38 115 38 116 38 117 39 118 39 119 39 120 40 121 40 122 40 123 41 124 41 125 41 126 42 127 42 128 42 129 43 130 43 131 43 132 44 133 44 134 44 135 45 136 45 137 45 138 46 139 46 140 46 141 47 142 47 143 47 144 48 145 48 146 48 147 49 148 49 149 49 150 50 151 50 152 50 153 51 154 51 155 51 156 52 157 52 158 52 159 53 160 53 161 53 162 54 163 54 164 54 165 55 166 55 167 55 168 56 169 56 170 56 171 57 172 57 173 57 174 58 175 58 176 58 177 59 178 59 179 59 180 60 181 60 182 60 183 61 184 61 185 61 186 62 187 62 188 62 189 63 190 63 191 63 192 64 193 64 194 64 195 65 196 65 197 65 198 66 199 66 200 66 201 67 202 67 203 67 204 68 205 68 206 68 206 69 205 69 207 69 206 70 207 70 208 70 208 71 207 71 209 71 208 72 209 72 210 72 210 73 209 73 211 73 210 74 211 74 212 74 212 75 211 75 213 75 212 76 213 76 214 76 214 77 213 77 215 77 214 78 215 78 216 78 216 79 215 79 217 79 216 80 217 80 218 80 218 81 217 81 219 81 218 82 219 82 220 82 220 83 219 83 221 83 220 84 221 84 222 84 222 85 221 85 223 85 222 86 223 86 224 86 224 87 223 87 225 87 224 88 225 88 226 88 226 89 225 89 227 89 226 90 227 90 228 90 228 91 227 91 229 91 228 92 229 92 230 92 230 93 229 93 231 93 230 94 231 94 232 94 232 95 231 95 233 95 232 96 233 96 234 96 234 97 233 97 235 97 234 98 235 98 236 98 236 99 235 99 237 99 236 100 237 100 238 100 238 101 237 101 239 101 238 102 239 102 240 102 240 103 239 103 241 103 240 104 241 104 242 104 242 105 241 105 243 105 242 106 243 106 244 106 244 107 243 107 245 107 244 108 245 108 246 108 246 109 245 109 247 109 246 110 247 110 248 110 248 111 247 111 249 111 248 112 249 112 250 112 250 113 249 113 251 113 250 114 251 114 252 114 252 115 251 115 253 115 252 116 253 116 254 116 254 117 253 117 255 117 254 118 255 118 256 118 256 119 255 119 257 119 256 120 257 120 258 120 258 121 257 121 259 121 258 122 259 122 260 122 260 123 259 123 261 123 260 124 261 124 262 124 262 125 261 125 263 125 262 126 263 126 264 126 264 127 263 127 265 127 264 128 265 128 266 128 266 129 265 129 267 129 266 130 267 130 268 130 268 131 267 131 269 131 268 132 269 132 270 132 270 133 269 133 271 133 270 134 271 134 272 134 272 135 271 135 273 135 272 136 273 136 274 136 274 137 273 137 275 137 274 138 275 138 276 138 276 139 275 139 277 139 276 140 277 140 278 140 278 141 277 141 279 141 278 142 279 142 280 142 280 143 279 143 281 143 280 144 281 144 282 144 282 145 281 145 283 145 282 146 283 146 284 146 284 147 283 147 285 147 284 148 285 148 286 148 286 149 285 149 287 149 286 150 287 150 288 150 288 151 287 151 289 151 288 152 289 152 290 152 290 153 289 153 291 153 290 154 291 154 292 154 292 155 291 155 293 155 292 156 293 156 294 156 294 157 293 157 295 157 294 158 295 158 296 158 296 159 295 159 297 159 296 160 297 160 298 160 298 161 297 161 299 161 298 162 299 162 300 162 300 163 299 163 301 163 300 164 301 164 302 164 302 165 301 165 303 165 302 166 303 166 304 166 304 167 303 167 305 167 304 168 305 168 306 168 306 169 305 169 307 169 306 170 307 170 308 170 308 171 307 171 309 171 308 172 309 172 310 172 310 173 309 173 311 173 310 174 311 174 312 174 312 175 311 175 313 175 312 176 313 176 314 176 314 177 313 177 315 177 314 178 315 178 316 178 316 179 315 179 317 179 316 180 317 180 318 180 318 181 317 181 319 181 318 182 319 182 320 182 320 183 319 183 321 183 320 184 321 184 322 184 322 185 321 185 323 185 322 186 323 186 324 186 324 187 323 187 325 187 324 188 325 188 326 188 326 189 325 189 327 189 326 190 327 190 328 190 328 191 327 191 329 191 328 192 329 192 330 192 330 193 329 193 331 193 330 194 331 194 332 194 332 195 331 195 333 195 332 196 333 196 334 196 334 197 333 197 335 197 334 198 335 198 336 198 336 199 335 199 337 199 336 200 337 200 338 200 338 201 337 201 339 201 338 202 339 202 340 202 340 203 339 203 341 203 342 204 343 204 344 204 344 205 343 205 345 205 344 206 345 206 346 206 346 207 345 207 347 207 346 208 347 208 348 208 348 209 347 209 349 209 348 210 349 210 350 210 350 211 349 211 351 211 350 212 351 212 352 212 352 213 351 213 353 213 352 214 353 214 354 214 354 215 353 215 355 215 354 216 355 216 356 216 356 217 355 217 357 217 356 218 357 218 358 218 358 219 357 219 359 219 358 220 359 220 360 220 360 221 359 221 361 221 360 222 361 222 362 222 362 223 361 223 363 223 362 224 363 224 364 224 364 225 363 225 365 225 364 226 365 226 366 226 366 227 365 227 367 227 366 228 367 228 368 228 368 229 367 229 369 229 368 230 369 230 370 230 370 231 369 231 371 231 370 232 371 232 372 232 372 233 371 233 373 233 372 234 373 234 374 234 374 235 373 235 375 235 374 236 375 236 376 236 376 237 375 237 377 237 376 238 377 238 378 238 378 239 377 239 379 239 378 240 379 240 380 240 380 241 379 241 381 241 380 242 381 242 382 242 382 243 381 243 383 243 382 244 383 244 384 244 384 245 383 245 385 245 384 246 385 246 386 246 386 247 385 247 387 247 386 248 387 248 388 248 388 249 387 249 389 249 388 250 389 250 390 250 390 251 389 251 391 251 390 252 391 252 392 252 392 253 391 253 393 253 392 254 393 254 394 254 394 255 393 255 395 255 394 256 395 256 396 256 396 257 395 257 397 257 396 258 397 258 398 258 398 259 397 259 399 259 398 260 399 260 400 260 400 261 399 261 401 261 400 262 401 262 402 262 402 263 401 263 403 263 402 264 403 264 404 264 404 265 403 265 405 265 404 266 405 266 406 266 406 267 405 267 407 267 406 268 407 268 408 268 408 269 407 269 409 269 408 270 409 270 410 270 410 271 409 271 411 271 410 272 411 272 412 272 412 273 411 273 413 273 412 274 413 274 414 274 414 275 413 275 415 275 414 276 415 276 416 276 416 277 415 277 417 277 416 278 417 278 418 278 418 279 417 279 419 279 418 280 419 280 420 280 420 281 419 281 421 281 420 282 421 282 422 282 422 283 421 283 423 283 422 284 423 284 424 284 424 285 423 285 425 285 424 286 425 286 426 286 426 287 425 287 427 287 426 288 427 288 428 288 428 289 427 289 429 289 428 290 429 290 430 290 430 291 429 291 431 291 430 292 431 292 432 292 432 293 431 293 433 293 432 294 433 294 434 294 434 295 433 295 435 295 434 296 435 296 436 296 436 297 435 297 437 297 436 298 437 298 438 298 438 299 437 299 439 299 438 300 439 300 440 300 440 301 439 301 441 301 440 302 441 302 442 302 442 303 441 303 443 303 442 304 443 304 444 304 444 305 443 305 445 305 444 306 445 306 446 306 446 307 445 307 447 307 446 308 447 308 448 308 448 309 447 309 449 309 448 310 449 310 450 310 450 311 449 311 451 311 450 312 451 312 452 312 452 313 451 313 453 313 452 314 453 314 454 314 454 315 453 315 455 315 454 316 455 316 456 316 456 317 455 317 457 317 456 318 457 318 458 318 458 319 457 319 459 319 458 320 459 320 460 320 460 321 459 321 461 321 460 322 461 322 462 322 462 323 461 323 463 323 462 324 463 324 464 324 464 325 463 325 465 325 464 326 465 326 466 326 466 327 465 327 467 327 466 328 467 328 468 328 468 329 467 329 469 329 468 330 469 330 470 330 470 331 469 331 471 331 470 332 471 332 472 332 472 333 471 333 473 333 472 334 473 334 474 334 474 335 473 335 475 335 474 336 475 336 476 336 476 337 475 337 477 337 476 338 477 338 478 338 478 339 477 339 479 339 480 340 481 340 482 340 482 341 481 341 483 341 482 342 483 342 484 342 484 343 483 343 485 343 484 344 485 344 486 344 486 345 485 345 487 345 486 346 487 346 488 346 488 347 487 347 489 347 488 348 489 348 490 348 490 349 489 349 491 349 490 350 491 350 492 350 492 351 491 351 493 351 492 352 493 352 494 352 494 353 493 353 495 353 494 354 495 354 496 354 496 355 495 355 497 355 496 356 497 356 498 356 498 357 497 357 499 357 498 358 499 358 500 358 500 359 499 359 501 359 500 360 501 360 502 360 502 361 501 361 503 361 502 362 503 362 504 362 504 363 503 363 505 363 504 364 505 364 506 364 506 365 505 365 507 365 506 366 507 366 508 366 508 367 507 367 509 367 508 368 509 368 510 368 510 369 509 369 511 369 510 370 511 370 512 370 512 371 511 371 513 371 512 372 513 372 514 372 514 373 513 373 515 373 514 374 515 374 516 374 516 375 515 375 517 375 516 376 517 376 518 376 518 377 517 377 519 377 518 378 519 378 520 378 520 379 519 379 521 379 520 380 521 380 522 380 522 381 521 381 523 381 522 382 523 382 524 382 524 383 523 383 525 383 524 384 525 384 526 384 526 385 525 385 527 385 526 386 527 386 528 386 528 387 527 387 529 387 528 388 529 388 530 388 530 389 529 389 531 389 530 390 531 390 532 390 532 391 531 391 533 391 532 392 533 392 534 392 534 393 533 393 535 393 534 394 535 394 536 394 536 395 535 395 537 395 536 396 537 396 538 396 538 397 537 397 539 397 538 398 539 398 540 398 540 399 539 399 541 399 540 400 541 400 542 400 542 401 541 401 543 401 542 402 543 402 544 402 544 403 543 403 545 403 544 404 545 404 546 404 546 405 545 405 547 405 546 406 547 406 548 406 548 407 547 407 549 407 548 408 549 408 550 408 550 409 549 409 551 409 550 410 551 410 552 410 552 411 551 411 553 411 552 412 553 412 554 412 554 413 553 413 555 413 554 414 555 414 556 414 556 415 555 415 557 415 556 416 557 416 558 416 558 417 557 417 559 417 558 418 559 418 560 418 560 419 559 419 561 419 560 420 561 420 562 420 562 421 561 421 563 421 562 422 563 422 564 422 564 423 563 423 565 423 564 424 565 424 566 424 566 425 565 425 567 425 566 426 567 426 568 426 568 427 567 427 569 427 568 428 569 428 570 428 570 429 569 429 571 429 570 430 571 430 572 430 572 431 571 431 573 431 572 432 573 432 574 432 574 433 573 433 575 433 574 434 575 434 576 434 576 435 575 435 577 435 576 436 577 436 578 436 578 437 577 437 579 437 578 438 579 438 580 438 580 439 579 439 581 439 580 440 581 440 582 440 582 441 581 441 583 441 582 442 583 442 584 442 584 443 583 443 585 443 584 444 585 444 586 444 586 445 585 445 587 445 586 446 587 446 588 446 588 447 587 447 589 447 588 448 589 448 590 448 590 449 589 449 591 449 590 450 591 450 592 450 592 451 591 451 593 451 592 452 593 452 594 452 594 453 593 453 595 453 594 454 595 454 596 454 596 455 595 455 597 455 596 456 597 456 598 456 598 457 597 457 599 457 598 458 599 458 600 458 600 459 599 459 601 459 600 460 601 460 602 460 602 461 601 461 603 461 602 462 603 462 604 462 604 463 603 463 605 463 604 464 605 464 606 464 606 465 605 465 607 465 606 466 607 466 608 466 608 467 607 467 609 467 608 468 609 468 610 468 610 469 609 469 611 469 610 470 611 470 612 470 612 471 611 471 613 471 612 472 613 472 614 472 614 473 613 473 615 473 614 474 615 474 616 474 616 475 615 475 617 475 618 476 619 476 620 476 620 477 619 477 621 477 620 478 621 478 622 478 622 479 621 479 623 479 622 480 623 480 624 480 624 481 623 481 625 481 624 482 625 482 626 482 626 483 625 483 627 483 626 484 627 484 628 484 628 485 627 485 629 485 628 486 629 486 630 486 630 487 629 487 631 487 630 488 631 488 632 488 632 489 631 489 633 489 632 490 633 490 634 490 634 491 633 491 635 491 634 492 635 492 636 492 636 493 635 493 637 493 636 494 637 494 638 494 638 495 637 495 639 495 638 496 639 496 640 496 640 497 639 497 641 497 640 498 641 498 642 498 642 499 641 499 643 499 642 500 643 500 644 500 644 501 643 501 645 501 644 502 645 502 646 502 646 503 645 503 647 503 646 504 647 504 648 504 648 505 647 505 649 505 648 506 649 506 650 506 650 507 649 507 651 507 650 508 651 508 652 508 652 509 651 509 653 509 652 510 653 510 654 510 654 511 653 511 655 511 654 512 655 512 656 512 656 513 655 513 657 513 656 514 657 514 658 514 658 515 657 515 659 515 658 516 659 516 660 516 660 517 659 517 661 517 660 518 661 518 662 518 662 519 661 519 663 519 662 520 663 520 664 520 664 521 663 521 665 521 664 522 665 522 666 522 666 523 665 523 667 523 666 524 667 524 668 524 668 525 667 525 669 525 668 526 669 526 670 526 670 527 669 527 671 527 670 528 671 528 672 528 672 529 671 529 673 529 672 530 673 530 674 530 674 531 673 531 675 531 674 532 675 532 676 532 676 533 675 533 677 533 676 534 677 534 678 534 678 535 677 535 679 535 678 536 679 536 680 536 680 537 679 537 681 537 680 538 681 538 682 538 682 539 681 539 683 539 682 540 683 540 684 540 684 541 683 541 685 541 684 542 685 542 686 542 686 543 685 543 687 543 686 544 687 544 688 544 688 545 687 545 689 545 688 546 689 546 690 546 690 547 689 547 691 547 690 548 691 548 692 548 692 549 691 549 693 549 692 550 693 550 694 550 694 551 693 551 695 551 694 552 695 552 696 552 696 553 695 553 697 553 696 554 697 554 698 554 698 555 697 555 699 555 698 556 699 556 700 556 700 557 699 557 701 557 700 558 701 558 702 558 702 559 701 559 703 559 702 560 703 560 704 560 704 561 703 561 705 561 704 562 705 562 706 562 706 563 705 563 707 563 706 564 707 564 708 564 708 565 707 565 709 565 708 566 709 566 710 566 710 567 709 567 711 567 710 568 711 568 712 568 712 569 711 569 713 569 712 570 713 570 714 570 714 571 713 571 715 571 714 572 715 572 716 572 716 573 715 573 717 573 716 574 717 574 718 574 718 575 717 575 719 575 718 576 719 576 720 576 720 577 719 577 721 577 720 578 721 578 722 578 722 579 721 579 723 579 722 580 723 580 724 580 724 581 723 581 725 581 724 582 725 582 726 582 726 583 725 583 727 583 726 584 727 584 728 584 728 585 727 585 729 585 728 586 729 586 730 586 730 587 729 587 731 587 730 588 731 588 732 588 732 589 731 589 733 589 732 590 733 590 734 590 734 591 733 591 735 591 734 592 735 592 736 592 736 593 735 593 737 593 736 594 737 594 738 594 738 595 737 595 739 595 738 596 739 596 740 596 740 597 739 597 741 597 740 598 741 598 742 598 742 599 741 599 743 599 742 600 743 600 744 600 744 601 743 601 745 601 744 602 745 602 746 602 746 603 745 603 747 603 746 604 747 604 748 604 748 605 747 605 749 605 748 606 749 606 750 606 750 607 749 607 751 607 750 608 751 608 752 608 752 609 751 609 753 609 752 610 753 610 754 610 754 611 753 611 755 611 756 612 757 612 758 612 758 613 757 613 759 613 758 614 759 614 760 614 760 615 759 615 761 615 760 616 761 616 762 616 762 617 761 617 763 617 762 618 763 618 764 618 764 619 763 619 765 619 764 620 765 620 766 620 766 621 765 621 767 621 766 622 767 622 768 622 768 623 767 623 769 623 768 624 769 624 770 624 770 625 769 625 771 625 770 626 771 626 772 626 772 627 771 627 773 627 772 628 773 628 774 628 774 629 773 629 775 629 774 630 775 630 776 630 776 631 775 631 777 631 776 632 777 632 778 632 778 633 777 633 779 633 778 634 779 634 780 634 780 635 779 635 781 635 780 636 781 636 782 636 782 637 781 637 783 637 782 638 783 638 784 638 784 639 783 639 785 639 784 640 785 640 786 640 786 641 785 641 787 641 786 642 787 642 788 642 788 643 787 643 789 643 788 644 789 644 790 644 790 645 789 645 791 645 790 646 791 646 792 646 792 647 791 647 793 647 792 648 793 648 794 648 794 649 793 649 795 649 794 650 795 650 796 650 796 651 795 651 797 651 796 652 797 652 798 652 798 653 797 653 799 653 798 654 799 654 800 654 800 655 799 655 801 655 800 656 801 656 802 656 802 657 801 657 803 657 802 658 803 658 804 658 804 659 803 659 805 659 804 660 805 660 806 660 806 661 805 661 807 661 806 662 807 662 808 662 808 663 807 663 809 663 808 664 809 664 810 664 810 665 809 665 811 665 810 666 811 666 812 666 812 667 811 667 813 667 812 668 813 668 814 668 814 669 813 669 815 669 814 670 815 670 816 670 816 671 815 671 817 671 816 672 817 672 818 672 818 673 817 673 819 673 818 674 819 674 820 674 820 675 819 675 821 675 820 676 821 676 822 676 822 677 821 677 823 677 822 678 823 678 824 678 824 679 823 679 825 679 824 680 825 680 826 680 826 681 825 681 827 681 826 682 827 682 828 682 828 683 827 683 829 683 828 684 829 684 830 684 830 685 829 685 831 685 830 686 831 686 832 686 832 687 831 687 833 687 832 688 833 688 834 688 834 689 833 689 835 689 834 690 835 690 836 690 836 691 835 691 837 691 836 692 837 692 838 692 838 693 837 693 839 693 838 694 839 694 840 694 840 695 839 695 841 695 840 696 841 696 842 696 842 697 841 697 843 697 842 698 843 698 844 698 844 699 843 699 845 699 844 700 845 700 846 700 846 701 845 701 847 701 846 702 847 702 848 702 848 703 847 703 849 703 848 704 849 704 850 704 850 705 849 705 851 705 850 706 851 706 852 706 852 707 851 707 853 707 852 708 853 708 854 708 854 709 853 709 855 709 854 710 855 710 856 710 856 711 855 711 857 711 856 712 857 712 858 712 858 713 857 713 859 713 858 714 859 714 860 714 860 715 859 715 861 715 860 716 861 716 862 716 862 717 861 717 863 717 862 718 863 718 864 718 864 719 863 719 865 719 864 720 865 720 866 720 866 721 865 721 867 721 866 722 867 722 868 722 868 723 867 723 869 723 868 724 869 724 870 724 870 725 869 725 871 725 870 726 871 726 872 726 872 727 871 727 873 727 872 728 873 728 874 728 874 729 873 729 875 729 874 730 875 730 876 730 876 731 875 731 877 731 876 732 877 732 878 732 878 733 877 733 879 733 878 734 879 734 880 734 880 735 879 735 881 735 880 736 881 736 882 736 882 737 881 737 883 737 882 738 883 738 884 738 884 739 883 739 885 739 884 740 885 740 886 740 886 741 885 741 887 741 886 742 887 742 888 742 888 743 887 743 889 743 888 744 889 744 890 744 890 745 889 745 891 745 890 746 891 746 892 746 892 747 891 747 893 747 894 748 895 748 896 748 896 749 895 749 897 749 896 750 897 750 898 750 898 751 897 751 899 751 898 752 899 752 900 752 900 753 899 753 901 753 900 754 901 754 902 754 902 755 901 755 903 755 902 756 903 756 904 756 904 757 903 757 905 757 904 758 905 758 906 758 906 759 905 759 907 759 906 760 907 760 908 760 908 761 907 761 909 761 908 762 909 762 910 762 910 763 909 763 911 763 910 764 911 764 912 764 912 765 911 765 913 765 912 766 913 766 914 766 914 767 913 767 915 767 914 768 915 768 916 768 916 769 915 769 917 769 916 770 917 770 918 770 918 771 917 771 919 771 918 772 919 772 920 772 920 773 919 773 921 773 920 774 921 774 922 774 922 775 921 775 923 775 922 776 923 776 924 776 924 777 923 777 925 777 924 778 925 778 926 778 926 779 925 779 927 779 926 780 927 780 928 780 928 781 927 781 929 781 928 782 929 782 930 782 930 783 929 783 931 783 930 784 931 784 932 784 932 785 931 785 933 785 932 786 933 786 934 786 934 787 933 787 935 787 934 788 935 788 936 788 936 789 935 789 937 789 936 790 937 790 938 790 938 791 937 791 939 791 938 792 939 792 940 792 940 793 939 793 941 793 940 794 941 794 942 794 942 795 941 795 943 795 942 796 943 796 944 796 944 797 943 797 945 797 944 798 945 798 946 798 946 799 945 799 947 799 946 800 947 800 948 800 948 801 947 801 949 801 948 802 949 802 950 802 950 803 949 803 951 803 950 804 951 804 952 804 952 805 951 805 953 805 952 806 953 806 954 806 954 807 953 807 955 807 954 808 955 808 956 808 956 809 955 809 957 809 956 810 957 810 958 810 958 811 957 811 959 811 958 812 959 812 960 812 960 813 959 813 961 813 960 814 961 814 962 814 962 815 961 815 963 815 962 816 963 816 964 816 964 817 963 817 965 817 964 818 965 818 966 818 966 819 965 819 967 819 966 820 967 820 968 820 968 821 967 821 969 821 968 822 969 822 970 822 970 823 969 823 971 823 970 824 971 824 972 824 972 825 971 825 973 825 972 826 973 826 974 826 974 827 973 827 975 827 974 828 975 828 976 828 976 829 975 829 977 829 976 830 977 830 978 830 978 831 977 831 979 831 978 832 979 832 980 832 980 833 979 833 981 833 980 834 981 834 982 834 982 835 981 835 983 835 982 836 983 836 984 836 984 837 983 837 985 837 984 838 985 838 986 838 986 839 985 839 987 839 986 840 987 840 988 840 988 841 987 841 989 841 988 842 989 842 990 842 990 843 989 843 991 843 990 844 991 844 992 844 992 845 991 845 993 845 992 846 993 846 994 846 994 847 993 847 995 847 994 848 995 848 996 848 996 849 995 849 997 849 996 850 997 850 998 850 998 851 997 851 999 851 998 852 999 852 1000 852 1000 853 999 853 1001 853 1000 854 1001 854 1002 854 1002 855 1001 855 1003 855 1002 856 1003 856 1004 856 1004 857 1003 857 1005 857 1004 858 1005 858 1006 858 1006 859 1005 859 1007 859 1006 860 1007 860 1008 860 1008 861 1007 861 1009 861 1008 862 1009 862 1010 862 1010 863 1009 863 1011 863 1010 864 1011 864 1012 864 1012 865 1011 865 1013 865 1012 866 1013 866 1014 866 1014 867 1013 867 1015 867 1014 868 1015 868 1016 868 1016 869 1015 869 1017 869 1016 870 1017 870 1018 870 1018 871 1017 871 1019 871 1018 872 1019 872 1020 872 1020 873 1019 873 1021 873 1020 874 1021 874 1022 874 1022 875 1021 875 1023 875 1022 876 1023 876 1024 876 1024 877 1023 877 1025 877 1024 878 1025 878 1026 878 1026 879 1025 879 1027 879 1026 880 1027 880 1028 880 1028 881 1027 881 1029 881 1028 882 1029 882 1030 882 1030 883 1029 883 1031 883 1032 884 1033 884 1034 884 1034 885 1033 885 1035 885 1034 886 1035 886 1036 886 1036 887 1035 887 1037 887 1036 888 1037 888 1038 888 1038 889 1037 889 1039 889 1038 890 1039 890 1040 890 1040 891 1039 891 1041 891 1040 892 1041 892 1042 892 1042 893 1041 893 1043 893 1042 894 1043 894 1044 894 1044 895 1043 895 1045 895 1044 896 1045 896 1046 896 1046 897 1045 897 1047 897 1046 898 1047 898 1048 898 1048 899 1047 899 1049 899 1048 900 1049 900 1050 900 1050 901 1049 901 1051 901 1050 902 1051 902 1052 902 1052 903 1051 903 1053 903 1052 904 1053 904 1054 904 1054 905 1053 905 1055 905 1054 906 1055 906 1056 906 1056 907 1055 907 1057 907 1056 908 1057 908 1058 908 1058 909 1057 909 1059 909 1058 910 1059 910 1060 910 1060 911 1059 911 1061 911 1060 912 1061 912 1062 912 1062 913 1061 913 1063 913 1062 914 1063 914 1064 914 1064 915 1063 915 1065 915 1064 916 1065 916 1066 916 1066 917 1065 917 1067 917 1066 918 1067 918 1068 918 1068 919 1067 919 1069 919 1068 920 1069 920 1070 920 1070 921 1069 921 1071 921 1070 922 1071 922 1072 922 1072 923 1071 923 1073 923 1072 924 1073 924 1074 924 1074 925 1073 925 1075 925 1074 926 1075 926 1076 926 1076 927 1075 927 1077 927 1076 928 1077 928 1078 928 1078 929 1077 929 1079 929 1078 930 1079 930 1080 930 1080 931 1079 931 1081 931 1080 932 1081 932 1082 932 1082 933 1081 933 1083 933 1082 934 1083 934 1084 934 1084 935 1083 935 1085 935 1084 936 1085 936 1086 936 1086 937 1085 937 1087 937 1086 938 1087 938 1088 938 1088 939 1087 939 1089 939 1088 940 1089 940 1090 940 1090 941 1089 941 1091 941 1090 942 1091 942 1092 942 1092 943 1091 943 1093 943 1092 944 1093 944 1094 944 1094 945 1093 945 1095 945 1094 946 1095 946 1096 946 1096 947 1095 947 1097 947 1096 948 1097 948 1098 948 1098 949 1097 949 1099 949 1098 950 1099 950 1100 950 1100 951 1099 951 1101 951 1100 952 1101 952 1102 952 1102 953 1101 953 1103 953 1102 954 1103 954 1104 954 1104 955 1103 955 1105 955 1104 956 1105 956 1106 956 1106 957 1105 957 1107 957 1106 958 1107 958 1108 958 1108 959 1107 959 1109 959 1108 960 1109 960 1110 960 1110 961 1109 961 1111 961 1110 962 1111 962 1112 962 1112 963 1111 963 1113 963 1112 964 1113 964 1114 964 1114 965 1113 965 1115 965 1114 966 1115 966 1116 966 1116 967 1115 967 1117 967 1116 968 1117 968 1118 968 1118 969 1117 969 1119 969 1118 970 1119 970 1120 970 1120 971 1119 971 1121 971 1120 972 1121 972 1122 972 1122 973 1121 973 1123 973 1122 974 1123 974 1124 974 1124 975 1123 975 1125 975 1124 976 1125 976 1126 976 1126 977 1125 977 1127 977 1126 978 1127 978 1128 978 1128 979 1127 979 1129 979 1128 980 1129 980 1130 980 1130 981 1129 981 1131 981 1130 982 1131 982 1132 982 1132 983 1131 983 1133 983 1132 984 1133 984 1134 984 1134 985 1133 985 1135 985 1134 986 1135 986 1136 986 1136 987 1135 987 1137 987 1136 988 1137 988 1138 988 1138 989 1137 989 1139 989 1138 990 1139 990 1140 990 1140 991 1139 991 1141 991 1140 992 1141 992 1142 992 1142 993 1141 993 1143 993 1142 994 1143 994 1144 994 1144 995 1143 995 1145 995 1144 996 1145 996 1146 996 1146 997 1145 997 1147 997 1146 998 1147 998 1148 998 1148 999 1147 999 1149 999 1148 1000 1149 1000 1150 1000 1150 1001 1149 1001 1151 1001 1150 1002 1151 1002 1152 1002 1152 1003 1151 1003 1153 1003 1152 1004 1153 1004 1154 1004 1154 1005 1153 1005 1155 1005 1154 1006 1155 1006 1156 1006 1156 1007 1155 1007 1157 1007 1156 1008 1157 1008 1158 1008 1158 1009 1157 1009 1159 1009 1158 1010 1159 1010 1160 1010 1160 1011 1159 1011 1161 1011 1160 1012 1161 1012 1162 1012 1162 1013 1161 1013 1163 1013 1162 1014 1163 1014 1164 1014 1164 1015 1163 1015 1165 1015 1164 1016 1165 1016 1166 1016 1166 1017 1165 1017 1167 1017 1166 1018 1167 1018 1168 1018 1168 1019 1167 1019 1169 1019 1170 1020 1171 1020 1172 1020 1172 1021 1171 1021 1173 1021 1172 1022 1173 1022 1174 1022 1174 1023 1173 1023 1175 1023 1174 1024 1175 1024 1176 1024 1176 1025 1175 1025 1177 1025 1176 1026 1177 1026 1178 1026 1178 1027 1177 1027 1179 1027 1178 1028 1179 1028 1180 1028 1180 1029 1179 1029 1181 1029 1180 1030 1181 1030 1182 1030 1182 1031 1181 1031 1183 1031 1182 1032 1183 1032 1184 1032 1184 1033 1183 1033 1185 1033 1184 1034 1185 1034 1186 1034 1186 1035 1185 1035 1187 1035 1186 1036 1187 1036 1188 1036 1188 1037 1187 1037 1189 1037 1188 1038 1189 1038 1190 1038 1190 1039 1189 1039 1191 1039 1190 1040 1191 1040 1192 1040 1192 1041 1191 1041 1193 1041 1192 1042 1193 1042 1194 1042 1194 1043 1193 1043 1195 1043 1194 1044 1195 1044 1196 1044 1196 1045 1195 1045 1197 1045 1196 1046 1197 1046 1198 1046 1198 1047 1197 1047 1199 1047 1198 1048 1199 1048 1200 1048 1200 1049 1199 1049 1201 1049 1200 1050 1201 1050 1202 1050 1202 1051 1201 1051 1203 1051 1202 1052 1203 1052 1204 1052 1204 1053 1203 1053 1205 1053 1204 1054 1205 1054 1206 1054 1206 1055 1205 1055 1207 1055 1206 1056 1207 1056 1208 1056 1208 1057 1207 1057 1209 1057 1208 1058 1209 1058 1210 1058 1210 1059 1209 1059 1211 1059 1210 1060 1211 1060 1212 1060 1212 1061 1211 1061 1213 1061 1212 1062 1213 1062 1214 1062 1214 1063 1213 1063 1215 1063 1214 1064 1215 1064 1216 1064 1216 1065 1215 1065 1217 1065 1216 1066 1217 1066 1218 1066 1218 1067 1217 1067 1219 1067 1218 1068 1219 1068 1220 1068 1220 1069 1219 1069 1221 1069 1220 1070 1221 1070 1222 1070 1222 1071 1221 1071 1223 1071 1222 1072 1223 1072 1224 1072 1224 1073 1223 1073 1225 1073 1224 1074 1225 1074 1226 1074 1226 1075 1225 1075 1227 1075 1226 1076 1227 1076 1228 1076 1228 1077 1227 1077 1229 1077 1228 1078 1229 1078 1230 1078 1230 1079 1229 1079 1231 1079 1230 1080 1231 1080 1232 1080 1232 1081 1231 1081 1233 1081 1232 1082 1233 1082 1234 1082 1234 1083 1233 1083 1235 1083 1234 1084 1235 1084 1236 1084 1236 1085 1235 1085 1237 1085 1236 1086 1237 1086 1238 1086 1238 1087 1237 1087 1239 1087 1238 1088 1239 1088 1240 1088 1240 1089 1239 1089 1241 1089 1240 1090 1241 1090 1242 1090 1242 1091 1241 1091 1243 1091 1242 1092 1243 1092 1244 1092 1244 1093 1243 1093 1245 1093 1244 1094 1245 1094 1246 1094 1246 1095 1245 1095 1247 1095 1246 1096 1247 1096 1248 1096 1248 1097 1247 1097 1249 1097 1248 1098 1249 1098 1250 1098 1250 1099 1249 1099 1251 1099 1250 1100 1251 1100 1252 1100 1252 1101 1251 1101 1253 1101 1252 1102 1253 1102 1254 1102 1254 1103 1253 1103 1255 1103 1254 1104 1255 1104 1256 1104 1256 1105 1255 1105 1257 1105 1256 1106 1257 1106 1258 1106 1258 1107 1257 1107 1259 1107 1258 1108 1259 1108 1260 1108 1260 1109 1259 1109 1261 1109 1260 1110 1261 1110 1262 1110 1262 1111 1261 1111 1263 1111 1262 1112 1263 1112 1264 1112 1264 1113 1263 1113 1265 1113 1264 1114 1265 1114 1266 1114 1266 1115 1265 1115 1267 1115 1266 1116 1267 1116 1268 1116 1268 1117 1267 1117 1269 1117 1268 1118 1269 1118 1270 1118 1270 1119 1269 1119 1271 1119 1270 1120 1271 1120 1272 1120 1272 1121 1271 1121 1273 1121 1272 1122 1273 1122 1274 1122 1274 1123 1273 1123 1275 1123 1274 1124 1275 1124 1276 1124 1276 1125 1275 1125 1277 1125 1276 1126 1277 1126 1278 1126 1278 1127 1277 1127 1279 1127 1278 1128 1279 1128 1280 1128 1280 1129 1279 1129 1281 1129 1280 1130 1281 1130 1282 1130 1282 1131 1281 1131 1283 1131 1282 1132 1283 1132 1284 1132 1284 1133 1283 1133 1285 1133 1284 1134 1285 1134 1286 1134 1286 1135 1285 1135 1287 1135 1286 1136 1287 1136 1288 1136 1288 1137 1287 1137 1289 1137 1288 1138 1289 1138 1290 1138 1290 1139 1289 1139 1291 1139 1290 1140 1291 1140 1292 1140 1292 1141 1291 1141 1293 1141 1292 1142 1293 1142 1294 1142 1294 1143 1293 1143 1295 1143 1294 1144 1295 1144 1296 1144 1296 1145 1295 1145 1297 1145 1296 1146 1297 1146 1298 1146 1298 1147 1297 1147 1299 1147 1298 1148 1299 1148 1300 1148 1300 1149 1299 1149 1301 1149 1300 1150 1301 1150 1302 1150 1302 1151 1301 1151 1303 1151 1302 1152 1303 1152 1304 1152 1304 1153 1303 1153 1305 1153 1304 1154 1305 1154 1306 1154 1306 1155 1305 1155 1307 1155 1308 1156 1309 1156 1310 1156 1310 1157 1309 1157 1311 1157 1310 1158 1311 1158 1312 1158 1312 1159 1311 1159 1313 1159 1312 1160 1313 1160 1314 1160 1314 1161 1313 1161 1315 1161 1314 1162 1315 1162 1316 1162 1316 1163 1315 1163 1317 1163 1316 1164 1317 1164 1318 1164 1318 1165 1317 1165 1319 1165 1318 1166 1319 1166 1320 1166 1320 1167 1319 1167 1321 1167 1320 1168 1321 1168 1322 1168 1322 1169 1321 1169 1323 1169 1322 1170 1323 1170 1324 1170 1324 1171 1323 1171 1325 1171 1324 1172 1325 1172 1326 1172 1326 1173 1325 1173 1327 1173 1326 1174 1327 1174 1328 1174 1328 1175 1327 1175 1329 1175 1328 1176 1329 1176 1330 1176 1330 1177 1329 1177 1331 1177 1330 1178 1331 1178 1332 1178 1332 1179 1331 1179 1333 1179 1332 1180 1333 1180 1334 1180 1334 1181 1333 1181 1335 1181 1334 1182 1335 1182 1336 1182 1336 1183 1335 1183 1337 1183 1336 1184 1337 1184 1338 1184 1338 1185 1337 1185 1339 1185 1338 1186 1339 1186 1340 1186 1340 1187 1339 1187 1341 1187 1340 1188 1341 1188 1342 1188 1342 1189 1341 1189 1343 1189 1342 1190 1343 1190 1344 1190 1344 1191 1343 1191 1345 1191 1344 1192 1345 1192 1346 1192 1346 1193 1345 1193 1347 1193 1346 1194 1347 1194 1348 1194 1348 1195 1347 1195 1349 1195 1348 1196 1349 1196 1350 1196 1350 1197 1349 1197 1351 1197 1350 1198 1351 1198 1352 1198 1352 1199 1351 1199 1353 1199 1352 1200 1353 1200 1354 1200 1354 1201 1353 1201 1355 1201 1354 1202 1355 1202 1356 1202 1356 1203 1355 1203 1357 1203 1356 1204 1357 1204 1358 1204 1358 1205 1357 1205 1359 1205 1358 1206 1359 1206 1360 1206 1360 1207 1359 1207 1361 1207 1360 1208 1361 1208 1362 1208 1362 1209 1361 1209 1363 1209 1362 1210 1363 1210 1364 1210 1364 1211 1363 1211 1365 1211 1364 1212 1365 1212 1366 1212 1366 1213 1365 1213 1367 1213 1366 1214 1367 1214 1368 1214 1368 1215 1367 1215 1369 1215 1368 1216 1369 1216 1370 1216 1370 1217 1369 1217 1371 1217 1370 1218 1371 1218 1372 1218 1372 1219 1371 1219 1373 1219 1372 1220 1373 1220 1374 1220 1374 1221 1373 1221 1375 1221 1374 1222 1375 1222 1376 1222 1376 1223 1375 1223 1377 1223 1376 1224 1377 1224 1378 1224 1378 1225 1377 1225 1379 1225 1378 1226 1379 1226 1380 1226 1380 1227 1379 1227 1381 1227 1380 1228 1381 1228 1382 1228 1382 1229 1381 1229 1383 1229 1382 1230 1383 1230 1384 1230 1384 1231 1383 1231 1385 1231 1384 1232 1385 1232 1386 1232 1386 1233 1385 1233 1387 1233 1386 1234 1387 1234 1388 1234 1388 1235 1387 1235 1389 1235 1388 1236 1389 1236 1390 1236 1390 1237 1389 1237 1391 1237 1390 1238 1391 1238 1392 1238 1392 1239 1391 1239 1393 1239 1392 1240 1393 1240 1394 1240 1394 1241 1393 1241 1395 1241 1394 1242 1395 1242 1396 1242 1396 1243 1395 1243 1397 1243 1396 1244 1397 1244 1398 1244 1398 1245 1397 1245 1399 1245 1398 1246 1399 1246 1400 1246 1400 1247 1399 1247 1401 1247 1400 1248 1401 1248 1402 1248 1402 1249 1401 1249 1403 1249 1402 1250 1403 1250 1404 1250 1404 1251 1403 1251 1405 1251 1404 1252 1405 1252 1406 1252 1406 1253 1405 1253 1407 1253 1406 1254 1407 1254 1408 1254 1408 1255 1407 1255 1409 1255 1408 1256 1409 1256 1410 1256 1410 1257 1409 1257 1411 1257 1410 1258 1411 1258 1412 1258 1412 1259 1411 1259 1413 1259 1412 1260 1413 1260 1414 1260 1414 1261 1413 1261 1415 1261 1414 1262 1415 1262 1416 1262 1416 1263 1415 1263 1417 1263 1416 1264 1417 1264 1418 1264 1418 1265 1417 1265 1419 1265 1418 1266 1419 1266 1420 1266 1420 1267 1419 1267 1421 1267 1420 1268 1421 1268 1422 1268 1422 1269 1421 1269 1423 1269 1422 1270 1423 1270 1424 1270 1424 1271 1423 1271 1425 1271 1424 1272 1425 1272 1426 1272 1426 1273 1425 1273 1427 1273 1426 1274 1427 1274 1428 1274 1428 1275 1427 1275 1429 1275 1428 1276 1429 1276 1430 1276 1430 1277 1429 1277 1431 1277 1430 1278 1431 1278 1432 1278 1432 1279 1431 1279 1433 1279 1432 1280 1433 1280 1434 1280 1434 1281 1433 1281 1435 1281 1434 1282 1435 1282 1436 1282 1436 1283 1435 1283 1437 1283 1436 1284 1437 1284 1438 1284 1438 1285 1437 1285 1439 1285 1438 1286 1439 1286 1440 1286 1440 1287 1439 1287 1441 1287 1440 1288 1441 1288 1442 1288 1442 1289 1441 1289 1443 1289 1442 1290 1443 1290 1444 1290 1444 1291 1443 1291 1445 1291 1446 1292 1447 1292 1448 1292 1448 1293 1447 1293 1449 1293 1448 1294 1449 1294 1450 1294 1450 1295 1449 1295 1451 1295 1450 1296 1451 1296 1452 1296 1452 1297 1451 1297 1453 1297 1452 1298 1453 1298 1454 1298 1454 1299 1453 1299 1455 1299 1454 1300 1455 1300 1456 1300 1456 1301 1455 1301 1457 1301 1456 1302 1457 1302 1458 1302 1458 1303 1457 1303 1459 1303 1458 1304 1459 1304 1460 1304 1460 1305 1459 1305 1461 1305 1460 1306 1461 1306 1462 1306 1462 1307 1461 1307 1463 1307 1462 1308 1463 1308 1464 1308 1464 1309 1463 1309 1465 1309 1464 1310 1465 1310 1466 1310 1466 1311 1465 1311 1467 1311 1466 1312 1467 1312 1468 1312 1468 1313 1467 1313 1469 1313 1468 1314 1469 1314 1470 1314 1470 1315 1469 1315 1471 1315 1470 1316 1471 1316 1472 1316 1472 1317 1471 1317 1473 1317 1472 1318 1473 1318 1474 1318 1474 1319 1473 1319 1475 1319 1474 1320 1475 1320 1476 1320 1476 1321 1475 1321 1477 1321 1476 1322 1477 1322 1478 1322 1478 1323 1477 1323 1479 1323 1478 1324 1479 1324 1480 1324 1480 1325 1479 1325 1481 1325 1480 1326 1481 1326 1482 1326 1482 1327 1481 1327 1483 1327 1482 1328 1483 1328 1484 1328 1484 1329 1483 1329 1485 1329 1484 1330 1485 1330 1486 1330 1486 1331 1485 1331 1487 1331 1486 1332 1487 1332 1488 1332 1488 1333 1487 1333 1489 1333 1488 1334 1489 1334 1490 1334 1490 1335 1489 1335 1491 1335 1490 1336 1491 1336 1492 1336 1492 1337 1491 1337 1493 1337 1492 1338 1493 1338 1494 1338 1494 1339 1493 1339 1495 1339 1494 1340 1495 1340 1496 1340 1496 1341 1495 1341 1497 1341 1496 1342 1497 1342 1498 1342 1498 1343 1497 1343 1499 1343 1498 1344 1499 1344 1500 1344 1500 1345 1499 1345 1501 1345 1500 1346 1501 1346 1502 1346 1502 1347 1501 1347 1503 1347 1502 1348 1503 1348 1504 1348 1504 1349 1503 1349 1505 1349 1504 1350 1505 1350 1506 1350 1506 1351 1505 1351 1507 1351 1506 1352 1507 1352 1508 1352 1508 1353 1507 1353 1509 1353 1508 1354 1509 1354 1510 1354 1510 1355 1509 1355 1511 1355 1510 1356 1511 1356 1512 1356 1512 1357 1511 1357 1513 1357 1512 1358 1513 1358 1514 1358 1514 1359 1513 1359 1515 1359 1514 1360 1515 1360 1516 1360 1516 1361 1515 1361 1517 1361 1516 1362 1517 1362 1518 1362 1518 1363 1517 1363 1519 1363 1518 1364 1519 1364 1520 1364 1520 1365 1519 1365 1521 1365 1520 1366 1521 1366 1522 1366 1522 1367 1521 1367 1523 1367 1522 1368 1523 1368 1524 1368 1524 1369 1523 1369 1525 1369 1524 1370 1525 1370 1526 1370 1526 1371 1525 1371 1527 1371 1526 1372 1527 1372 1528 1372 1528 1373 1527 1373 1529 1373 1528 1374 1529 1374 1530 1374 1530 1375 1529 1375 1531 1375 1530 1376 1531 1376 1532 1376 1532 1377 1531 1377 1533 1377 1532 1378 1533 1378 1534 1378 1534 1379 1533 1379 1535 1379 1534 1380 1535 1380 1536 1380 1536 1381 1535 1381 1537 1381 1536 1382 1537 1382 1538 1382 1538 1383 1537 1383 1539 1383 1538 1384 1539 1384 1540 1384 1540 1385 1539 1385 1541 1385 1540 1386 1541 1386 1542 1386 1542 1387 1541 1387 1543 1387 1542 1388 1543 1388 1544 1388 1544 1389 1543 1389 1545 1389 1544 1390 1545 1390 1546 1390 1546 1391 1545 1391 1547 1391 1546 1392 1547 1392 1548 1392 1548 1393 1547 1393 1549 1393 1548 1394 1549 1394 1550 1394 1550 1395 1549 1395 1551 1395 1550 1396 1551 1396 1552 1396 1552 1397 1551 1397 1553 1397 1552 1398 1553 1398 1554 1398 1554 1399 1553 1399 1555 1399 1554 1400 1555 1400 1556 1400 1556 1401 1555 1401 1557 1401 1556 1402 1557 1402 1558 1402 1558 1403 1557 1403 1559 1403 1558 1404 1559 1404 1560 1404 1560 1405 1559 1405 1561 1405 1560 1406 1561 1406 1562 1406 1562 1407 1561 1407 1563 1407 1562 1408 1563 1408 1564 1408 1564 1409 1563 1409 1565 1409 1564 1410 1565 1410 1566 1410 1566 1411 1565 1411 1567 1411 1566 1412 1567 1412 1568 1412 1568 1413 1567 1413 1569 1413 1568 1414 1569 1414 1570 1414 1570 1415 1569 1415 1571 1415 1570 1416 1571 1416 1572 1416 1572 1417 1571 1417 1573 1417 1572 1418 1573 1418 1574 1418 1574 1419 1573 1419 1575 1419 1574 1420 1575 1420 1576 1420 1576 1421 1575 1421 1577 1421 1576 1422 1577 1422 1578 1422 1578 1423 1577 1423 1579 1423 1578 1424 1579 1424 1580 1424 1580 1425 1579 1425 1581 1425 1580 1426 1581 1426 1582 1426 1582 1427 1581 1427 1583 1427 1584 1428 1585 1428 1586 1428 1586 1429 1585 1429 1587 1429 1586 1430 1587 1430 1588 1430 1588 1431 1587 1431 1589 1431 1588 1432 1589 1432 1590 1432 1590 1433 1589 1433 1591 1433 1590 1434 1591 1434 1592 1434 1592 1435 1591 1435 1593 1435 1592 1436 1593 1436 1594 1436 1594 1437 1593 1437 1595 1437 1594 1438 1595 1438 1596 1438 1596 1439 1595 1439 1597 1439 1596 1440 1597 1440 1598 1440 1598 1441 1597 1441 1599 1441 1598 1442 1599 1442 1600 1442 1600 1443 1599 1443 1601 1443 1600 1444 1601 1444 1602 1444 1602 1445 1601 1445 1603 1445 1602 1446 1603 1446 1604 1446 1604 1447 1603 1447 1605 1447 1604 1448 1605 1448 1606 1448 1606 1449 1605 1449 1607 1449 1606 1450 1607 1450 1608 1450 1608 1451 1607 1451 1609 1451 1608 1452 1609 1452 1610 1452 1610 1453 1609 1453 1611 1453 1610 1454 1611 1454 1612 1454 1612 1455 1611 1455 1613 1455 1612 1456 1613 1456 1614 1456 1614 1457 1613 1457 1615 1457 1614 1458 1615 1458 1616 1458 1616 1459 1615 1459 1617 1459 1616 1460 1617 1460 1618 1460 1618 1461 1617 1461 1619 1461 1618 1462 1619 1462 1620 1462 1620 1463 1619 1463 1621 1463 1620 1464 1621 1464 1622 1464 1622 1465 1621 1465 1623 1465 1622 1466 1623 1466 1624 1466 1624 1467 1623 1467 1625 1467 1624 1468 1625 1468 1626 1468 1626 1469 1625 1469 1627 1469 1626 1470 1627 1470 1628 1470 1628 1471 1627 1471 1629 1471 1628 1472 1629 1472 1630 1472 1630 1473 1629 1473 1631 1473 1630 1474 1631 1474 1632 1474 1632 1475 1631 1475 1633 1475 1632 1476 1633 1476 1634 1476 1634 1477 1633 1477 1635 1477 1634 1478 1635 1478 1636 1478 1636 1479 1635 1479 1637 1479 1636 1480 1637 1480 1638 1480 1638 1481 1637 1481 1639 1481 1638 1482 1639 1482 1640 1482 1640 1483 1639 1483 1641 1483 1640 1484 1641 1484 1642 1484 1642 1485 1641 1485 1643 1485 1642 1486 1643 1486 1644 1486 1644 1487 1643 1487 1645 1487 1644 1488 1645 1488 1646 1488 1646 1489 1645 1489 1647 1489 1646 1490 1647 1490 1648 1490 1648 1491 1647 1491 1649 1491 1648 1492 1649 1492 1650 1492 1650 1493 1649 1493 1651 1493 1650 1494 1651 1494 1652 1494 1652 1495 1651 1495 1653 1495 1652 1496 1653 1496 1654 1496 1654 1497 1653 1497 1655 1497 1654 1498 1655 1498 1656 1498 1656 1499 1655 1499 1657 1499 1656 1500 1657 1500 1658 1500 1658 1501 1657 1501 1659 1501 1658 1502 1659 1502 1660 1502 1660 1503 1659 1503 1661 1503 1660 1504 1661 1504 1662 1504 1662 1505 1661 1505 1663 1505 1662 1506 1663 1506 1664 1506 1664 1507 1663 1507 1665 1507 1664 1508 1665 1508 1666 1508 1666 1509 1665 1509 1667 1509 1666 1510 1667 1510 1668 1510 1668 1511 1667 1511 1669 1511 1668 1512 1669 1512 1670 1512 1670 1513 1669 1513 1671 1513 1670 1514 1671 1514 1672 1514 1672 1515 1671 1515 1673 1515 1672 1516 1673 1516 1674 1516 1674 1517 1673 1517 1675 1517 1674 1518 1675 1518 1676 1518 1676 1519 1675 1519 1677 1519 1676 1520 1677 1520 1678 1520 1678 1521 1677 1521 1679 1521 1678 1522 1679 1522 1680 1522 1680 1523 1679 1523 1681 1523 1680 1524 1681 1524 1682 1524 1682 1525 1681 1525 1683 1525 1682 1526 1683 1526 1684 1526 1684 1527 1683 1527 1685 1527 1684 1528 1685 1528 1686 1528 1686 1529 1685 1529 1687 1529 1686 1530 1687 1530 1688 1530 1688 1531 1687 1531 1689 1531 1688 1532 1689 1532 1690 1532 1690 1533 1689 1533 1691 1533 1690 1534 1691 1534 1692 1534 1692 1535 1691 1535 1693 1535 1692 1536 1693 1536 1694 1536 1694 1537 1693 1537 1695 1537 1694 1538 1695 1538 1696 1538 1696 1539 1695 1539 1697 1539 1696 1540 1697 1540 1698 1540 1698 1541 1697 1541 1699 1541 1698 1542 1699 1542 1700 1542 1700 1543 1699 1543 1701 1543 1700 1544 1701 1544 1702 1544 1702 1545 1701 1545 1703 1545 1702 1546 1703 1546 1704 1546 1704 1547 1703 1547 1705 1547 1704 1548 1705 1548 1706 1548 1706 1549 1705 1549 1707 1549 1706 1550 1707 1550 1708 1550 1708 1551 1707 1551 1709 1551 1708 1552 1709 1552 1710 1552 1710 1553 1709 1553 1711 1553 1710 1554 1711 1554 1712 1554 1712 1555 1711 1555 1713 1555 1712 1556 1713 1556 1714 1556 1714 1557 1713 1557 1715 1557 1714 1558 1715 1558 1716 1558 1716 1559 1715 1559 1717 1559 1716 1560 1717 1560 1718 1560 1718 1561 1717 1561 1719 1561 1718 1562 1719 1562 1720 1562 1720 1563 1719 1563 1721 1563 1722 1564 1723 1564 1724 1564 1724 1565 1723 1565 1725 1565 1724 1566 1725 1566 1726 1566 1726 1567 1725 1567 1727 1567 1726 1568 1727 1568 1728 1568 1728 1569 1727 1569 1729 1569 1728 1570 1729 1570 1730 1570 1730 1571 1729 1571 1731 1571 1730 1572 1731 1572 1732 1572 1732 1573 1731 1573 1733 1573 1732 1574 1733 1574 1734 1574 1734 1575 1733 1575 1735 1575 1734 1576 1735 1576 1736 1576 1736 1577 1735 1577 1737 1577 1736 1578 1737 1578 1738 1578 1738 1579 1737 1579 1739 1579 1738 1580 1739 1580 1740 1580 1740 1581 1739 1581 1741 1581 1740 1582 1741 1582 1742 1582 1742 1583 1741 1583 1743 1583 1742 1584 1743 1584 1744 1584 1744 1585 1743 1585 1745 1585 1744 1586 1745 1586 1746 1586 1746 1587 1745 1587 1747 1587 1746 1588 1747 1588 1748 1588 1748 1589 1747 1589 1749 1589 1748 1590 1749 1590 1750 1590 1750 1591 1749 1591 1751 1591 1750 1592 1751 1592 1752 1592 1752 1593 1751 1593 1753 1593 1752 1594 1753 1594 1754 1594 1754 1595 1753 1595 1755 1595 1754 1596 1755 1596 1756 1596 1756 1597 1755 1597 1757 1597 1756 1598 1757 1598 1758 1598 1758 1599 1757 1599 1759 1599 1758 1600 1759 1600 1760 1600 1760 1601 1759 1601 1761 1601 1760 1602 1761 1602 1762 1602 1762 1603 1761 1603 1763 1603 1762 1604 1763 1604 1764 1604 1764 1605 1763 1605 1765 1605 1764 1606 1765 1606 1766 1606 1766 1607 1765 1607 1767 1607 1766 1608 1767 1608 1768 1608 1768 1609 1767 1609 1769 1609 1768 1610 1769 1610 1770 1610 1770 1611 1769 1611 1771 1611 1770 1612 1771 1612 1772 1612 1772 1613 1771 1613 1773 1613 1772 1614 1773 1614 1774 1614 1774 1615 1773 1615 1775 1615 1774 1616 1775 1616 1776 1616 1776 1617 1775 1617 1777 1617 1776 1618 1777 1618 1778 1618 1778 1619 1777 1619 1779 1619 1778 1620 1779 1620 1780 1620 1780 1621 1779 1621 1781 1621 1780 1622 1781 1622 1782 1622 1782 1623 1781 1623 1783 1623 1782 1624 1783 1624 1784 1624 1784 1625 1783 1625 1785 1625 1784 1626 1785 1626 1786 1626 1786 1627 1785 1627 1787 1627 1786 1628 1787 1628 1788 1628 1788 1629 1787 1629 1789 1629 1788 1630 1789 1630 1790 1630 1790 1631 1789 1631 1791 1631 1790 1632 1791 1632 1792 1632 1792 1633 1791 1633 1793 1633 1792 1634 1793 1634 1794 1634 1794 1635 1793 1635 1795 1635 1794 1636 1795 1636 1796 1636 1796 1637 1795 1637 1797 1637 1796 1638 1797 1638 1798 1638 1798 1639 1797 1639 1799 1639 1798 1640 1799 1640 1800 1640 1800 1641 1799 1641 1801 1641 1800 1642 1801 1642 1802 1642 1802 1643 1801 1643 1803 1643 1802 1644 1803 1644 1804 1644 1804 1645 1803 1645 1805 1645 1804 1646 1805 1646 1806 1646 1806 1647 1805 1647 1807 1647 1806 1648 1807 1648 1808 1648 1808 1649 1807 1649 1809 1649 1808 1650 1809 1650 1810 1650 1810 1651 1809 1651 1811 1651 1810 1652 1811 1652 1812 1652 1812 1653 1811 1653 1813 1653 1812 1654 1813 1654 1814 1654 1814 1655 1813 1655 1815 1655 1814 1656 1815 1656 1816 1656 1816 1657 1815 1657 1817 1657 1816 1658 1817 1658 1818 1658 1818 1659 1817 1659 1819 1659 1818 1660 1819 1660 1820 1660 1820 1661 1819 1661 1821 1661 1820 1662 1821 1662 1822 1662 1822 1663 1821 1663 1823 1663 1822 1664 1823 1664 1824 1664 1824 1665 1823 1665 1825 1665 1824 1666 1825 1666 1826 1666 1826 1667 1825 1667 1827 1667 1826 1668 1827 1668 1828 1668 1828 1669 1827 1669 1829 1669 1828 1670 1829 1670 1830 1670 1830 1671 1829 1671 1831 1671 1830 1672 1831 1672 1832 1672 1832 1673 1831 1673 1833 1673 1832 1674 1833 1674 1834 1674 1834 1675 1833 1675 1835 1675 1834 1676 1835 1676 1836 1676 1836 1677 1835 1677 1837 1677 1836 1678 1837 1678 1838 1678 1838 1679 1837 1679 1839 1679 1838 1680 1839 1680 1840 1680 1840 1681 1839 1681 1841 1681 1840 1682 1841 1682 1842 1682 1842 1683 1841 1683 1843 1683 1842 1684 1843 1684 1844 1684 1844 1685 1843 1685 1845 1685 1844 1686 1845 1686 1846 1686 1846 1687 1845 1687 1847 1687 1846 1688 1847 1688 1848 1688 1848 1689 1847 1689 1849 1689 1848 1690 1849 1690 1850 1690 1850 1691 1849 1691 1851 1691 1850 1692 1851 1692 1852 1692 1852 1693 1851 1693 1853 1693 1852 1694 1853 1694 1854 1694 1854 1695 1853 1695 1855 1695 1854 1696 1855 1696 1856 1696 1856 1697 1855 1697 1857 1697 1856 1698 1857 1698 1858 1698 1858 1699 1857 1699 1859 1699 1860 1700 1861 1700 1862 1700 1862 1701 1861 1701 1863 1701 1862 1702 1863 1702 1864 1702 1864 1703 1863 1703 1865 1703 1864 1704 1865 1704 1866 1704 1866 1705 1865 1705 1867 1705 1866 1706 1867 1706 1868 1706 1868 1707 1867 1707 1869 1707 1868 1708 1869 1708 1870 1708 1870 1709 1869 1709 1871 1709 1870 1710 1871 1710 1872 1710 1872 1711 1871 1711 1873 1711 1872 1712 1873 1712 1874 1712 1874 1713 1873 1713 1875 1713 1874 1714 1875 1714 1876 1714 1876 1715 1875 1715 1877 1715 1876 1716 1877 1716 1878 1716 1878 1717 1877 1717 1879 1717 1878 1718 1879 1718 1880 1718 1880 1719 1879 1719 1881 1719 1880 1720 1881 1720 1882 1720 1882 1721 1881 1721 1883 1721 1882 1722 1883 1722 1884 1722 1884 1723 1883 1723 1885 1723 1884 1724 1885 1724 1886 1724 1886 1725 1885 1725 1887 1725 1886 1726 1887 1726 1888 1726 1888 1727 1887 1727 1889 1727 1888 1728 1889 1728 1890 1728 1890 1729 1889 1729 1891 1729 1890 1730 1891 1730 1892 1730 1892 1731 1891 1731 1893 1731 1892 1732 1893 1732 1894 1732 1894 1733 1893 1733 1895 1733 1894 1734 1895 1734 1896 1734 1896 1735 1895 1735 1897 1735 1896 1736 1897 1736 1898 1736 1898 1737 1897 1737 1899 1737 1898 1738 1899 1738 1900 1738 1900 1739 1899 1739 1901 1739 1900 1740 1901 1740 1902 1740 1902 1741 1901 1741 1903 1741 1902 1742 1903 1742 1904 1742 1904 1743 1903 1743 1905 1743 1904 1744 1905 1744 1906 1744 1906 1745 1905 1745 1907 1745 1906 1746 1907 1746 1908 1746 1908 1747 1907 1747 1909 1747 1908 1748 1909 1748 1910 1748 1910 1749 1909 1749 1911 1749 1910 1750 1911 1750 1912 1750 1912 1751 1911 1751 1913 1751 1912 1752 1913 1752 1914 1752 1914 1753 1913 1753 1915 1753 1914 1754 1915 1754 1916 1754 1916 1755 1915 1755 1917 1755 1916 1756 1917 1756 1918 1756 1918 1757 1917 1757 1919 1757 1918 1758 1919 1758 1920 1758 1920 1759 1919 1759 1921 1759 1920 1760 1921 1760 1922 1760 1922 1761 1921 1761 1923 1761 1922 1762 1923 1762 1924 1762 1924 1763 1923 1763 1925 1763 1924 1764 1925 1764 1926 1764 1926 1765 1925 1765 1927 1765 1926 1766 1927 1766 1928 1766 1928 1767 1927 1767 1929 1767 1928 1768 1929 1768 1930 1768 1930 1769 1929 1769 1931 1769 1930 1770 1931 1770 1932 1770 1932 1771 1931 1771 1933 1771 1932 1772 1933 1772 1934 1772 1934 1773 1933 1773 1935 1773 1934 1774 1935 1774 1936 1774 1936 1775 1935 1775 1937 1775 1936 1776 1937 1776 1938 1776 1938 1777 1937 1777 1939 1777 1938 1778 1939 1778 1940 1778 1940 1779 1939 1779 1941 1779 1940 1780 1941 1780 1942 1780 1942 1781 1941 1781 1943 1781 1942 1782 1943 1782 1944 1782 1944 1783 1943 1783 1945 1783 1944 1784 1945 1784 1946 1784 1946 1785 1945 1785 1947 1785 1946 1786 1947 1786 1948 1786 1948 1787 1947 1787 1949 1787 1948 1788 1949 1788 1950 1788 1950 1789 1949 1789 1951 1789 1950 1790 1951 1790 1952 1790 1952 1791 1951 1791 1953 1791 1952 1792 1953 1792 1954 1792 1954 1793 1953 1793 1955 1793 1954 1794 1955 1794 1956 1794 1956 1795 1955 1795 1957 1795 1956 1796 1957 1796 1958 1796 1958 1797 1957 1797 1959 1797 1958 1798 1959 1798 1960 1798 1960 1799 1959 1799 1961 1799 1960 1800 1961 1800 1962 1800 1962 1801 1961 1801 1963 1801 1962 1802 1963 1802 1964 1802 1964 1803 1963 1803 1965 1803 1964 1804 1965 1804 1966 1804 1966 1805 1965 1805 1967 1805 1966 1806 1967 1806 1968 1806 1968 1807 1967 1807 1969 1807 1968 1808 1969 1808 1970 1808 1970 1809 1969 1809 1971 1809 1970 1810 1971 1810 1972 1810 1972 1811 1971 1811 1973 1811 1972 1812 1973 1812 1974 1812 1974 1813 1973 1813 1975 1813 1974 1814 1975 1814 1976 1814 1976 1815 1975 1815 1977 1815 1976 1816 1977 1816 1978 1816 1978 1817 1977 1817 1979 1817 1978 1818 1979 1818 1980 1818 1980 1819 1979 1819 1981 1819 1980 1820 1981 1820 1982 1820 1982 1821 1981 1821 1983 1821 1982 1822 1983 1822 1984 1822 1984 1823 1983 1823 1985 1823 1984 1824 1985 1824 1986 1824 1986 1825 1985 1825 1987 1825 1986 1826 1987 1826 1988 1826 1988 1827 1987 1827 1989 1827 1988 1828 1989 1828 1990 1828 1990 1829 1989 1829 1991 1829 1990 1830 1991 1830 1992 1830 1992 1831 1991 1831 1993 1831 1992 1832 1993 1832 1994 1832 1994 1833 1993 1833 1995 1833 1994 1834 1995 1834 1996 1834 1996 1835 1995 1835 1997 1835 1998 1836 1999 1836 2000 1836 2000 1837 1999 1837 2001 1837 2000 1838 2001 1838 2002 1838 2002 1839 2001 1839 2003 1839 2002 1840 2003 1840 2004 1840 2004 1841 2003 1841 2005 1841 2004 1842 2005 1842 2006 1842 2006 1843 2005 1843 2007 1843 2006 1844 2007 1844 2008 1844 2008 1845 2007 1845 2009 1845 2008 1846 2009 1846 2010 1846 2010 1847 2009 1847 2011 1847 2010 1848 2011 1848 2012 1848 2012 1849 2011 1849 2013 1849 2012 1850 2013 1850 2014 1850 2014 1851 2013 1851 2015 1851 2014 1852 2015 1852 2016 1852 2016 1853 2015 1853 2017 1853 2016 1854 2017 1854 2018 1854 2018 1855 2017 1855 2019 1855 2018 1856 2019 1856 2020 1856 2020 1857 2019 1857 2021 1857 2020 1858 2021 1858 2022 1858 2022 1859 2021 1859 2023 1859 2022 1860 2023 1860 2024 1860 2024 1861 2023 1861 2025 1861 2024 1862 2025 1862 2026 1862 2026 1863 2025 1863 2027 1863 2026 1864 2027 1864 2028 1864 2028 1865 2027 1865 2029 1865 2028 1866 2029 1866 2030 1866 2030 1867 2029 1867 2031 1867 2030 1868 2031 1868 2032 1868 2032 1869 2031 1869 2033 1869 2032 1870 2033 1870 2034 1870 2034 1871 2033 1871 2035 1871 2034 1872 2035 1872 2036 1872 2036 1873 2035 1873 2037 1873 2036 1874 2037 1874 2038 1874 2038 1875 2037 1875 2039 1875 2038 1876 2039 1876 2040 1876 2040 1877 2039 1877 2041 1877 2040 1878 2041 1878 2042 1878 2042 1879 2041 1879 2043 1879 2042 1880 2043 1880 2044 1880 2044 1881 2043 1881 2045 1881 2044 1882 2045 1882 2046 1882 2046 1883 2045 1883 2047 1883 2046 1884 2047 1884 2048 1884 2048 1885 2047 1885 2049 1885 2048 1886 2049 1886 2050 1886 2050 1887 2049 1887 2051 1887 2050 1888 2051 1888 2052 1888 2052 1889 2051 1889 2053 1889 2052 1890 2053 1890 2054 1890 2054 1891 2053 1891 2055 1891 2054 1892 2055 1892 2056 1892 2056 1893 2055 1893 2057 1893 2056 1894 2057 1894 2058 1894 2058 1895 2057 1895 2059 1895 2058 1896 2059 1896 2060 1896 2060 1897 2059 1897 2061 1897 2060 1898 2061 1898 2062 1898 2062 1899 2061 1899 2063 1899 2062 1900 2063 1900 2064 1900 2064 1901 2063 1901 2065 1901 2064 1902 2065 1902 2066 1902 2066 1903 2065 1903 2067 1903 2066 1904 2067 1904 2068 1904 2068 1905 2067 1905 2069 1905 2068 1906 2069 1906 2070 1906 2070 1907 2069 1907 2071 1907 2070 1908 2071 1908 2072 1908 2072 1909 2071 1909 2073 1909 2072 1910 2073 1910 2074 1910 2074 1911 2073 1911 2075 1911 2074 1912 2075 1912 2076 1912 2076 1913 2075 1913 2077 1913 2076 1914 2077 1914 2078 1914 2078 1915 2077 1915 2079 1915 2078 1916 2079 1916 2080 1916 2080 1917 2079 1917 2081 1917 2080 1918 2081 1918 2082 1918 2082 1919 2081 1919 2083 1919 2082 1920 2083 1920 2084 1920 2084 1921 2083 1921 2085 1921 2084 1922 2085 1922 2086 1922 2086 1923 2085 1923 2087 1923 2086 1924 2087 1924 2088 1924 2088 1925 2087 1925 2089 1925 2088 1926 2089 1926 2090 1926 2090 1927 2089 1927 2091 1927 2090 1928 2091 1928 2092 1928 2092 1929 2091 1929 2093 1929 2092 1930 2093 1930 2094 1930 2094 1931 2093 1931 2095 1931 2094 1932 2095 1932 2096 1932 2096 1933 2095 1933 2097 1933 2096 1934 2097 1934 2098 1934 2098 1935 2097 1935 2099 1935 2098 1936 2099 1936 2100 1936 2100 1937 2099 1937 2101 1937 2100 1938 2101 1938 2102 1938 2102 1939 2101 1939 2103 1939 2102 1940 2103 1940 2104 1940 2104 1941 2103 1941 2105 1941 2104 1942 2105 1942 2106 1942 2106 1943 2105 1943 2107 1943 2106 1944 2107 1944 2108 1944 2108 1945 2107 1945 2109 1945 2108 1946 2109 1946 2110 1946 2110 1947 2109 1947 2111 1947 2110 1948 2111 1948 2112 1948 2112 1949 2111 1949 2113 1949 2112 1950 2113 1950 2114 1950 2114 1951 2113 1951 2115 1951 2114 1952 2115 1952 2116 1952 2116 1953 2115 1953 2117 1953 2116 1954 2117 1954 2118 1954 2118 1955 2117 1955 2119 1955 2118 1956 2119 1956 2120 1956 2120 1957 2119 1957 2121 1957 2120 1958 2121 1958 2122 1958 2122 1959 2121 1959 2123 1959 2122 1960 2123 1960 2124 1960 2124 1961 2123 1961 2125 1961 2124 1962 2125 1962 2126 1962 2126 1963 2125 1963 2127 1963 2126 1964 2127 1964 2128 1964 2128 1965 2127 1965 2129 1965 2128 1966 2129 1966 2130 1966 2130 1967 2129 1967 2131 1967 2130 1968 2131 1968 2132 1968 2132 1969 2131 1969 2133 1969 2132 1970 2133 1970 2134 1970 2134 1971 2133 1971 2135 1971 2136 1972 2137 1972 2138 1972 2138 1973 2137 1973 2139 1973 2138 1974 2139 1974 2140 1974 2140 1975 2139 1975 2141 1975 2140 1976 2141 1976 2142 1976 2142 1977 2141 1977 2143 1977 2142 1978 2143 1978 2144 1978 2144 1979 2143 1979 2145 1979 2144 1980 2145 1980 2146 1980 2146 1981 2145 1981 2147 1981 2146 1982 2147 1982 2148 1982 2148 1983 2147 1983 2149 1983 2148 1984 2149 1984 2150 1984 2150 1985 2149 1985 2151 1985 2150 1986 2151 1986 2152 1986 2152 1987 2151 1987 2153 1987 2152 1988 2153 1988 2154 1988 2154 1989 2153 1989 2155 1989 2154 1990 2155 1990 2156 1990 2156 1991 2155 1991 2157 1991 2156 1992 2157 1992 2158 1992 2158 1993 2157 1993 2159 1993 2158 1994 2159 1994 2160 1994 2160 1995 2159 1995 2161 1995 2160 1996 2161 1996 2162 1996 2162 1997 2161 1997 2163 1997 2162 1998 2163 1998 2164 1998 2164 1999 2163 1999 2165 1999 2164 2000 2165 2000 2166 2000 2166 2001 2165 2001 2167 2001 2166 2002 2167 2002 2168 2002 2168 2003 2167 2003 2169 2003 2168 2004 2169 2004 2170 2004 2170 2005 2169 2005 2171 2005 2170 2006 2171 2006 2172 2006 2172 2007 2171 2007 2173 2007 2172 2008 2173 2008 2174 2008 2174 2009 2173 2009 2175 2009 2174 2010 2175 2010 2176 2010 2176 2011 2175 2011 2177 2011 2176 2012 2177 2012 2178 2012 2178 2013 2177 2013 2179 2013 2178 2014 2179 2014 2180 2014 2180 2015 2179 2015 2181 2015 2180 2016 2181 2016 2182 2016 2182 2017 2181 2017 2183 2017 2182 2018 2183 2018 2184 2018 2184 2019 2183 2019 2185 2019 2184 2020 2185 2020 2186 2020 2186 2021 2185 2021 2187 2021 2186 2022 2187 2022 2188 2022 2188 2023 2187 2023 2189 2023 2188 2024 2189 2024 2190 2024 2190 2025 2189 2025 2191 2025 2190 2026 2191 2026 2192 2026 2192 2027 2191 2027 2193 2027 2192 2028 2193 2028 2194 2028 2194 2029 2193 2029 2195 2029 2194 2030 2195 2030 2196 2030 2196 2031 2195 2031 2197 2031 2196 2032 2197 2032 2198 2032 2198 2033 2197 2033 2199 2033 2198 2034 2199 2034 2200 2034 2200 2035 2199 2035 2201 2035 2200 2036 2201 2036 2202 2036 2202 2037 2201 2037 2203 2037 2202 2038 2203 2038 2204 2038 2204 2039 2203 2039 2205 2039 2204 2040 2205 2040 2206 2040 2206 2041 2205 2041 2207 2041 2206 2042 2207 2042 2208 2042 2208 2043 2207 2043 2209 2043 2208 2044 2209 2044 2210 2044 2210 2045 2209 2045 2211 2045 2210 2046 2211 2046 2212 2046 2212 2047 2211 2047 2213 2047 2212 2048 2213 2048 2214 2048 2214 2049 2213 2049 2215 2049 2214 2050 2215 2050 2216 2050 2216 2051 2215 2051 2217 2051 2216 2052 2217 2052 2218 2052 2218 2053 2217 2053 2219 2053 2218 2054 2219 2054 2220 2054 2220 2055 2219 2055 2221 2055 2220 2056 2221 2056 2222 2056 2222 2057 2221 2057 2223 2057 2222 2058 2223 2058 2224 2058 2224 2059 2223 2059 2225 2059 2224 2060 2225 2060 2226 2060 2226 2061 2225 2061 2227 2061 2226 2062 2227 2062 2228 2062 2228 2063 2227 2063 2229 2063 2228 2064 2229 2064 2230 2064 2230 2065 2229 2065 2231 2065 2230 2066 2231 2066 2232 2066 2232 2067 2231 2067 2233 2067 2232 2068 2233 2068 2234 2068 2234 2069 2233 2069 2235 2069 2234 2070 2235 2070 2236 2070 2236 2071 2235 2071 2237 2071 2236 2072 2237 2072 2238 2072 2238 2073 2237 2073 2239 2073 2238 2074 2239 2074 2240 2074 2240 2075 2239 2075 2241 2075 2240 2076 2241 2076 2242 2076 2242 2077 2241 2077 2243 2077 2242 2078 2243 2078 2244 2078 2244 2079 2243 2079 2245 2079 2244 2080 2245 2080 2246 2080 2246 2081 2245 2081 2247 2081 2246 2082 2247 2082 2248 2082 2248 2083 2247 2083 2249 2083 2248 2084 2249 2084 2250 2084 2250 2085 2249 2085 2251 2085 2250 2086 2251 2086 2252 2086 2252 2087 2251 2087 2253 2087 2252 2088 2253 2088 2254 2088 2254 2089 2253 2089 2255 2089 2254 2090 2255 2090 2256 2090 2256 2091 2255 2091 2257 2091 2256 2092 2257 2092 2258 2092 2258 2093 2257 2093 2259 2093 2258 2094 2259 2094 2260 2094 2260 2095 2259 2095 2261 2095 2260 2096 2261 2096 2262 2096 2262 2097 2261 2097 2263 2097 2262 2098 2263 2098 2264 2098 2264 2099 2263 2099 2265 2099 2264 2100 2265 2100 2266 2100 2266 2101 2265 2101 2267 2101 2266 2102 2267 2102 2268 2102 2268 2103 2267 2103 2269 2103 2268 2104 2269 2104 2270 2104 2270 2105 2269 2105 2271 2105 2270 2106 2271 2106 2272 2106 2272 2107 2271 2107 2273 2107 2274 2108 2275 2108 2276 2108 2276 2109 2275 2109 2277 2109 2276 2110 2277 2110 2278 2110 2278 2111 2277 2111 2279 2111 2278 2112 2279 2112 2280 2112 2280 2113 2279 2113 2281 2113 2280 2114 2281 2114 2282 2114 2282 2115 2281 2115 2283 2115 2282 2116 2283 2116 2284 2116 2284 2117 2283 2117 2285 2117 2284 2118 2285 2118 2286 2118 2286 2119 2285 2119 2287 2119 2286 2120 2287 2120 2288 2120 2288 2121 2287 2121 2289 2121 2288 2122 2289 2122 2290 2122 2290 2123 2289 2123 2291 2123 2290 2124 2291 2124 2292 2124 2292 2125 2291 2125 2293 2125 2292 2126 2293 2126 2294 2126 2294 2127 2293 2127 2295 2127 2294 2128 2295 2128 2296 2128 2296 2129 2295 2129 2297 2129 2296 2130 2297 2130 2298 2130 2298 2131 2297 2131 2299 2131 2298 2132 2299 2132 2300 2132 2300 2133 2299 2133 2301 2133 2300 2134 2301 2134 2302 2134 2302 2135 2301 2135 2303 2135 2302 2136 2303 2136 2304 2136 2304 2137 2303 2137 2305 2137 2304 2138 2305 2138 2306 2138 2306 2139 2305 2139 2307 2139 2306 2140 2307 2140 2308 2140 2308 2141 2307 2141 2309 2141 2308 2142 2309 2142 2310 2142 2310 2143 2309 2143 2311 2143 2310 2144 2311 2144 2312 2144 2312 2145 2311 2145 2313 2145 2312 2146 2313 2146 2314 2146 2314 2147 2313 2147 2315 2147 2314 2148 2315 2148 2316 2148 2316 2149 2315 2149 2317 2149 2316 2150 2317 2150 2318 2150 2318 2151 2317 2151 2319 2151 2318 2152 2319 2152 2320 2152 2320 2153 2319 2153 2321 2153 2320 2154 2321 2154 2322 2154 2322 2155 2321 2155 2323 2155 2322 2156 2323 2156 2324 2156 2324 2157 2323 2157 2325 2157 2324 2158 2325 2158 2326 2158 2326 2159 2325 2159 2327 2159 2326 2160 2327 2160 2328 2160 2328 2161 2327 2161 2329 2161 2328 2162 2329 2162 2330 2162 2330 2163 2329 2163 2331 2163 2330 2164 2331 2164 2332 2164 2332 2165 2331 2165 2333 2165 2332 2166 2333 2166 2334 2166 2334 2167 2333 2167 2335 2167 2334 2168 2335 2168 2336 2168 2336 2169 2335 2169 2337 2169 2336 2170 2337 2170 2338 2170 2338 2171 2337 2171 2339 2171 2338 2172 2339 2172 2340 2172 2340 2173 2339 2173 2341 2173 2340 2174 2341 2174 2342 2174 2342 2175 2341 2175 2343 2175 2342 2176 2343 2176 2344 2176 2344 2177 2343 2177 2345 2177 2344 2178 2345 2178 2346 2178 2346 2179 2345 2179 2347 2179 2346 2180 2347 2180 2348 2180 2348 2181 2347 2181 2349 2181 2348 2182 2349 2182 2350 2182 2350 2183 2349 2183 2351 2183 2350 2184 2351 2184 2352 2184 2352 2185 2351 2185 2353 2185 2352 2186 2353 2186 2354 2186 2354 2187 2353 2187 2355 2187 2354 2188 2355 2188 2356 2188 2356 2189 2355 2189 2357 2189 2356 2190 2357 2190 2358 2190 2358 2191 2357 2191 2359 2191 2358 2192 2359 2192 2360 2192 2360 2193 2359 2193 2361 2193 2360 2194 2361 2194 2362 2194 2362 2195 2361 2195 2363 2195 2362 2196 2363 2196 2364 2196 2364 2197 2363 2197 2365 2197 2364 2198 2365 2198 2366 2198 2366 2199 2365 2199 2367 2199 2366 2200 2367 2200 2368 2200 2368 2201 2367 2201 2369 2201 2368 2202 2369 2202 2370 2202 2370 2203 2369 2203 2371 2203 2370 2204 2371 2204 2372 2204 2372 2205 2371 2205 2373 2205 2372 2206 2373 2206 2374 2206 2374 2207 2373 2207 2375 2207 2374 2208 2375 2208 2376 2208 2376 2209 2375 2209 2377 2209 2376 2210 2377 2210 2378 2210 2378 2211 2377 2211 2379 2211 2378 2212 2379 2212 2380 2212 2380 2213 2379 2213 2381 2213 2380 2214 2381 2214 2382 2214 2382 2215 2381 2215 2383 2215 2382 2216 2383 2216 2384 2216 2384 2217 2383 2217 2385 2217 2384 2218 2385 2218 2386 2218 2386 2219 2385 2219 2387 2219 2386 2220 2387 2220 2388 2220 2388 2221 2387 2221 2389 2221 2388 2222 2389 2222 2390 2222 2390 2223 2389 2223 2391 2223 2390 2224 2391 2224 2392 2224 2392 2225 2391 2225 2393 2225 2392 2226 2393 2226 2394 2226 2394 2227 2393 2227 2395 2227 2394 2228 2395 2228 2396 2228 2396 2229 2395 2229 2397 2229 2396 2230 2397 2230 2398 2230 2398 2231 2397 2231 2399 2231 2398 2232 2399 2232 2400 2232 2400 2233 2399 2233 2401 2233 2400 2234 2401 2234 2402 2234 2402 2235 2401 2235 2403 2235 2402 2236 2403 2236 2404 2236 2404 2237 2403 2237 2405 2237 2404 2238 2405 2238 2406 2238 2406 2239 2405 2239 2407 2239 2406 2240 2407 2240 2408 2240 2408 2241 2407 2241 2409 2241 2408 2242 2409 2242 2410 2242 2410 2243 2409 2243 2411 2243 2412 2244 2413 2244 2414 2244 2415 2245 2416 2245 2417 2245 2418 2246 2419 2246 2420 2246 2421 2247 2422 2247 2423 2247 2424 2248 2425 2248 2426 2248 2427 2249 2428 2249 2429 2249 2430 2250 2431 2250 2432 2250 2433 2251 2434 2251 2435 2251 2436 2252 2437 2252 2438 2252 2439 2253 2440 2253 2441 2253 2442 2254 2443 2254 2444 2254 2445 2255 2446 2255 2447 2255 2448 2256 2449 2256 2450 2256 2451 2257 2452 2257 2453 2257 2454 2258 2455 2258 2456 2258 2457 2259 2458 2259 2459 2259 2460 2260 2461 2260 2462 2260 2463 2261 2464 2261 2465 2261 2466 2262 2467 2262 2468 2262 2469 2263 2470 2263 2471 2263 2472 2264 2473 2264 2474 2264 2475 2265 2476 2265 2477 2265 2478 2266 2479 2266 2480 2266 2481 2267 2482 2267 2483 2267 2484 2268 2485 2268 2486 2268 2487 2269 2488 2269 2489 2269 2490 2270 2491 2270 2492 2270 2493 2271 2494 2271 2495 2271 2496 2272 2497 2272 2498 2272 2499 2273 2500 2273 2501 2273 2502 2274 2503 2274 2504 2274 2505 2275 2506 2275 2507 2275 2508 2276 2509 2276 2510 2276 2511 2277 2512 2277 2513 2277 2514 2278 2515 2278 2516 2278 2517 2279 2518 2279 2519 2279 2520 2280 2521 2280 2522 2280 2523 2281 2524 2281 2525 2281 2526 2282 2527 2282 2528 2282 2529 2283 2530 2283 2531 2283 2532 2284 2533 2284 2534 2284 2535 2285 2536 2285 2537 2285 2538 2286 2539 2286 2540 2286 2541 2287 2542 2287 2543 2287 2544 2288 2545 2288 2546 2288 2547 2289 2548 2289 2549 2289 2550 2290 2551 2290 2552 2290 2553 2291 2554 2291 2555 2291 2556 2292 2557 2292 2558 2292 2559 2293 2560 2293 2561 2293 2562 2294 2563 2294 2564 2294 2565 2295 2566 2295 2567 2295 2568 2296 2569 2296 2570 2296 2571 2297 2572 2297 2573 2297 2574 2298 2575 2298 2576 2298 2577 2299 2578 2299 2579 2299 2580 2300 2581 2300 2582 2300 2583 2301 2584 2301 2585 2301 2586 2302 2587 2302 2588 2302 2589 2303 2590 2303 2591 2303 2592 2304 2593 2304 2594 2304 2595 2305 2596 2305 2597 2305 2598 2306 2599 2306 2600 2306 2601 2307 2602 2307 2603 2307 2604 2308 2605 2308 2606 2308 2607 2309 2608 2309 2609 2309 2610 2310 2611 2310 2612 2310 2613 2311 2614 2311 2615 2311 2616 2312 2617 2312 2618 2312 2618 2313 2617 2313 2619 2313 2618 2314 2619 2314 2620 2314 2620 2315 2619 2315 2621 2315 2620 2316 2621 2316 2622 2316 2622 2317 2621 2317 2623 2317 2622 2318 2623 2318 2624 2318 2624 2319 2623 2319 2625 2319 2624 2320 2625 2320 2626 2320 2626 2321 2625 2321 2627 2321 2626 2322 2627 2322 2628 2322 2628 2323 2627 2323 2629 2323 2628 2324 2629 2324 2630 2324 2630 2325 2629 2325 2631 2325 2630 2326 2631 2326 2632 2326 2632 2327 2631 2327 2633 2327 2632 2328 2633 2328 2634 2328 2634 2329 2633 2329 2635 2329 2634 2330 2635 2330 2636 2330 2636 2331 2635 2331 2637 2331 2636 2332 2637 2332 2638 2332 2638 2333 2637 2333 2639 2333 2638 2334 2639 2334 2640 2334 2640 2335 2639 2335 2641 2335 2640 2336 2641 2336 2642 2336 2642 2337 2641 2337 2643 2337 2642 2338 2643 2338 2644 2338 2644 2339 2643 2339 2645 2339 2644 2340 2645 2340 2646 2340 2646 2341 2645 2341 2647 2341 2646 2342 2647 2342 2648 2342 2648 2343 2647 2343 2649 2343 2648 2344 2649 2344 2650 2344 2650 2345 2649 2345 2651 2345 2650 2346 2651 2346 2652 2346 2652 2347 2651 2347 2653 2347 2652 2348 2653 2348 2654 2348 2654 2349 2653 2349 2655 2349 2654 2350 2655 2350 2656 2350 2656 2351 2655 2351 2657 2351 2656 2352 2657 2352 2658 2352 2658 2353 2657 2353 2659 2353 2658 2354 2659 2354 2660 2354 2660 2355 2659 2355 2661 2355 2660 2356 2661 2356 2662 2356 2662 2357 2661 2357 2663 2357 2662 2358 2663 2358 2664 2358 2664 2359 2663 2359 2665 2359 2664 2360 2665 2360 2666 2360 2666 2361 2665 2361 2667 2361 2666 2362 2667 2362 2668 2362 2668 2363 2667 2363 2669 2363 2668 2364 2669 2364 2670 2364 2670 2365 2669 2365 2671 2365 2670 2366 2671 2366 2672 2366 2672 2367 2671 2367 2673 2367 2672 2368 2673 2368 2674 2368 2674 2369 2673 2369 2675 2369 2674 2370 2675 2370 2676 2370 2676 2371 2675 2371 2677 2371 2676 2372 2677 2372 2678 2372 2678 2373 2677 2373 2679 2373 2678 2374 2679 2374 2680 2374 2680 2375 2679 2375 2681 2375 2680 2376 2681 2376 2682 2376 2682 2377 2681 2377 2683 2377 2682 2378 2683 2378 2684 2378 2684 2379 2683 2379 2685 2379 2684 2380 2685 2380 2686 2380 2686 2381 2685 2381 2687 2381 2686 2382 2687 2382 2688 2382 2688 2383 2687 2383 2689 2383 2688 2384 2689 2384 2690 2384 2690 2385 2689 2385 2691 2385 2690 2386 2691 2386 2692 2386 2692 2387 2691 2387 2693 2387 2692 2388 2693 2388 2694 2388 2694 2389 2693 2389 2695 2389 2694 2390 2695 2390 2696 2390 2696 2391 2695 2391 2697 2391 2696 2392 2697 2392 2698 2392 2698 2393 2697 2393 2699 2393 2698 2394 2699 2394 2700 2394 2700 2395 2699 2395 2701 2395 2700 2396 2701 2396 2702 2396 2702 2397 2701 2397 2703 2397 2702 2398 2703 2398 2704 2398 2704 2399 2703 2399 2705 2399 2704 2400 2705 2400 2706 2400 2706 2401 2705 2401 2707 2401 2706 2402 2707 2402 2708 2402 2708 2403 2707 2403 2709 2403 2708 2404 2709 2404 2710 2404 2710 2405 2709 2405 2711 2405 2710 2406 2711 2406 2712 2406 2712 2407 2711 2407 2713 2407 2712 2408 2713 2408 2714 2408 2714 2409 2713 2409 2715 2409 2714 2410 2715 2410 2716 2410 2716 2411 2715 2411 2717 2411 2716 2412 2717 2412 2718 2412 2718 2413 2717 2413 2719 2413 2718 2414 2719 2414 2720 2414 2720 2415 2719 2415 2721 2415 2720 2416 2721 2416 2722 2416 2722 2417 2721 2417 2723 2417 2722 2418 2723 2418 2724 2418 2724 2419 2723 2419 2725 2419 2724 2420 2725 2420 2726 2420 2726 2421 2725 2421 2727 2421 2726 2422 2727 2422 2728 2422 2728 2423 2727 2423 2729 2423 2728 2424 2729 2424 2730 2424 2730 2425 2729 2425 2731 2425 2730 2426 2731 2426 2732 2426 2732 2427 2731 2427 2733 2427 2732 2428 2733 2428 2734 2428 2734 2429 2733 2429 2735 2429 2734 2430 2735 2430 2736 2430 2736 2431 2735 2431 2737 2431 2736 2432 2737 2432 2738 2432 2738 2433 2737 2433 2739 2433 2738 2434 2739 2434 2740 2434 2740 2435 2739 2435 2741 2435 2740 2436 2741 2436 2742 2436 2742 2437 2741 2437 2743 2437 2742 2438 2743 2438 2744 2438 2744 2439 2743 2439 2745 2439 2744 2440 2745 2440 2746 2440 2746 2441 2745 2441 2747 2441 2746 2442 2747 2442 2748 2442 2748 2443 2747 2443 2749 2443 2748 2444 2749 2444 2750 2444 2750 2445 2749 2445 2751 2445 2750 2446 2751 2446 2752 2446 2752 2447 2751 2447 2753 2447 2754 2448 2755 2448 2756 2448 2756 2449 2755 2449 2757 2449 2756 2450 2757 2450 2758 2450 2758 2451 2757 2451 2759 2451 2758 2452 2759 2452 2760 2452 2760 2453 2759 2453 2761 2453 2760 2454 2761 2454 2762 2454 2762 2455 2761 2455 2763 2455 2762 2456 2763 2456 2764 2456 2764 2457 2763 2457 2765 2457 2764 2458 2765 2458 2766 2458 2766 2459 2765 2459 2767 2459 2766 2460 2767 2460 2768 2460 2768 2461 2767 2461 2769 2461 2768 2462 2769 2462 2770 2462 2770 2463 2769 2463 2771 2463 2770 2464 2771 2464 2772 2464 2772 2465 2771 2465 2773 2465 2772 2466 2773 2466 2774 2466 2774 2467 2773 2467 2775 2467 2774 2468 2775 2468 2776 2468 2776 2469 2775 2469 2777 2469 2776 2470 2777 2470 2778 2470 2778 2471 2777 2471 2779 2471 2778 2472 2779 2472 2780 2472 2780 2473 2779 2473 2781 2473 2780 2474 2781 2474 2782 2474 2782 2475 2781 2475 2783 2475 2782 2476 2783 2476 2784 2476 2784 2477 2783 2477 2785 2477 2784 2478 2785 2478 2786 2478 2786 2479 2785 2479 2787 2479 2786 2480 2787 2480 2788 2480 2788 2481 2787 2481 2789 2481 2788 2482 2789 2482 2790 2482 2790 2483 2789 2483 2791 2483 2790 2484 2791 2484 2792 2484 2792 2485 2791 2485 2793 2485 2792 2486 2793 2486 2794 2486 2794 2487 2793 2487 2795 2487 2794 2488 2795 2488 2796 2488 2796 2489 2795 2489 2797 2489 2796 2490 2797 2490 2798 2490 2798 2491 2797 2491 2799 2491 2798 2492 2799 2492 2800 2492 2800 2493 2799 2493 2801 2493 2800 2494 2801 2494 2802 2494 2802 2495 2801 2495 2803 2495 2802 2496 2803 2496 2804 2496 2804 2497 2803 2497 2805 2497 2804 2498 2805 2498 2806 2498 2806 2499 2805 2499 2807 2499 2806 2500 2807 2500 2808 2500 2808 2501 2807 2501 2809 2501 2808 2502 2809 2502 2810 2502 2810 2503 2809 2503 2811 2503 2810 2504 2811 2504 2812 2504 2812 2505 2811 2505 2813 2505 2812 2506 2813 2506 2814 2506 2814 2507 2813 2507 2815 2507 2814 2508 2815 2508 2816 2508 2816 2509 2815 2509 2817 2509 2816 2510 2817 2510 2818 2510 2818 2511 2817 2511 2819 2511 2818 2512 2819 2512 2820 2512 2820 2513 2819 2513 2821 2513 2820 2514 2821 2514 2822 2514 2822 2515 2821 2515 2823 2515 2822 2516 2823 2516 2824 2516 2824 2517 2823 2517 2825 2517 2824 2518 2825 2518 2826 2518 2826 2519 2825 2519 2827 2519 2826 2520 2827 2520 2828 2520 2828 2521 2827 2521 2829 2521 2828 2522 2829 2522 2830 2522 2830 2523 2829 2523 2831 2523 2830 2524 2831 2524 2832 2524 2832 2525 2831 2525 2833 2525 2832 2526 2833 2526 2834 2526 2834 2527 2833 2527 2835 2527 2834 2528 2835 2528 2836 2528 2836 2529 2835 2529 2837 2529 2836 2530 2837 2530 2838 2530 2838 2531 2837 2531 2839 2531 2838 2532 2839 2532 2840 2532 2840 2533 2839 2533 2841 2533 2840 2534 2841 2534 2842 2534 2842 2535 2841 2535 2843 2535 2842 2536 2843 2536 2844 2536 2844 2537 2843 2537 2845 2537 2844 2538 2845 2538 2846 2538 2846 2539 2845 2539 2847 2539 2846 2540 2847 2540 2848 2540 2848 2541 2847 2541 2849 2541 2848 2542 2849 2542 2850 2542 2850 2543 2849 2543 2851 2543 2850 2544 2851 2544 2852 2544 2852 2545 2851 2545 2853 2545 2852 2546 2853 2546 2854 2546 2854 2547 2853 2547 2855 2547 2854 2548 2855 2548 2856 2548 2856 2549 2855 2549 2857 2549 2856 2550 2857 2550 2858 2550 2858 2551 2857 2551 2859 2551 2858 2552 2859 2552 2860 2552 2860 2553 2859 2553 2861 2553 2860 2554 2861 2554 2862 2554 2862 2555 2861 2555 2863 2555 2862 2556 2863 2556 2864 2556 2864 2557 2863 2557 2865 2557 2864 2558 2865 2558 2866 2558 2866 2559 2865 2559 2867 2559 2866 2560 2867 2560 2868 2560 2868 2561 2867 2561 2869 2561 2868 2562 2869 2562 2870 2562 2870 2563 2869 2563 2871 2563 2870 2564 2871 2564 2872 2564 2872 2565 2871 2565 2873 2565 2872 2566 2873 2566 2874 2566 2874 2567 2873 2567 2875 2567 2874 2568 2875 2568 2876 2568 2876 2569 2875 2569 2877 2569 2876 2570 2877 2570 2878 2570 2878 2571 2877 2571 2879 2571 2878 2572 2879 2572 2880 2572 2880 2573 2879 2573 2881 2573 2880 2574 2881 2574 2882 2574 2882 2575 2881 2575 2883 2575 2882 2576 2883 2576 2884 2576 2884 2577 2883 2577 2885 2577 2884 2578 2885 2578 2886 2578 2886 2579 2885 2579 2887 2579 2886 2580 2887 2580 2888 2580 2888 2581 2887 2581 2889 2581 2888 2582 2889 2582 2890 2582 2890 2583 2889 2583 2891 2583 2892 2584 2893 2584 2894 2584 2894 2585 2893 2585 2895 2585 2894 2586 2895 2586 2896 2586 2896 2587 2895 2587 2897 2587 2896 2588 2897 2588 2898 2588 2898 2589 2897 2589 2899 2589 2898 2590 2899 2590 2900 2590 2900 2591 2899 2591 2901 2591 2900 2592 2901 2592 2902 2592 2902 2593 2901 2593 2903 2593 2902 2594 2903 2594 2904 2594 2904 2595 2903 2595 2905 2595 2904 2596 2905 2596 2906 2596 2906 2597 2905 2597 2907 2597 2906 2598 2907 2598 2908 2598 2908 2599 2907 2599 2909 2599 2908 2600 2909 2600 2910 2600 2910 2601 2909 2601 2911 2601 2910 2602 2911 2602 2912 2602 2912 2603 2911 2603 2913 2603 2912 2604 2913 2604 2914 2604 2914 2605 2913 2605 2915 2605 2914 2606 2915 2606 2916 2606 2916 2607 2915 2607 2917 2607 2916 2608 2917 2608 2918 2608 2918 2609 2917 2609 2919 2609 2918 2610 2919 2610 2920 2610 2920 2611 2919 2611 2921 2611 2920 2612 2921 2612 2922 2612 2922 2613 2921 2613 2923 2613 2922 2614 2923 2614 2924 2614 2924 2615 2923 2615 2925 2615 2924 2616 2925 2616 2926 2616 2926 2617 2925 2617 2927 2617 2926 2618 2927 2618 2928 2618 2928 2619 2927 2619 2929 2619 2928 2620 2929 2620 2930 2620 2930 2621 2929 2621 2931 2621 2930 2622 2931 2622 2932 2622 2932 2623 2931 2623 2933 2623 2932 2624 2933 2624 2934 2624 2934 2625 2933 2625 2935 2625 2934 2626 2935 2626 2936 2626 2936 2627 2935 2627 2937 2627 2936 2628 2937 2628 2938 2628 2938 2629 2937 2629 2939 2629 2938 2630 2939 2630 2940 2630 2940 2631 2939 2631 2941 2631 2940 2632 2941 2632 2942 2632 2942 2633 2941 2633 2943 2633 2942 2634 2943 2634 2944 2634 2944 2635 2943 2635 2945 2635 2944 2636 2945 2636 2946 2636 2946 2637 2945 2637 2947 2637 2946 2638 2947 2638 2948 2638 2948 2639 2947 2639 2949 2639 2948 2640 2949 2640 2950 2640 2950 2641 2949 2641 2951 2641 2950 2642 2951 2642 2952 2642 2952 2643 2951 2643 2953 2643 2952 2644 2953 2644 2954 2644 2954 2645 2953 2645 2955 2645 2954 2646 2955 2646 2956 2646 2956 2647 2955 2647 2957 2647 2956 2648 2957 2648 2958 2648 2958 2649 2957 2649 2959 2649 2958 2650 2959 2650 2960 2650 2960 2651 2959 2651 2961 2651 2960 2652 2961 2652 2962 2652 2962 2653 2961 2653 2963 2653 2962 2654 2963 2654 2964 2654 2964 2655 2963 2655 2965 2655 2964 2656 2965 2656 2966 2656 2966 2657 2965 2657 2967 2657 2966 2658 2967 2658 2968 2658 2968 2659 2967 2659 2969 2659 2968 2660 2969 2660 2970 2660 2970 2661 2969 2661 2971 2661 2970 2662 2971 2662 2972 2662 2972 2663 2971 2663 2973 2663 2972 2664 2973 2664 2974 2664 2974 2665 2973 2665 2975 2665 2974 2666 2975 2666 2976 2666 2976 2667 2975 2667 2977 2667 2976 2668 2977 2668 2978 2668 2978 2669 2977 2669 2979 2669 2978 2670 2979 2670 2980 2670 2980 2671 2979 2671 2981 2671 2980 2672 2981 2672 2982 2672 2982 2673 2981 2673 2983 2673 2982 2674 2983 2674 2984 2674 2984 2675 2983 2675 2985 2675 2984 2676 2985 2676 2986 2676 2986 2677 2985 2677 2987 2677 2986 2678 2987 2678 2988 2678 2988 2679 2987 2679 2989 2679 2988 2680 2989 2680 2990 2680 2990 2681 2989 2681 2991 2681 2990 2682 2991 2682 2992 2682 2992 2683 2991 2683 2993 2683 2992 2684 2993 2684 2994 2684 2994 2685 2993 2685 2995 2685 2994 2686 2995 2686 2996 2686 2996 2687 2995 2687 2997 2687 2996 2688 2997 2688 2998 2688 2998 2689 2997 2689 2999 2689 2998 2690 2999 2690 3000 2690 3000 2691 2999 2691 3001 2691 3000 2692 3001 2692 3002 2692 3002 2693 3001 2693 3003 2693 3002 2694 3003 2694 3004 2694 3004 2695 3003 2695 3005 2695 3004 2696 3005 2696 3006 2696 3006 2697 3005 2697 3007 2697 3006 2698 3007 2698 3008 2698 3008 2699 3007 2699 3009 2699 3008 2700 3009 2700 3010 2700 3010 2701 3009 2701 3011 2701 3010 2702 3011 2702 3012 2702 3012 2703 3011 2703 3013 2703 3012 2704 3013 2704 3014 2704 3014 2705 3013 2705 3015 2705 3014 2706 3015 2706 3016 2706 3016 2707 3015 2707 3017 2707 3016 2708 3017 2708 3018 2708 3018 2709 3017 2709 3019 2709 3018 2710 3019 2710 3020 2710 3020 2711 3019 2711 3021 2711 3020 2712 3021 2712 3022 2712 3022 2713 3021 2713 3023 2713 3022 2714 3023 2714 3024 2714 3024 2715 3023 2715 3025 2715 3024 2716 3025 2716 3026 2716 3026 2717 3025 2717 3027 2717 3026 2718 3027 2718 3028 2718 3028 2719 3027 2719 3029 2719 3030 2720 3031 2720 3032 2720 3032 2721 3031 2721 3033 2721 3032 2722 3033 2722 3034 2722 3034 2723 3033 2723 3035 2723 3034 2724 3035 2724 3036 2724 3036 2725 3035 2725 3037 2725 3036 2726 3037 2726 3038 2726 3038 2727 3037 2727 3039 2727 3038 2728 3039 2728 3040 2728 3040 2729 3039 2729 3041 2729 3040 2730 3041 2730 3042 2730 3042 2731 3041 2731 3043 2731 3042 2732 3043 2732 3044 2732 3044 2733 3043 2733 3045 2733 3044 2734 3045 2734 3046 2734 3046 2735 3045 2735 3047 2735 3046 2736 3047 2736 3048 2736 3048 2737 3047 2737 3049 2737 3048 2738 3049 2738 3050 2738 3050 2739 3049 2739 3051 2739 3050 2740 3051 2740 3052 2740 3052 2741 3051 2741 3053 2741 3052 2742 3053 2742 3054 2742 3054 2743 3053 2743 3055 2743 3054 2744 3055 2744 3056 2744 3056 2745 3055 2745 3057 2745 3056 2746 3057 2746 3058 2746 3058 2747 3057 2747 3059 2747 3058 2748 3059 2748 3060 2748 3060 2749 3059 2749 3061 2749 3060 2750 3061 2750 3062 2750 3062 2751 3061 2751 3063 2751 3062 2752 3063 2752 3064 2752 3064 2753 3063 2753 3065 2753 3064 2754 3065 2754 3066 2754 3066 2755 3065 2755 3067 2755 3066 2756 3067 2756 3068 2756 3068 2757 3067 2757 3069 2757 3068 2758 3069 2758 3070 2758 3070 2759 3069 2759 3071 2759 3070 2760 3071 2760 3072 2760 3072 2761 3071 2761 3073 2761 3072 2762 3073 2762 3074 2762 3074 2763 3073 2763 3075 2763 3074 2764 3075 2764 3076 2764 3076 2765 3075 2765 3077 2765 3076 2766 3077 2766 3078 2766 3078 2767 3077 2767 3079 2767 3078 2768 3079 2768 3080 2768 3080 2769 3079 2769 3081 2769 3080 2770 3081 2770 3082 2770 3082 2771 3081 2771 3083 2771 3082 2772 3083 2772 3084 2772 3084 2773 3083 2773 3085 2773 3084 2774 3085 2774 3086 2774 3086 2775 3085 2775 3087 2775 3086 2776 3087 2776 3088 2776 3088 2777 3087 2777 3089 2777 3088 2778 3089 2778 3090 2778 3090 2779 3089 2779 3091 2779 3090 2780 3091 2780 3092 2780 3092 2781 3091 2781 3093 2781 3092 2782 3093 2782 3094 2782 3094 2783 3093 2783 3095 2783 3094 2784 3095 2784 3096 2784 3096 2785 3095 2785 3097 2785 3096 2786 3097 2786 3098 2786 3098 2787 3097 2787 3099 2787 3098 2788 3099 2788 3100 2788 3100 2789 3099 2789 3101 2789 3100 2790 3101 2790 3102 2790 3102 2791 3101 2791 3103 2791 3102 2792 3103 2792 3104 2792 3104 2793 3103 2793 3105 2793 3104 2794 3105 2794 3106 2794 3106 2795 3105 2795 3107 2795 3106 2796 3107 2796 3108 2796 3108 2797 3107 2797 3109 2797 3108 2798 3109 2798 3110 2798 3110 2799 3109 2799 3111 2799 3110 2800 3111 2800 3112 2800 3112 2801 3111 2801 3113 2801 3112 2802 3113 2802 3114 2802 3114 2803 3113 2803 3115 2803 3114 2804 3115 2804 3116 2804 3116 2805 3115 2805 3117 2805 3116 2806 3117 2806 3118 2806 3118 2807 3117 2807 3119 2807 3118 2808 3119 2808 3120 2808 3120 2809 3119 2809 3121 2809 3120 2810 3121 2810 3122 2810 3122 2811 3121 2811 3123 2811 3122 2812 3123 2812 3124 2812 3124 2813 3123 2813 3125 2813 3124 2814 3125 2814 3126 2814 3126 2815 3125 2815 3127 2815 3126 2816 3127 2816 3128 2816 3128 2817 3127 2817 3129 2817 3128 2818 3129 2818 3130 2818 3130 2819 3129 2819 3131 2819 3130 2820 3131 2820 3132 2820 3132 2821 3131 2821 3133 2821 3132 2822 3133 2822 3134 2822 3134 2823 3133 2823 3135 2823 3134 2824 3135 2824 3136 2824 3136 2825 3135 2825 3137 2825 3136 2826 3137 2826 3138 2826 3138 2827 3137 2827 3139 2827 3138 2828 3139 2828 3140 2828 3140 2829 3139 2829 3141 2829 3140 2830 3141 2830 3142 2830 3142 2831 3141 2831 3143 2831 3142 2832 3143 2832 3144 2832 3144 2833 3143 2833 3145 2833 3144 2834 3145 2834 3146 2834 3146 2835 3145 2835 3147 2835 3146 2836 3147 2836 3148 2836 3148 2837 3147 2837 3149 2837 3148 2838 3149 2838 3150 2838 3150 2839 3149 2839 3151 2839 3150 2840 3151 2840 3152 2840 3152 2841 3151 2841 3153 2841 3152 2842 3153 2842 3154 2842 3154 2843 3153 2843 3155 2843 3154 2844 3155 2844 3156 2844 3156 2845 3155 2845 3157 2845 3156 2846 3157 2846 3158 2846 3158 2847 3157 2847 3159 2847 3158 2848 3159 2848 3160 2848 3160 2849 3159 2849 3161 2849 3160 2850 3161 2850 3162 2850 3162 2851 3161 2851 3163 2851 3162 2852 3163 2852 3164 2852 3164 2853 3163 2853 3165 2853 3164 2854 3165 2854 3166 2854 3166 2855 3165 2855 3167 2855 3168 2856 3169 2856 3170 2856 3170 2857 3169 2857 3171 2857 3170 2858 3171 2858 3172 2858 3172 2859 3171 2859 3173 2859 3172 2860 3173 2860 3174 2860 3174 2861 3173 2861 3175 2861 3174 2862 3175 2862 3176 2862 3176 2863 3175 2863 3177 2863 3176 2864 3177 2864 3178 2864 3178 2865 3177 2865 3179 2865 3178 2866 3179 2866 3180 2866 3180 2867 3179 2867 3181 2867 3180 2868 3181 2868 3182 2868 3182 2869 3181 2869 3183 2869 3182 2870 3183 2870 3184 2870 3184 2871 3183 2871 3185 2871 3184 2872 3185 2872 3186 2872 3186 2873 3185 2873 3187 2873 3186 2874 3187 2874 3188 2874 3188 2875 3187 2875 3189 2875 3188 2876 3189 2876 3190 2876 3190 2877 3189 2877 3191 2877 3190 2878 3191 2878 3192 2878 3192 2879 3191 2879 3193 2879 3192 2880 3193 2880 3194 2880 3194 2881 3193 2881 3195 2881 3194 2882 3195 2882 3196 2882 3196 2883 3195 2883 3197 2883 3196 2884 3197 2884 3198 2884 3198 2885 3197 2885 3199 2885 3198 2886 3199 2886 3200 2886 3200 2887 3199 2887 3201 2887 3200 2888 3201 2888 3202 2888 3202 2889 3201 2889 3203 2889 3202 2890 3203 2890 3204 2890 3204 2891 3203 2891 3205 2891 3204 2892 3205 2892 3206 2892 3206 2893 3205 2893 3207 2893 3206 2894 3207 2894 3208 2894 3208 2895 3207 2895 3209 2895 3208 2896 3209 2896 3210 2896 3210 2897 3209 2897 3211 2897 3210 2898 3211 2898 3212 2898 3212 2899 3211 2899 3213 2899 3212 2900 3213 2900 3214 2900 3214 2901 3213 2901 3215 2901 3214 2902 3215 2902 3216 2902 3216 2903 3215 2903 3217 2903 3216 2904 3217 2904 3218 2904 3218 2905 3217 2905 3219 2905 3218 2906 3219 2906 3220 2906 3220 2907 3219 2907 3221 2907 3220 2908 3221 2908 3222 2908 3222 2909 3221 2909 3223 2909 3222 2910 3223 2910 3224 2910 3224 2911 3223 2911 3225 2911 3224 2912 3225 2912 3226 2912 3226 2913 3225 2913 3227 2913 3226 2914 3227 2914 3228 2914 3228 2915 3227 2915 3229 2915 3228 2916 3229 2916 3230 2916 3230 2917 3229 2917 3231 2917 3230 2918 3231 2918 3232 2918 3232 2919 3231 2919 3233 2919 3232 2920 3233 2920 3234 2920 3234 2921 3233 2921 3235 2921 3234 2922 3235 2922 3236 2922 3236 2923 3235 2923 3237 2923 3236 2924 3237 2924 3238 2924 3238 2925 3237 2925 3239 2925 3238 2926 3239 2926 3240 2926 3240 2927 3239 2927 3241 2927 3240 2928 3241 2928 3242 2928 3242 2929 3241 2929 3243 2929 3242 2930 3243 2930 3244 2930 3244 2931 3243 2931 3245 2931 3244 2932 3245 2932 3246 2932 3246 2933 3245 2933 3247 2933 3246 2934 3247 2934 3248 2934 3248 2935 3247 2935 3249 2935 3248 2936 3249 2936 3250 2936 3250 2937 3249 2937 3251 2937 3250 2938 3251 2938 3252 2938 3252 2939 3251 2939 3253 2939 3252 2940 3253 2940 3254 2940 3254 2941 3253 2941 3255 2941 3254 2942 3255 2942 3256 2942 3256 2943 3255 2943 3257 2943 3256 2944 3257 2944 3258 2944 3258 2945 3257 2945 3259 2945 3258 2946 3259 2946 3260 2946 3260 2947 3259 2947 3261 2947 3260 2948 3261 2948 3262 2948 3262 2949 3261 2949 3263 2949 3262 2950 3263 2950 3264 2950 3264 2951 3263 2951 3265 2951 3264 2952 3265 2952 3266 2952 3266 2953 3265 2953 3267 2953 3266 2954 3267 2954 3268 2954 3268 2955 3267 2955 3269 2955 3268 2956 3269 2956 3270 2956 3270 2957 3269 2957 3271 2957 3270 2958 3271 2958 3272 2958 3272 2959 3271 2959 3273 2959 3272 2960 3273 2960 3274 2960 3274 2961 3273 2961 3275 2961 3274 2962 3275 2962 3276 2962 3276 2963 3275 2963 3277 2963 3276 2964 3277 2964 3278 2964 3278 2965 3277 2965 3279 2965 3278 2966 3279 2966 3280 2966 3280 2967 3279 2967 3281 2967 3280 2968 3281 2968 3282 2968 3282 2969 3281 2969 3283 2969 3282 2970 3283 2970 3284 2970 3284 2971 3283 2971 3285 2971 3284 2972 3285 2972 3286 2972 3286 2973 3285 2973 3287 2973 3286 2974 3287 2974 3288 2974 3288 2975 3287 2975 3289 2975 3288 2976 3289 2976 3290 2976 3290 2977 3289 2977 3291 2977 3290 2978 3291 2978 3292 2978 3292 2979 3291 2979 3293 2979 3292 2980 3293 2980 3294 2980 3294 2981 3293 2981 3295 2981 3294 2982 3295 2982 3296 2982 3296 2983 3295 2983 3297 2983 3296 2984 3297 2984 3298 2984 3298 2985 3297 2985 3299 2985 3298 2986 3299 2986 3300 2986 3300 2987 3299 2987 3301 2987 3300 2988 3301 2988 3302 2988 3302 2989 3301 2989 3303 2989 3302 2990 3303 2990 3304 2990 3304 2991 3303 2991 3305 2991 3306 2992 3307 2992 3308 2992 3308 2993 3307 2993 3309 2993 3308 2994 3309 2994 3310 2994 3310 2995 3309 2995 3311 2995 3310 2996 3311 2996 3312 2996 3312 2997 3311 2997 3313 2997 3312 2998 3313 2998 3314 2998 3314 2999 3313 2999 3315 2999 3314 3000 3315 3000 3316 3000 3316 3001 3315 3001 3317 3001 3316 3002 3317 3002 3318 3002 3318 3003 3317 3003 3319 3003 3318 3004 3319 3004 3320 3004 3320 3005 3319 3005 3321 3005 3320 3006 3321 3006 3322 3006 3322 3007 3321 3007 3323 3007 3322 3008 3323 3008 3324 3008 3324 3009 3323 3009 3325 3009 3324 3010 3325 3010 3326 3010 3326 3011 3325 3011 3327 3011 3326 3012 3327 3012 3328 3012 3328 3013 3327 3013 3329 3013 3328 3014 3329 3014 3330 3014 3330 3015 3329 3015 3331 3015 3330 3016 3331 3016 3332 3016 3332 3017 3331 3017 3333 3017 3332 3018 3333 3018 3334 3018 3334 3019 3333 3019 3335 3019 3334 3020 3335 3020 3336 3020 3336 3021 3335 3021 3337 3021 3336 3022 3337 3022 3338 3022 3338 3023 3337 3023 3339 3023 3338 3024 3339 3024 3340 3024 3340 3025 3339 3025 3341 3025 3340 3026 3341 3026 3342 3026 3342 3027 3341 3027 3343 3027 3342 3028 3343 3028 3344 3028 3344 3029 3343 3029 3345 3029 3344 3030 3345 3030 3346 3030 3346 3031 3345 3031 3347 3031 3346 3032 3347 3032 3348 3032 3348 3033 3347 3033 3349 3033 3348 3034 3349 3034 3350 3034 3350 3035 3349 3035 3351 3035 3350 3036 3351 3036 3352 3036 3352 3037 3351 3037 3353 3037 3352 3038 3353 3038 3354 3038 3354 3039 3353 3039 3355 3039 3354 3040 3355 3040 3356 3040 3356 3041 3355 3041 3357 3041 3356 3042 3357 3042 3358 3042 3358 3043 3357 3043 3359 3043 3358 3044 3359 3044 3360 3044 3360 3045 3359 3045 3361 3045 3360 3046 3361 3046 3362 3046 3362 3047 3361 3047 3363 3047 3362 3048 3363 3048 3364 3048 3364 3049 3363 3049 3365 3049 3364 3050 3365 3050 3366 3050 3366 3051 3365 3051 3367 3051 3366 3052 3367 3052 3368 3052 3368 3053 3367 3053 3369 3053 3368 3054 3369 3054 3370 3054 3370 3055 3369 3055 3371 3055 3370 3056 3371 3056 3372 3056 3372 3057 3371 3057 3373 3057 3372 3058 3373 3058 3374 3058 3374 3059 3373 3059 3375 3059 3374 3060 3375 3060 3376 3060 3376 3061 3375 3061 3377 3061 3376 3062 3377 3062 3378 3062 3378 3063 3377 3063 3379 3063 3378 3064 3379 3064 3380 3064 3380 3065 3379 3065 3381 3065 3380 3066 3381 3066 3382 3066 3382 3067 3381 3067 3383 3067 3382 3068 3383 3068 3384 3068 3384 3069 3383 3069 3385 3069 3384 3070 3385 3070 3386 3070 3386 3071 3385 3071 3387 3071 3386 3072 3387 3072 3388 3072 3388 3073 3387 3073 3389 3073 3388 3074 3389 3074 3390 3074 3390 3075 3389 3075 3391 3075 3390 3076 3391 3076 3392 3076 3392 3077 3391 3077 3393 3077 3392 3078 3393 3078 3394 3078 3394 3079 3393 3079 3395 3079 3394 3080 3395 3080 3396 3080 3396 3081 3395 3081 3397 3081 3396 3082 3397 3082 3398 3082 3398 3083 3397 3083 3399 3083 3398 3084 3399 3084 3400 3084 3400 3085 3399 3085 3401 3085 3400 3086 3401 3086 3402 3086 3402 3087 3401 3087 3403 3087 3402 3088 3403 3088 3404 3088 3404 3089 3403 3089 3405 3089 3404 3090 3405 3090 3406 3090 3406 3091 3405 3091 3407 3091 3406 3092 3407 3092 3408 3092 3408 3093 3407 3093 3409 3093 3408 3094 3409 3094 3410 3094 3410 3095 3409 3095 3411 3095 3410 3096 3411 3096 3412 3096 3412 3097 3411 3097 3413 3097 3412 3098 3413 3098 3414 3098 3414 3099 3413 3099 3415 3099 3414 3100 3415 3100 3416 3100 3416 3101 3415 3101 3417 3101 3416 3102 3417 3102 3418 3102 3418 3103 3417 3103 3419 3103 3418 3104 3419 3104 3420 3104 3420 3105 3419 3105 3421 3105 3420 3106 3421 3106 3422 3106 3422 3107 3421 3107 3423 3107 3422 3108 3423 3108 3424 3108 3424 3109 3423 3109 3425 3109 3424 3110 3425 3110 3426 3110 3426 3111 3425 3111 3427 3111 3426 3112 3427 3112 3428 3112 3428 3113 3427 3113 3429 3113 3428 3114 3429 3114 3430 3114 3430 3115 3429 3115 3431 3115 3430 3116 3431 3116 3432 3116 3432 3117 3431 3117 3433 3117 3432 3118 3433 3118 3434 3118 3434 3119 3433 3119 3435 3119 3434 3120 3435 3120 3436 3120 3436 3121 3435 3121 3437 3121 3436 3122 3437 3122 3438 3122 3438 3123 3437 3123 3439 3123 3438 3124 3439 3124 3440 3124 3440 3125 3439 3125 3441 3125 3440 3126 3441 3126 3442 3126 3442 3127 3441 3127 3443 3127 3444 3128 3445 3128 3446 3128 3446 3129 3445 3129 3447 3129 3446 3130 3447 3130 3448 3130 3448 3131 3447 3131 3449 3131 3448 3132 3449 3132 3450 3132 3450 3133 3449 3133 3451 3133 3450 3134 3451 3134 3452 3134 3452 3135 3451 3135 3453 3135 3452 3136 3453 3136 3454 3136 3454 3137 3453 3137 3455 3137 3454 3138 3455 3138 3456 3138 3456 3139 3455 3139 3457 3139 3456 3140 3457 3140 3458 3140 3458 3141 3457 3141 3459 3141 3458 3142 3459 3142 3460 3142 3460 3143 3459 3143 3461 3143 3460 3144 3461 3144 3462 3144 3462 3145 3461 3145 3463 3145 3462 3146 3463 3146 3464 3146 3464 3147 3463 3147 3465 3147 3464 3148 3465 3148 3466 3148 3466 3149 3465 3149 3467 3149 3466 3150 3467 3150 3468 3150 3468 3151 3467 3151 3469 3151 3468 3152 3469 3152 3470 3152 3470 3153 3469 3153 3471 3153 3470 3154 3471 3154 3472 3154 3472 3155 3471 3155 3473 3155 3472 3156 3473 3156 3474 3156 3474 3157 3473 3157 3475 3157 3474 3158 3475 3158 3476 3158 3476 3159 3475 3159 3477 3159 3476 3160 3477 3160 3478 3160 3478 3161 3477 3161 3479 3161 3478 3162 3479 3162 3480 3162 3480 3163 3479 3163 3481 3163 3480 3164 3481 3164 3482 3164 3482 3165 3481 3165 3483 3165 3482 3166 3483 3166 3484 3166 3484 3167 3483 3167 3485 3167 3484 3168 3485 3168 3486 3168 3486 3169 3485 3169 3487 3169 3486 3170 3487 3170 3488 3170 3488 3171 3487 3171 3489 3171 3488 3172 3489 3172 3490 3172 3490 3173 3489 3173 3491 3173 3490 3174 3491 3174 3492 3174 3492 3175 3491 3175 3493 3175 3492 3176 3493 3176 3494 3176 3494 3177 3493 3177 3495 3177 3494 3178 3495 3178 3496 3178 3496 3179 3495 3179 3497 3179 3496 3180 3497 3180 3498 3180 3498 3181 3497 3181 3499 3181 3498 3182 3499 3182 3500 3182 3500 3183 3499 3183 3501 3183 3500 3184 3501 3184 3502 3184 3502 3185 3501 3185 3503 3185 3502 3186 3503 3186 3504 3186 3504 3187 3503 3187 3505 3187 3504 3188 3505 3188 3506 3188 3506 3189 3505 3189 3507 3189 3506 3190 3507 3190 3508 3190 3508 3191 3507 3191 3509 3191 3508 3192 3509 3192 3510 3192 3510 3193 3509 3193 3511 3193 3510 3194 3511 3194 3512 3194 3512 3195 3511 3195 3513 3195 3512 3196 3513 3196 3514 3196 3514 3197 3513 3197 3515 3197 3514 3198 3515 3198 3516 3198 3516 3199 3515 3199 3517 3199 3516 3200 3517 3200 3518 3200 3518 3201 3517 3201 3519 3201 3518 3202 3519 3202 3520 3202 3520 3203 3519 3203 3521 3203 3520 3204 3521 3204 3522 3204 3522 3205 3521 3205 3523 3205 3522 3206 3523 3206 3524 3206 3524 3207 3523 3207 3525 3207 3524 3208 3525 3208 3526 3208 3526 3209 3525 3209 3527 3209 3526 3210 3527 3210 3528 3210 3528 3211 3527 3211 3529 3211 3528 3212 3529 3212 3530 3212 3530 3213 3529 3213 3531 3213 3530 3214 3531 3214 3532 3214 3532 3215 3531 3215 3533 3215 3532 3216 3533 3216 3534 3216 3534 3217 3533 3217 3535 3217 3534 3218 3535 3218 3536 3218 3536 3219 3535 3219 3537 3219 3536 3220 3537 3220 3538 3220 3538 3221 3537 3221 3539 3221 3538 3222 3539 3222 3540 3222 3540 3223 3539 3223 3541 3223 3540 3224 3541 3224 3542 3224 3542 3225 3541 3225 3543 3225 3542 3226 3543 3226 3544 3226 3544 3227 3543 3227 3545 3227 3544 3228 3545 3228 3546 3228 3546 3229 3545 3229 3547 3229 3546 3230 3547 3230 3548 3230 3548 3231 3547 3231 3549 3231 3548 3232 3549 3232 3550 3232 3550 3233 3549 3233 3551 3233 3550 3234 3551 3234 3552 3234 3552 3235 3551 3235 3553 3235 3552 3236 3553 3236 3554 3236 3554 3237 3553 3237 3555 3237 3554 3238 3555 3238 3556 3238 3556 3239 3555 3239 3557 3239 3556 3240 3557 3240 3558 3240 3558 3241 3557 3241 3559 3241 3558 3242 3559 3242 3560 3242 3560 3243 3559 3243 3561 3243 3560 3244 3561 3244 3562 3244 3562 3245 3561 3245 3563 3245 3562 3246 3563 3246 3564 3246 3564 3247 3563 3247 3565 3247 3564 3248 3565 3248 3566 3248 3566 3249 3565 3249 3567 3249 3566 3250 3567 3250 3568 3250 3568 3251 3567 3251 3569 3251 3568 3252 3569 3252 3570 3252 3570 3253 3569 3253 3571 3253 3570 3254 3571 3254 3572 3254 3572 3255 3571 3255 3573 3255 3572 3256 3573 3256 3574 3256 3574 3257 3573 3257 3575 3257 3574 3258 3575 3258 3576 3258 3576 3259 3575 3259 3577 3259 3576 3260 3577 3260 3578 3260 3578 3261 3577 3261 3579 3261 3578 3262 3579 3262 3580 3262 3580 3263 3579 3263 3581 3263 3582 3264 3583 3264 3584 3264 3584 3265 3583 3265 3585 3265 3584 3266 3585 3266 3586 3266 3586 3267 3585 3267 3587 3267 3586 3268 3587 3268 3588 3268 3588 3269 3587 3269 3589 3269 3588 3270 3589 3270 3590 3270 3590 3271 3589 3271 3591 3271 3590 3272 3591 3272 3592 3272 3592 3273 3591 3273 3593 3273 3592 3274 3593 3274 3594 3274 3594 3275 3593 3275 3595 3275 3594 3276 3595 3276 3596 3276 3596 3277 3595 3277 3597 3277 3596 3278 3597 3278 3598 3278 3598 3279 3597 3279 3599 3279 3598 3280 3599 3280 3600 3280 3600 3281 3599 3281 3601 3281 3600 3282 3601 3282 3602 3282 3602 3283 3601 3283 3603 3283 3602 3284 3603 3284 3604 3284 3604 3285 3603 3285 3605 3285 3604 3286 3605 3286 3606 3286 3606 3287 3605 3287 3607 3287 3606 3288 3607 3288 3608 3288 3608 3289 3607 3289 3609 3289 3608 3290 3609 3290 3610 3290 3610 3291 3609 3291 3611 3291 3610 3292 3611 3292 3612 3292 3612 3293 3611 3293 3613 3293 3612 3294 3613 3294 3614 3294 3614 3295 3613 3295 3615 3295 3614 3296 3615 3296 3616 3296 3616 3297 3615 3297 3617 3297 3616 3298 3617 3298 3618 3298 3618 3299 3617 3299 3619 3299 3618 3300 3619 3300 3620 3300 3620 3301 3619 3301 3621 3301 3620 3302 3621 3302 3622 3302 3622 3303 3621 3303 3623 3303 3622 3304 3623 3304 3624 3304 3624 3305 3623 3305 3625 3305 3624 3306 3625 3306 3626 3306 3626 3307 3625 3307 3627 3307 3626 3308 3627 3308 3628 3308 3628 3309 3627 3309 3629 3309 3628 3310 3629 3310 3630 3310 3630 3311 3629 3311 3631 3311 3630 3312 3631 3312 3632 3312 3632 3313 3631 3313 3633 3313 3632 3314 3633 3314 3634 3314 3634 3315 3633 3315 3635 3315 3634 3316 3635 3316 3636 3316 3636 3317 3635 3317 3637 3317 3636 3318 3637 3318 3638 3318 3638 3319 3637 3319 3639 3319 3638 3320 3639 3320 3640 3320 3640 3321 3639 3321 3641 3321 3640 3322 3641 3322 3642 3322 3642 3323 3641 3323 3643 3323 3642 3324 3643 3324 3644 3324 3644 3325 3643 3325 3645 3325 3644 3326 3645 3326 3646 3326 3646 3327 3645 3327 3647 3327 3646 3328 3647 3328 3648 3328 3648 3329 3647 3329 3649 3329 3648 3330 3649 3330 3650 3330 3650 3331 3649 3331 3651 3331 3650 3332 3651 3332 3652 3332 3652 3333 3651 3333 3653 3333 3652 3334 3653 3334 3654 3334 3654 3335 3653 3335 3655 3335 3654 3336 3655 3336 3656 3336 3656 3337 3655 3337 3657 3337 3656 3338 3657 3338 3658 3338 3658 3339 3657 3339 3659 3339 3658 3340 3659 3340 3660 3340 3660 3341 3659 3341 3661 3341 3660 3342 3661 3342 3662 3342 3662 3343 3661 3343 3663 3343 3662 3344 3663 3344 3664 3344 3664 3345 3663 3345 3665 3345 3664 3346 3665 3346 3666 3346 3666 3347 3665 3347 3667 3347 3666 3348 3667 3348 3668 3348 3668 3349 3667 3349 3669 3349 3668 3350 3669 3350 3670 3350 3670 3351 3669 3351 3671 3351 3670 3352 3671 3352 3672 3352 3672 3353 3671 3353 3673 3353 3672 3354 3673 3354 3674 3354 3674 3355 3673 3355 3675 3355 3674 3356 3675 3356 3676 3356 3676 3357 3675 3357 3677 3357 3676 3358 3677 3358 3678 3358 3678 3359 3677 3359 3679 3359 3678 3360 3679 3360 3680 3360 3680 3361 3679 3361 3681 3361 3680 3362 3681 3362 3682 3362 3682 3363 3681 3363 3683 3363 3682 3364 3683 3364 3684 3364 3684 3365 3683 3365 3685 3365 3684 3366 3685 3366 3686 3366 3686 3367 3685 3367 3687 3367 3686 3368 3687 3368 3688 3368 3688 3369 3687 3369 3689 3369 3688 3370 3689 3370 3690 3370 3690 3371 3689 3371 3691 3371 3690 3372 3691 3372 3692 3372 3692 3373 3691 3373 3693 3373 3692 3374 3693 3374 3694 3374 3694 3375 3693 3375 3695 3375 3694 3376 3695 3376 3696 3376 3696 3377 3695 3377 3697 3377 3696 3378 3697 3378 3698 3378 3698 3379 3697 3379 3699 3379 3698 3380 3699 3380 3700 3380 3700 3381 3699 3381 3701 3381 3700 3382 3701 3382 3702 3382 3702 3383 3701 3383 3703 3383 3702 3384 3703 3384 3704 3384 3704 3385 3703 3385 3705 3385 3704 3386 3705 3386 3706 3386 3706 3387 3705 3387 3707 3387 3706 3388 3707 3388 3708 3388 3708 3389 3707 3389 3709 3389 3708 3390 3709 3390 3710 3390 3710 3391 3709 3391 3711 3391 3710 3392 3711 3392 3712 3392 3712 3393 3711 3393 3713 3393 3712 3394 3713 3394 3714 3394 3714 3395 3713 3395 3715 3395 3714 3396 3715 3396 3716 3396 3716 3397 3715 3397 3717 3397 3716 3398 3717 3398 3718 3398 3718 3399 3717 3399 3719 3399 3720 3400 3721 3400 3722 3400 3722 3401 3721 3401 3723 3401 3722 3402 3723 3402 3724 3402 3724 3403 3723 3403 3725 3403 3724 3404 3725 3404 3726 3404 3726 3405 3725 3405 3727 3405 3726 3406 3727 3406 3728 3406 3728 3407 3727 3407 3729 3407 3728 3408 3729 3408 3730 3408 3730 3409 3729 3409 3731 3409 3730 3410 3731 3410 3732 3410 3732 3411 3731 3411 3733 3411 3732 3412 3733 3412 3734 3412 3734 3413 3733 3413 3735 3413 3734 3414 3735 3414 3736 3414 3736 3415 3735 3415 3737 3415 3736 3416 3737 3416 3738 3416 3738 3417 3737 3417 3739 3417 3738 3418 3739 3418 3740 3418 3740 3419 3739 3419 3741 3419 3740 3420 3741 3420 3742 3420 3742 3421 3741 3421 3743 3421 3742 3422 3743 3422 3744 3422 3744 3423 3743 3423 3745 3423 3744 3424 3745 3424 3746 3424 3746 3425 3745 3425 3747 3425 3746 3426 3747 3426 3748 3426 3748 3427 3747 3427 3749 3427 3748 3428 3749 3428 3750 3428 3750 3429 3749 3429 3751 3429 3750 3430 3751 3430 3752 3430 3752 3431 3751 3431 3753 3431 3752 3432 3753 3432 3754 3432 3754 3433 3753 3433 3755 3433 3754 3434 3755 3434 3756 3434 3756 3435 3755 3435 3757 3435 3756 3436 3757 3436 3758 3436 3758 3437 3757 3437 3759 3437 3758 3438 3759 3438 3760 3438 3760 3439 3759 3439 3761 3439 3760 3440 3761 3440 3762 3440 3762 3441 3761 3441 3763 3441 3762 3442 3763 3442 3764 3442 3764 3443 3763 3443 3765 3443 3764 3444 3765 3444 3766 3444 3766 3445 3765 3445 3767 3445 3766 3446 3767 3446 3768 3446 3768 3447 3767 3447 3769 3447 3768 3448 3769 3448 3770 3448 3770 3449 3769 3449 3771 3449 3770 3450 3771 3450 3772 3450 3772 3451 3771 3451 3773 3451 3772 3452 3773 3452 3774 3452 3774 3453 3773 3453 3775 3453 3774 3454 3775 3454 3776 3454 3776 3455 3775 3455 3777 3455 3776 3456 3777 3456 3778 3456 3778 3457 3777 3457 3779 3457 3778 3458 3779 3458 3780 3458 3780 3459 3779 3459 3781 3459 3780 3460 3781 3460 3782 3460 3782 3461 3781 3461 3783 3461 3782 3462 3783 3462 3784 3462 3784 3463 3783 3463 3785 3463 3784 3464 3785 3464 3786 3464 3786 3465 3785 3465 3787 3465 3786 3466 3787 3466 3788 3466 3788 3467 3787 3467 3789 3467 3788 3468 3789 3468 3790 3468 3790 3469 3789 3469 3791 3469 3790 3470 3791 3470 3792 3470 3792 3471 3791 3471 3793 3471 3792 3472 3793 3472 3794 3472 3794 3473 3793 3473 3795 3473 3794 3474 3795 3474 3796 3474 3796 3475 3795 3475 3797 3475 3796 3476 3797 3476 3798 3476 3798 3477 3797 3477 3799 3477 3798 3478 3799 3478 3800 3478 3800 3479 3799 3479 3801 3479 3800 3480 3801 3480 3802 3480 3802 3481 3801 3481 3803 3481 3802 3482 3803 3482 3804 3482 3804 3483 3803 3483 3805 3483 3804 3484 3805 3484 3806 3484 3806 3485 3805 3485 3807 3485 3806 3486 3807 3486 3808 3486 3808 3487 3807 3487 3809 3487 3808 3488 3809 3488 3810 3488 3810 3489 3809 3489 3811 3489 3810 3490 3811 3490 3812 3490 3812 3491 3811 3491 3813 3491 3812 3492 3813 3492 3814 3492 3814 3493 3813 3493 3815 3493 3814 3494 3815 3494 3816 3494 3816 3495 3815 3495 3817 3495 3816 3496 3817 3496 3818 3496 3818 3497 3817 3497 3819 3497 3818 3498 3819 3498 3820 3498 3820 3499 3819 3499 3821 3499 3820 3500 3821 3500 3822 3500 3822 3501 3821 3501 3823 3501 3822 3502 3823 3502 3824 3502 3824 3503 3823 3503 3825 3503 3824 3504 3825 3504 3826 3504 3826 3505 3825 3505 3827 3505 3826 3506 3827 3506 3828 3506 3828 3507 3827 3507 3829 3507 3828 3508 3829 3508 3830 3508 3830 3509 3829 3509 3831 3509 3830 3510 3831 3510 3832 3510 3832 3511 3831 3511 3833 3511 3832 3512 3833 3512 3834 3512 3834 3513 3833 3513 3835 3513 3834 3514 3835 3514 3836 3514 3836 3515 3835 3515 3837 3515 3836 3516 3837 3516 3838 3516 3838 3517 3837 3517 3839 3517 3838 3518 3839 3518 3840 3518 3840 3519 3839 3519 3841 3519 3840 3520 3841 3520 3842 3520 3842 3521 3841 3521 3843 3521 3842 3522 3843 3522 3844 3522 3844 3523 3843 3523 3845 3523 3844 3524 3845 3524 3846 3524 3846 3525 3845 3525 3847 3525 3846 3526 3847 3526 3848 3526 3848 3527 3847 3527 3849 3527 3848 3528 3849 3528 3850 3528 3850 3529 3849 3529 3851 3529 3850 3530 3851 3530 3852 3530 3852 3531 3851 3531 3853 3531 3852 3532 3853 3532 3854 3532 3854 3533 3853 3533 3855 3533 3854 3534 3855 3534 3856 3534 3856 3535 3855 3535 3857 3535 3858 3536 3859 3536 3860 3536 3860 3537 3859 3537 3861 3537 3860 3538 3861 3538 3862 3538 3862 3539 3861 3539 3863 3539 3862 3540 3863 3540 3864 3540 3864 3541 3863 3541 3865 3541 3864 3542 3865 3542 3866 3542 3866 3543 3865 3543 3867 3543 3866 3544 3867 3544 3868 3544 3868 3545 3867 3545 3869 3545 3868 3546 3869 3546 3870 3546 3870 3547 3869 3547 3871 3547 3870 3548 3871 3548 3872 3548 3872 3549 3871 3549 3873 3549 3872 3550 3873 3550 3874 3550 3874 3551 3873 3551 3875 3551 3874 3552 3875 3552 3876 3552 3876 3553 3875 3553 3877 3553 3876 3554 3877 3554 3878 3554 3878 3555 3877 3555 3879 3555 3878 3556 3879 3556 3880 3556 3880 3557 3879 3557 3881 3557 3880 3558 3881 3558 3882 3558 3882 3559 3881 3559 3883 3559 3882 3560 3883 3560 3884 3560 3884 3561 3883 3561 3885 3561 3884 3562 3885 3562 3886 3562 3886 3563 3885 3563 3887 3563 3886 3564 3887 3564 3888 3564 3888 3565 3887 3565 3889 3565 3888 3566 3889 3566 3890 3566 3890 3567 3889 3567 3891 3567 3890 3568 3891 3568 3892 3568 3892 3569 3891 3569 3893 3569 3892 3570 3893 3570 3894 3570 3894 3571 3893 3571 3895 3571 3894 3572 3895 3572 3896 3572 3896 3573 3895 3573 3897 3573 3896 3574 3897 3574 3898 3574 3898 3575 3897 3575 3899 3575 3898 3576 3899 3576 3900 3576 3900 3577 3899 3577 3901 3577 3900 3578 3901 3578 3902 3578 3902 3579 3901 3579 3903 3579 3902 3580 3903 3580 3904 3580 3904 3581 3903 3581 3905 3581 3904 3582 3905 3582 3906 3582 3906 3583 3905 3583 3907 3583 3906 3584 3907 3584 3908 3584 3908 3585 3907 3585 3909 3585 3908 3586 3909 3586 3910 3586 3910 3587 3909 3587 3911 3587 3910 3588 3911 3588 3912 3588 3912 3589 3911 3589 3913 3589 3912 3590 3913 3590 3914 3590 3914 3591 3913 3591 3915 3591 3914 3592 3915 3592 3916 3592 3916 3593 3915 3593 3917 3593 3916 3594 3917 3594 3918 3594 3918 3595 3917 3595 3919 3595 3918 3596 3919 3596 3920 3596 3920 3597 3919 3597 3921 3597 3920 3598 3921 3598 3922 3598 3922 3599 3921 3599 3923 3599 3922 3600 3923 3600 3924 3600 3924 3601 3923 3601 3925 3601 3924 3602 3925 3602 3926 3602 3926 3603 3925 3603 3927 3603 3926 3604 3927 3604 3928 3604 3928 3605 3927 3605 3929 3605 3928 3606 3929 3606 3930 3606 3930 3607 3929 3607 3931 3607 3930 3608 3931 3608 3932 3608 3932 3609 3931 3609 3933 3609 3932 3610 3933 3610 3934 3610 3934 3611 3933 3611 3935 3611 3934 3612 3935 3612 3936 3612 3936 3613 3935 3613 3937 3613 3936 3614 3937 3614 3938 3614 3938 3615 3937 3615 3939 3615 3938 3616 3939 3616 3940 3616 3940 3617 3939 3617 3941 3617 3940 3618 3941 3618 3942 3618 3942 3619 3941 3619 3943 3619 3942 3620 3943 3620 3944 3620 3944 3621 3943 3621 3945 3621 3944 3622 3945 3622 3946 3622 3946 3623 3945 3623 3947 3623 3946 3624 3947 3624 3948 3624 3948 3625 3947 3625 3949 3625 3948 3626 3949 3626 3950 3626 3950 3627 3949 3627 3951 3627 3950 3628 3951 3628 3952 3628 3952 3629 3951 3629 3953 3629 3952 3630 3953 3630 3954 3630 3954 3631 3953 3631 3955 3631 3954 3632 3955 3632 3956 3632 3956 3633 3955 3633 3957 3633 3956 3634 3957 3634 3958 3634 3958 3635 3957 3635 3959 3635 3958 3636 3959 3636 3960 3636 3960 3637 3959 3637 3961 3637 3960 3638 3961 3638 3962 3638 3962 3639 3961 3639 3963 3639 3962 3640 3963 3640 3964 3640 3964 3641 3963 3641 3965 3641 3964 3642 3965 3642 3966 3642 3966 3643 3965 3643 3967 3643 3966 3644 3967 3644 3968 3644 3968 3645 3967 3645 3969 3645 3968 3646 3969 3646 3970 3646 3970 3647 3969 3647 3971 3647 3970 3648 3971 3648 3972 3648 3972 3649 3971 3649 3973 3649 3972 3650 3973 3650 3974 3650 3974 3651 3973 3651 3975 3651 3974 3652 3975 3652 3976 3652 3976 3653 3975 3653 3977 3653 3976 3654 3977 3654 3978 3654 3978 3655 3977 3655 3979 3655 3978 3656 3979 3656 3980 3656 3980 3657 3979 3657 3981 3657 3980 3658 3981 3658 3982 3658 3982 3659 3981 3659 3983 3659 3982 3660 3983 3660 3984 3660 3984 3661 3983 3661 3985 3661 3984 3662 3985 3662 3986 3662 3986 3663 3985 3663 3987 3663 3986 3664 3987 3664 3988 3664 3988 3665 3987 3665 3989 3665 3988 3666 3989 3666 3990 3666 3990 3667 3989 3667 3991 3667 3990 3668 3991 3668 3992 3668 3992 3669 3991 3669 3993 3669 3992 3670 3993 3670 3994 3670 3994 3671 3993 3671 3995 3671 3996 3672 3997 3672 3998 3672 3998 3673 3997 3673 3999 3673 3998 3674 3999 3674 4000 3674 4000 3675 3999 3675 4001 3675 4000 3676 4001 3676 4002 3676 4002 3677 4001 3677 4003 3677 4002 3678 4003 3678 4004 3678 4004 3679 4003 3679 4005 3679 4004 3680 4005 3680 4006 3680 4006 3681 4005 3681 4007 3681 4006 3682 4007 3682 4008 3682 4008 3683 4007 3683 4009 3683 4008 3684 4009 3684 4010 3684 4010 3685 4009 3685 4011 3685 4010 3686 4011 3686 4012 3686 4012 3687 4011 3687 4013 3687 4012 3688 4013 3688 4014 3688 4014 3689 4013 3689 4015 3689 4014 3690 4015 3690 4016 3690 4016 3691 4015 3691 4017 3691 4016 3692 4017 3692 4018 3692 4018 3693 4017 3693 4019 3693 4018 3694 4019 3694 4020 3694 4020 3695 4019 3695 4021 3695 4020 3696 4021 3696 4022 3696 4022 3697 4021 3697 4023 3697 4022 3698 4023 3698 4024 3698 4024 3699 4023 3699 4025 3699 4024 3700 4025 3700 4026 3700 4026 3701 4025 3701 4027 3701 4026 3702 4027 3702 4028 3702 4028 3703 4027 3703 4029 3703 4028 3704 4029 3704 4030 3704 4030 3705 4029 3705 4031 3705 4030 3706 4031 3706 4032 3706 4032 3707 4031 3707 4033 3707 4032 3708 4033 3708 4034 3708 4034 3709 4033 3709 4035 3709 4034 3710 4035 3710 4036 3710 4036 3711 4035 3711 4037 3711 4036 3712 4037 3712 4038 3712 4038 3713 4037 3713 4039 3713 4038 3714 4039 3714 4040 3714 4040 3715 4039 3715 4041 3715 4040 3716 4041 3716 4042 3716 4042 3717 4041 3717 4043 3717 4042 3718 4043 3718 4044 3718 4044 3719 4043 3719 4045 3719 4044 3720 4045 3720 4046 3720 4046 3721 4045 3721 4047 3721 4046 3722 4047 3722 4048 3722 4048 3723 4047 3723 4049 3723 4048 3724 4049 3724 4050 3724 4050 3725 4049 3725 4051 3725 4050 3726 4051 3726 4052 3726 4052 3727 4051 3727 4053 3727 4052 3728 4053 3728 4054 3728 4054 3729 4053 3729 4055 3729 4054 3730 4055 3730 4056 3730 4056 3731 4055 3731 4057 3731 4056 3732 4057 3732 4058 3732 4058 3733 4057 3733 4059 3733 4058 3734 4059 3734 4060 3734 4060 3735 4059 3735 4061 3735 4060 3736 4061 3736 4062 3736 4062 3737 4061 3737 4063 3737 4062 3738 4063 3738 4064 3738 4064 3739 4063 3739 4065 3739 4064 3740 4065 3740 4066 3740 4066 3741 4065 3741 4067 3741 4066 3742 4067 3742 4068 3742 4068 3743 4067 3743 4069 3743 4068 3744 4069 3744 4070 3744 4070 3745 4069 3745 4071 3745 4070 3746 4071 3746 4072 3746 4072 3747 4071 3747 4073 3747 4072 3748 4073 3748 4074 3748 4074 3749 4073 3749 4075 3749 4074 3750 4075 3750 4076 3750 4076 3751 4075 3751 4077 3751 4076 3752 4077 3752 4078 3752 4078 3753 4077 3753 4079 3753 4078 3754 4079 3754 4080 3754 4080 3755 4079 3755 4081 3755 4080 3756 4081 3756 4082 3756 4082 3757 4081 3757 4083 3757 4082 3758 4083 3758 4084 3758 4084 3759 4083 3759 4085 3759 4084 3760 4085 3760 4086 3760 4086 3761 4085 3761 4087 3761 4086 3762 4087 3762 4088 3762 4088 3763 4087 3763 4089 3763 4088 3764 4089 3764 4090 3764 4090 3765 4089 3765 4091 3765 4090 3766 4091 3766 4092 3766 4092 3767 4091 3767 4093 3767 4092 3768 4093 3768 4094 3768 4094 3769 4093 3769 4095 3769 4094 3770 4095 3770 4096 3770 4096 3771 4095 3771 4097 3771 4096 3772 4097 3772 4098 3772 4098 3773 4097 3773 4099 3773 4098 3774 4099 3774 4100 3774 4100 3775 4099 3775 4101 3775 4100 3776 4101 3776 4102 3776 4102 3777 4101 3777 4103 3777 4102 3778 4103 3778 4104 3778 4104 3779 4103 3779 4105 3779 4104 3780 4105 3780 4106 3780 4106 3781 4105 3781 4107 3781 4106 3782 4107 3782 4108 3782 4108 3783 4107 3783 4109 3783 4108 3784 4109 3784 4110 3784 4110 3785 4109 3785 4111 3785 4110 3786 4111 3786 4112 3786 4112 3787 4111 3787 4113 3787 4112 3788 4113 3788 4114 3788 4114 3789 4113 3789 4115 3789 4114 3790 4115 3790 4116 3790 4116 3791 4115 3791 4117 3791 4116 3792 4117 3792 4118 3792 4118 3793 4117 3793 4119 3793 4118 3794 4119 3794 4120 3794 4120 3795 4119 3795 4121 3795 4120 3796 4121 3796 4122 3796 4122 3797 4121 3797 4123 3797 4122 3798 4123 3798 4124 3798 4124 3799 4123 3799 4125 3799 4124 3800 4125 3800 4126 3800 4126 3801 4125 3801 4127 3801 4126 3802 4127 3802 4128 3802 4128 3803 4127 3803 4129 3803 4128 3804 4129 3804 4130 3804 4130 3805 4129 3805 4131 3805 4130 3806 4131 3806 4132 3806 4132 3807 4131 3807 4133 3807 4134 3808 4135 3808 4136 3808 4136 3809 4135 3809 4137 3809 4136 3810 4137 3810 4138 3810 4138 3811 4137 3811 4139 3811 4138 3812 4139 3812 4140 3812 4140 3813 4139 3813 4141 3813 4140 3814 4141 3814 4142 3814 4142 3815 4141 3815 4143 3815 4142 3816 4143 3816 4144 3816 4144 3817 4143 3817 4145 3817 4144 3818 4145 3818 4146 3818 4146 3819 4145 3819 4147 3819 4146 3820 4147 3820 4148 3820 4148 3821 4147 3821 4149 3821 4148 3822 4149 3822 4150 3822 4150 3823 4149 3823 4151 3823 4150 3824 4151 3824 4152 3824 4152 3825 4151 3825 4153 3825 4152 3826 4153 3826 4154 3826 4154 3827 4153 3827 4155 3827 4154 3828 4155 3828 4156 3828 4156 3829 4155 3829 4157 3829 4156 3830 4157 3830 4158 3830 4158 3831 4157 3831 4159 3831 4158 3832 4159 3832 4160 3832 4160 3833 4159 3833 4161 3833 4160 3834 4161 3834 4162 3834 4162 3835 4161 3835 4163 3835 4162 3836 4163 3836 4164 3836 4164 3837 4163 3837 4165 3837 4164 3838 4165 3838 4166 3838 4166 3839 4165 3839 4167 3839 4166 3840 4167 3840 4168 3840 4168 3841 4167 3841 4169 3841 4168 3842 4169 3842 4170 3842 4170 3843 4169 3843 4171 3843 4170 3844 4171 3844 4172 3844 4172 3845 4171 3845 4173 3845 4172 3846 4173 3846 4174 3846 4174 3847 4173 3847 4175 3847 4174 3848 4175 3848 4176 3848 4176 3849 4175 3849 4177 3849 4176 3850 4177 3850 4178 3850 4178 3851 4177 3851 4179 3851 4178 3852 4179 3852 4180 3852 4180 3853 4179 3853 4181 3853 4180 3854 4181 3854 4182 3854 4182 3855 4181 3855 4183 3855 4182 3856 4183 3856 4184 3856 4184 3857 4183 3857 4185 3857 4184 3858 4185 3858 4186 3858 4186 3859 4185 3859 4187 3859 4186 3860 4187 3860 4188 3860 4188 3861 4187 3861 4189 3861 4188 3862 4189 3862 4190 3862 4190 3863 4189 3863 4191 3863 4190 3864 4191 3864 4192 3864 4192 3865 4191 3865 4193 3865 4192 3866 4193 3866 4194 3866 4194 3867 4193 3867 4195 3867 4194 3868 4195 3868 4196 3868 4196 3869 4195 3869 4197 3869 4196 3870 4197 3870 4198 3870 4198 3871 4197 3871 4199 3871 4198 3872 4199 3872 4200 3872 4200 3873 4199 3873 4201 3873 4200 3874 4201 3874 4202 3874 4202 3875 4201 3875 4203 3875 4202 3876 4203 3876 4204 3876 4204 3877 4203 3877 4205 3877 4204 3878 4205 3878 4206 3878 4206 3879 4205 3879 4207 3879 4206 3880 4207 3880 4208 3880 4208 3881 4207 3881 4209 3881 4208 3882 4209 3882 4210 3882 4210 3883 4209 3883 4211 3883 4210 3884 4211 3884 4212 3884 4212 3885 4211 3885 4213 3885 4212 3886 4213 3886 4214 3886 4214 3887 4213 3887 4215 3887 4214 3888 4215 3888 4216 3888 4216 3889 4215 3889 4217 3889 4216 3890 4217 3890 4218 3890 4218 3891 4217 3891 4219 3891 4218 3892 4219 3892 4220 3892 4220 3893 4219 3893 4221 3893 4220 3894 4221 3894 4222 3894 4222 3895 4221 3895 4223 3895 4222 3896 4223 3896 4224 3896 4224 3897 4223 3897 4225 3897 4224 3898 4225 3898 4226 3898 4226 3899 4225 3899 4227 3899 4226 3900 4227 3900 4228 3900 4228 3901 4227 3901 4229 3901 4228 3902 4229 3902 4230 3902 4230 3903 4229 3903 4231 3903 4230 3904 4231 3904 4232 3904 4232 3905 4231 3905 4233 3905 4232 3906 4233 3906 4234 3906 4234 3907 4233 3907 4235 3907 4234 3908 4235 3908 4236 3908 4236 3909 4235 3909 4237 3909 4236 3910 4237 3910 4238 3910 4238 3911 4237 3911 4239 3911 4238 3912 4239 3912 4240 3912 4240 3913 4239 3913 4241 3913 4240 3914 4241 3914 4242 3914 4242 3915 4241 3915 4243 3915 4242 3916 4243 3916 4244 3916 4244 3917 4243 3917 4245 3917 4244 3918 4245 3918 4246 3918 4246 3919 4245 3919 4247 3919 4246 3920 4247 3920 4248 3920 4248 3921 4247 3921 4249 3921 4248 3922 4249 3922 4250 3922 4250 3923 4249 3923 4251 3923 4250 3924 4251 3924 4252 3924 4252 3925 4251 3925 4253 3925 4252 3926 4253 3926 4254 3926 4254 3927 4253 3927 4255 3927 4254 3928 4255 3928 4256 3928 4256 3929 4255 3929 4257 3929 4256 3930 4257 3930 4258 3930 4258 3931 4257 3931 4259 3931 4258 3932 4259 3932 4260 3932 4260 3933 4259 3933 4261 3933 4260 3934 4261 3934 4262 3934 4262 3935 4261 3935 4263 3935 4262 3936 4263 3936 4264 3936 4264 3937 4263 3937 4265 3937 4264 3938 4265 3938 4266 3938 4266 3939 4265 3939 4267 3939 4266 3940 4267 3940 4268 3940 4268 3941 4267 3941 4269 3941 4268 3942 4269 3942 4270 3942 4270 3943 4269 3943 4271 3943 4272 3944 4273 3944 4274 3944 4274 3945 4273 3945 4275 3945 4274 3946 4275 3946 4276 3946 4276 3947 4275 3947 4277 3947 4276 3948 4277 3948 4278 3948 4278 3949 4277 3949 4279 3949 4278 3950 4279 3950 4280 3950 4280 3951 4279 3951 4281 3951 4280 3952 4281 3952 4282 3952 4282 3953 4281 3953 4283 3953 4282 3954 4283 3954 4284 3954 4284 3955 4283 3955 4285 3955 4284 3956 4285 3956 4286 3956 4286 3957 4285 3957 4287 3957 4286 3958 4287 3958 4288 3958 4288 3959 4287 3959 4289 3959 4288 3960 4289 3960 4290 3960 4290 3961 4289 3961 4291 3961 4290 3962 4291 3962 4292 3962 4292 3963 4291 3963 4293 3963 4292 3964 4293 3964 4294 3964 4294 3965 4293 3965 4295 3965 4294 3966 4295 3966 4296 3966 4296 3967 4295 3967 4297 3967 4296 3968 4297 3968 4298 3968 4298 3969 4297 3969 4299 3969 4298 3970 4299 3970 4300 3970 4300 3971 4299 3971 4301 3971 4300 3972 4301 3972 4302 3972 4302 3973 4301 3973 4303 3973 4302 3974 4303 3974 4304 3974 4304 3975 4303 3975 4305 3975 4304 3976 4305 3976 4306 3976 4306 3977 4305 3977 4307 3977 4306 3978 4307 3978 4308 3978 4308 3979 4307 3979 4309 3979 4308 3980 4309 3980 4310 3980 4310 3981 4309 3981 4311 3981 4310 3982 4311 3982 4312 3982 4312 3983 4311 3983 4313 3983 4312 3984 4313 3984 4314 3984 4314 3985 4313 3985 4315 3985 4314 3986 4315 3986 4316 3986 4316 3987 4315 3987 4317 3987 4316 3988 4317 3988 4318 3988 4318 3989 4317 3989 4319 3989 4318 3990 4319 3990 4320 3990 4320 3991 4319 3991 4321 3991 4320 3992 4321 3992 4322 3992 4322 3993 4321 3993 4323 3993 4322 3994 4323 3994 4324 3994 4324 3995 4323 3995 4325 3995 4324 3996 4325 3996 4326 3996 4326 3997 4325 3997 4327 3997 4326 3998 4327 3998 4328 3998 4328 3999 4327 3999 4329 3999 4328 4000 4329 4000 4330 4000 4330 4001 4329 4001 4331 4001 4330 4002 4331 4002 4332 4002 4332 4003 4331 4003 4333 4003 4332 4004 4333 4004 4334 4004 4334 4005 4333 4005 4335 4005 4334 4006 4335 4006 4336 4006 4336 4007 4335 4007 4337 4007 4336 4008 4337 4008 4338 4008 4338 4009 4337 4009 4339 4009 4338 4010 4339 4010 4340 4010 4340 4011 4339 4011 4341 4011 4340 4012 4341 4012 4342 4012 4342 4013 4341 4013 4343 4013 4342 4014 4343 4014 4344 4014 4344 4015 4343 4015 4345 4015 4344 4016 4345 4016 4346 4016 4346 4017 4345 4017 4347 4017 4346 4018 4347 4018 4348 4018 4348 4019 4347 4019 4349 4019 4348 4020 4349 4020 4350 4020 4350 4021 4349 4021 4351 4021 4350 4022 4351 4022 4352 4022 4352 4023 4351 4023 4353 4023 4352 4024 4353 4024 4354 4024 4354 4025 4353 4025 4355 4025 4354 4026 4355 4026 4356 4026 4356 4027 4355 4027 4357 4027 4356 4028 4357 4028 4358 4028 4358 4029 4357 4029 4359 4029 4358 4030 4359 4030 4360 4030 4360 4031 4359 4031 4361 4031 4360 4032 4361 4032 4362 4032 4362 4033 4361 4033 4363 4033 4362 4034 4363 4034 4364 4034 4364 4035 4363 4035 4365 4035 4364 4036 4365 4036 4366 4036 4366 4037 4365 4037 4367 4037 4366 4038 4367 4038 4368 4038 4368 4039 4367 4039 4369 4039 4368 4040 4369 4040 4370 4040 4370 4041 4369 4041 4371 4041 4370 4042 4371 4042 4372 4042 4372 4043 4371 4043 4373 4043 4372 4044 4373 4044 4374 4044 4374 4045 4373 4045 4375 4045 4374 4046 4375 4046 4376 4046 4376 4047 4375 4047 4377 4047 4376 4048 4377 4048 4378 4048 4378 4049 4377 4049 4379 4049 4378 4050 4379 4050 4380 4050 4380 4051 4379 4051 4381 4051 4380 4052 4381 4052 4382 4052 4382 4053 4381 4053 4383 4053 4382 4054 4383 4054 4384 4054 4384 4055 4383 4055 4385 4055 4384 4056 4385 4056 4386 4056 4386 4057 4385 4057 4387 4057 4386 4058 4387 4058 4388 4058 4388 4059 4387 4059 4389 4059 4388 4060 4389 4060 4390 4060 4390 4061 4389 4061 4391 4061 4390 4062 4391 4062 4392 4062 4392 4063 4391 4063 4393 4063 4392 4064 4393 4064 4394 4064 4394 4065 4393 4065 4395 4065 4394 4066 4395 4066 4396 4066 4396 4067 4395 4067 4397 4067 4396 4068 4397 4068 4398 4068 4398 4069 4397 4069 4399 4069 4398 4070 4399 4070 4400 4070 4400 4071 4399 4071 4401 4071 4400 4072 4401 4072 4402 4072 4402 4073 4401 4073 4403 4073 4402 4074 4403 4074 4404 4074 4404 4075 4403 4075 4405 4075 4404 4076 4405 4076 4406 4076 4406 4077 4405 4077 4407 4077 4406 4078 4407 4078 4408 4078 4408 4079 4407 4079 4409 4079 4410 4080 4411 4080 4412 4080 4412 4081 4411 4081 4413 4081 4412 4082 4413 4082 4414 4082 4414 4083 4413 4083 4415 4083 4414 4084 4415 4084 4416 4084 4416 4085 4415 4085 4417 4085 4416 4086 4417 4086 4418 4086 4418 4087 4417 4087 4419 4087 4418 4088 4419 4088 4420 4088 4420 4089 4419 4089 4421 4089 4420 4090 4421 4090 4422 4090 4422 4091 4421 4091 4423 4091 4422 4092 4423 4092 4424 4092 4424 4093 4423 4093 4425 4093 4424 4094 4425 4094 4426 4094 4426 4095 4425 4095 4427 4095 4426 4096 4427 4096 4428 4096 4428 4097 4427 4097 4429 4097 4428 4098 4429 4098 4430 4098 4430 4099 4429 4099 4431 4099 4430 4100 4431 4100 4432 4100 4432 4101 4431 4101 4433 4101 4432 4102 4433 4102 4434 4102 4434 4103 4433 4103 4435 4103 4434 4104 4435 4104 4436 4104 4436 4105 4435 4105 4437 4105 4436 4106 4437 4106 4438 4106 4438 4107 4437 4107 4439 4107 4438 4108 4439 4108 4440 4108 4440 4109 4439 4109 4441 4109 4440 4110 4441 4110 4442 4110 4442 4111 4441 4111 4443 4111 4442 4112 4443 4112 4444 4112 4444 4113 4443 4113 4445 4113 4444 4114 4445 4114 4446 4114 4446 4115 4445 4115 4447 4115 4446 4116 4447 4116 4448 4116 4448 4117 4447 4117 4449 4117 4448 4118 4449 4118 4450 4118 4450 4119 4449 4119 4451 4119 4450 4120 4451 4120 4452 4120 4452 4121 4451 4121 4453 4121 4452 4122 4453 4122 4454 4122 4454 4123 4453 4123 4455 4123 4454 4124 4455 4124 4456 4124 4456 4125 4455 4125 4457 4125 4456 4126 4457 4126 4458 4126 4458 4127 4457 4127 4459 4127 4458 4128 4459 4128 4460 4128 4460 4129 4459 4129 4461 4129 4460 4130 4461 4130 4462 4130 4462 4131 4461 4131 4463 4131 4462 4132 4463 4132 4464 4132 4464 4133 4463 4133 4465 4133 4464 4134 4465 4134 4466 4134 4466 4135 4465 4135 4467 4135 4466 4136 4467 4136 4468 4136 4468 4137 4467 4137 4469 4137 4468 4138 4469 4138 4470 4138 4470 4139 4469 4139 4471 4139 4470 4140 4471 4140 4472 4140 4472 4141 4471 4141 4473 4141 4472 4142 4473 4142 4474 4142 4474 4143 4473 4143 4475 4143 4474 4144 4475 4144 4476 4144 4476 4145 4475 4145 4477 4145 4476 4146 4477 4146 4478 4146 4478 4147 4477 4147 4479 4147 4478 4148 4479 4148 4480 4148 4480 4149 4479 4149 4481 4149 4480 4150 4481 4150 4482 4150 4482 4151 4481 4151 4483 4151 4482 4152 4483 4152 4484 4152 4484 4153 4483 4153 4485 4153 4484 4154 4485 4154 4486 4154 4486 4155 4485 4155 4487 4155 4486 4156 4487 4156 4488 4156 4488 4157 4487 4157 4489 4157 4488 4158 4489 4158 4490 4158 4490 4159 4489 4159 4491 4159 4490 4160 4491 4160 4492 4160 4492 4161 4491 4161 4493 4161 4492 4162 4493 4162 4494 4162 4494 4163 4493 4163 4495 4163 4494 4164 4495 4164 4496 4164 4496 4165 4495 4165 4497 4165 4496 4166 4497 4166 4498 4166 4498 4167 4497 4167 4499 4167 4498 4168 4499 4168 4500 4168 4500 4169 4499 4169 4501 4169 4500 4170 4501 4170 4502 4170 4502 4171 4501 4171 4503 4171 4502 4172 4503 4172 4504 4172 4504 4173 4503 4173 4505 4173 4504 4174 4505 4174 4506 4174 4506 4175 4505 4175 4507 4175 4506 4176 4507 4176 4508 4176 4508 4177 4507 4177 4509 4177 4508 4178 4509 4178 4510 4178 4510 4179 4509 4179 4511 4179 4510 4180 4511 4180 4512 4180 4512 4181 4511 4181 4513 4181 4512 4182 4513 4182 4514 4182 4514 4183 4513 4183 4515 4183 4514 4184 4515 4184 4516 4184 4516 4185 4515 4185 4517 4185 4516 4186 4517 4186 4518 4186 4518 4187 4517 4187 4519 4187 4518 4188 4519 4188 4520 4188 4520 4189 4519 4189 4521 4189 4520 4190 4521 4190 4522 4190 4522 4191 4521 4191 4523 4191 4522 4192 4523 4192 4524 4192 4524 4193 4523 4193 4525 4193 4524 4194 4525 4194 4526 4194 4526 4195 4525 4195 4527 4195 4526 4196 4527 4196 4528 4196 4528 4197 4527 4197 4529 4197 4528 4198 4529 4198 4530 4198 4530 4199 4529 4199 4531 4199 4530 4200 4531 4200 4532 4200 4532 4201 4531 4201 4533 4201 4532 4202 4533 4202 4534 4202 4534 4203 4533 4203 4535 4203 4534 4204 4535 4204 4536 4204 4536 4205 4535 4205 4537 4205 4536 4206 4537 4206 4538 4206 4538 4207 4537 4207 4539 4207 4538 4208 4539 4208 4540 4208 4540 4209 4539 4209 4541 4209 4540 4210 4541 4210 4542 4210 4542 4211 4541 4211 4543 4211 4542 4212 4543 4212 4544 4212 4544 4213 4543 4213 4545 4213 4544 4214 4545 4214 4546 4214 4546 4215 4545 4215 4547 4215 4548 4216 4549 4216 4550 4216 4550 4217 4549 4217 4551 4217 4550 4218 4551 4218 4552 4218 4552 4219 4551 4219 4553 4219 4552 4220 4553 4220 4554 4220 4554 4221 4553 4221 4555 4221 4554 4222 4555 4222 4556 4222 4556 4223 4555 4223 4557 4223 4556 4224 4557 4224 4558 4224 4558 4225 4557 4225 4559 4225 4558 4226 4559 4226 4560 4226 4560 4227 4559 4227 4561 4227 4560 4228 4561 4228 4562 4228 4562 4229 4561 4229 4563 4229 4562 4230 4563 4230 4564 4230 4564 4231 4563 4231 4565 4231 4564 4232 4565 4232 4566 4232 4566 4233 4565 4233 4567 4233 4566 4234 4567 4234 4568 4234 4568 4235 4567 4235 4569 4235 4568 4236 4569 4236 4570 4236 4570 4237 4569 4237 4571 4237 4570 4238 4571 4238 4572 4238 4572 4239 4571 4239 4573 4239 4572 4240 4573 4240 4574 4240 4574 4241 4573 4241 4575 4241 4574 4242 4575 4242 4576 4242 4576 4243 4575 4243 4577 4243 4576 4244 4577 4244 4578 4244 4578 4245 4577 4245 4579 4245 4578 4246 4579 4246 4580 4246 4580 4247 4579 4247 4581 4247 4580 4248 4581 4248 4582 4248 4582 4249 4581 4249 4583 4249 4582 4250 4583 4250 4584 4250 4584 4251 4583 4251 4585 4251 4584 4252 4585 4252 4586 4252 4586 4253 4585 4253 4587 4253 4586 4254 4587 4254 4588 4254 4588 4255 4587 4255 4589 4255 4588 4256 4589 4256 4590 4256 4590 4257 4589 4257 4591 4257 4590 4258 4591 4258 4592 4258 4592 4259 4591 4259 4593 4259 4592 4260 4593 4260 4594 4260 4594 4261 4593 4261 4595 4261 4594 4262 4595 4262 4596 4262 4596 4263 4595 4263 4597 4263 4596 4264 4597 4264 4598 4264 4598 4265 4597 4265 4599 4265 4598 4266 4599 4266 4600 4266 4600 4267 4599 4267 4601 4267 4600 4268 4601 4268 4602 4268 4602 4269 4601 4269 4603 4269 4602 4270 4603 4270 4604 4270 4604 4271 4603 4271 4605 4271 4604 4272 4605 4272 4606 4272 4606 4273 4605 4273 4607 4273 4606 4274 4607 4274 4608 4274 4608 4275 4607 4275 4609 4275 4608 4276 4609 4276 4610 4276 4610 4277 4609 4277 4611 4277 4610 4278 4611 4278 4612 4278 4612 4279 4611 4279 4613 4279 4612 4280 4613 4280 4614 4280 4614 4281 4613 4281 4615 4281 4614 4282 4615 4282 4616 4282 4616 4283 4615 4283 4617 4283 4616 4284 4617 4284 4618 4284 4618 4285 4617 4285 4619 4285 4618 4286 4619 4286 4620 4286 4620 4287 4619 4287 4621 4287 4620 4288 4621 4288 4622 4288 4622 4289 4621 4289 4623 4289 4622 4290 4623 4290 4624 4290 4624 4291 4623 4291 4625 4291 4624 4292 4625 4292 4626 4292 4626 4293 4625 4293 4627 4293 4626 4294 4627 4294 4628 4294 4628 4295 4627 4295 4629 4295 4628 4296 4629 4296 4630 4296 4630 4297 4629 4297 4631 4297 4630 4298 4631 4298 4632 4298 4632 4299 4631 4299 4633 4299 4632 4300 4633 4300 4634 4300 4634 4301 4633 4301 4635 4301 4634 4302 4635 4302 4636 4302 4636 4303 4635 4303 4637 4303 4636 4304 4637 4304 4638 4304 4638 4305 4637 4305 4639 4305 4638 4306 4639 4306 4640 4306 4640 4307 4639 4307 4641 4307 4640 4308 4641 4308 4642 4308 4642 4309 4641 4309 4643 4309 4642 4310 4643 4310 4644 4310 4644 4311 4643 4311 4645 4311 4644 4312 4645 4312 4646 4312 4646 4313 4645 4313 4647 4313 4646 4314 4647 4314 4648 4314 4648 4315 4647 4315 4649 4315 4648 4316 4649 4316 4650 4316 4650 4317 4649 4317 4651 4317 4650 4318 4651 4318 4652 4318 4652 4319 4651 4319 4653 4319 4652 4320 4653 4320 4654 4320 4654 4321 4653 4321 4655 4321 4654 4322 4655 4322 4656 4322 4656 4323 4655 4323 4657 4323 4656 4324 4657 4324 4658 4324 4658 4325 4657 4325 4659 4325 4658 4326 4659 4326 4660 4326 4660 4327 4659 4327 4661 4327 4660 4328 4661 4328 4662 4328 4662 4329 4661 4329 4663 4329 4662 4330 4663 4330 4664 4330 4664 4331 4663 4331 4665 4331 4664 4332 4665 4332 4666 4332 4666 4333 4665 4333 4667 4333 4666 4334 4667 4334 4668 4334 4668 4335 4667 4335 4669 4335 4668 4336 4669 4336 4670 4336 4670 4337 4669 4337 4671 4337 4670 4338 4671 4338 4672 4338 4672 4339 4671 4339 4673 4339 4672 4340 4673 4340 4674 4340 4674 4341 4673 4341 4675 4341 4674 4342 4675 4342 4676 4342 4676 4343 4675 4343 4677 4343 4676 4344 4677 4344 4678 4344 4678 4345 4677 4345 4679 4345 4678 4346 4679 4346 4680 4346 4680 4347 4679 4347 4681 4347 4680 4348 4681 4348 4682 4348 4682 4349 4681 4349 4683 4349 4682 4350 4683 4350 4684 4350 4684 4351 4683 4351 4685 4351 4686 4352 4687 4352 4688 4352 4688 4353 4687 4353 4689 4353 4688 4354 4689 4354 4690 4354 4690 4355 4689 4355 4691 4355 4690 4356 4691 4356 4692 4356 4692 4357 4691 4357 4693 4357 4692 4358 4693 4358 4694 4358 4694 4359 4693 4359 4695 4359 4694 4360 4695 4360 4696 4360 4696 4361 4695 4361 4697 4361 4696 4362 4697 4362 4698 4362 4698 4363 4697 4363 4699 4363 4698 4364 4699 4364 4700 4364 4700 4365 4699 4365 4701 4365 4700 4366 4701 4366 4702 4366 4702 4367 4701 4367 4703 4367 4702 4368 4703 4368 4704 4368 4704 4369 4703 4369 4705 4369 4704 4370 4705 4370 4706 4370 4706 4371 4705 4371 4707 4371 4706 4372 4707 4372 4708 4372 4708 4373 4707 4373 4709 4373 4708 4374 4709 4374 4710 4374 4710 4375 4709 4375 4711 4375 4710 4376 4711 4376 4712 4376 4712 4377 4711 4377 4713 4377 4712 4378 4713 4378 4714 4378 4714 4379 4713 4379 4715 4379 4714 4380 4715 4380 4716 4380 4716 4381 4715 4381 4717 4381 4716 4382 4717 4382 4718 4382 4718 4383 4717 4383 4719 4383 4718 4384 4719 4384 4720 4384 4720 4385 4719 4385 4721 4385 4720 4386 4721 4386 4722 4386 4722 4387 4721 4387 4723 4387 4722 4388 4723 4388 4724 4388 4724 4389 4723 4389 4725 4389 4724 4390 4725 4390 4726 4390 4726 4391 4725 4391 4727 4391 4726 4392 4727 4392 4728 4392 4728 4393 4727 4393 4729 4393 4728 4394 4729 4394 4730 4394 4730 4395 4729 4395 4731 4395 4730 4396 4731 4396 4732 4396 4732 4397 4731 4397 4733 4397 4732 4398 4733 4398 4734 4398 4734 4399 4733 4399 4735 4399 4734 4400 4735 4400 4736 4400 4736 4401 4735 4401 4737 4401 4736 4402 4737 4402 4738 4402 4738 4403 4737 4403 4739 4403 4738 4404 4739 4404 4740 4404 4740 4405 4739 4405 4741 4405 4740 4406 4741 4406 4742 4406 4742 4407 4741 4407 4743 4407 4742 4408 4743 4408 4744 4408 4744 4409 4743 4409 4745 4409 4744 4410 4745 4410 4746 4410 4746 4411 4745 4411 4747 4411 4746 4412 4747 4412 4748 4412 4748 4413 4747 4413 4749 4413 4748 4414 4749 4414 4750 4414 4750 4415 4749 4415 4751 4415 4750 4416 4751 4416 4752 4416 4752 4417 4751 4417 4753 4417 4752 4418 4753 4418 4754 4418 4754 4419 4753 4419 4755 4419 4754 4420 4755 4420 4756 4420 4756 4421 4755 4421 4757 4421 4756 4422 4757 4422 4758 4422 4758 4423 4757 4423 4759 4423 4758 4424 4759 4424 4760 4424 4760 4425 4759 4425 4761 4425 4760 4426 4761 4426 4762 4426 4762 4427 4761 4427 4763 4427 4762 4428 4763 4428 4764 4428 4764 4429 4763 4429 4765 4429 4764 4430 4765 4430 4766 4430 4766 4431 4765 4431 4767 4431 4766 4432 4767 4432 4768 4432 4768 4433 4767 4433 4769 4433 4768 4434 4769 4434 4770 4434 4770 4435 4769 4435 4771 4435 4770 4436 4771 4436 4772 4436 4772 4437 4771 4437 4773 4437 4772 4438 4773 4438 4774 4438 4774 4439 4773 4439 4775 4439 4774 4440 4775 4440 4776 4440 4776 4441 4775 4441 4777 4441 4776 4442 4777 4442 4778 4442 4778 4443 4777 4443 4779 4443 4778 4444 4779 4444 4780 4444 4780 4445 4779 4445 4781 4445 4780 4446 4781 4446 4782 4446 4782 4447 4781 4447 4783 4447 4782 4448 4783 4448 4784 4448 4784 4449 4783 4449 4785 4449 4784 4450 4785 4450 4786 4450 4786 4451 4785 4451 4787 4451 4786 4452 4787 4452 4788 4452 4788 4453 4787 4453 4789 4453 4788 4454 4789 4454 4790 4454 4790 4455 4789 4455 4791 4455 4790 4456 4791 4456 4792 4456 4792 4457 4791 4457 4793 4457 4792 4458 4793 4458 4794 4458 4794 4459 4793 4459 4795 4459 4794 4460 4795 4460 4796 4460 4796 4461 4795 4461 4797 4461 4796 4462 4797 4462 4798 4462 4798 4463 4797 4463 4799 4463 4798 4464 4799 4464 4800 4464 4800 4465 4799 4465 4801 4465 4800 4466 4801 4466 4802 4466 4802 4467 4801 4467 4803 4467 4802 4468 4803 4468 4804 4468 4804 4469 4803 4469 4805 4469 4804 4470 4805 4470 4806 4470 4806 4471 4805 4471 4807 4471 4806 4472 4807 4472 4808 4472 4808 4473 4807 4473 4809 4473 4808 4474 4809 4474 4810 4474 4810 4475 4809 4475 4811 4475 4810 4476 4811 4476 4812 4476 4812 4477 4811 4477 4813 4477 4812 4478 4813 4478 4814 4478 4814 4479 4813 4479 4815 4479 4814 4480 4815 4480 4816 4480 4816 4481 4815 4481 4817 4481 4816 4482 4817 4482 4818 4482 4818 4483 4817 4483 4819 4483 4818 4484 4819 4484 4820 4484 4820 4485 4819 4485 4821 4485 4820 4486 4821 4486 4822 4486 4822 4487 4821 4487 4823 4487</p>
        </triangles>
      </mesh>
    </geometry>
    <geometry id="part_023-mesh" name="part_023">
      <mesh>
        <source id="part_023-mesh-positions">
          <float_array id="part_023-mesh-positions-array" count="72">-2.4500 2.4500 0.6281 -2.9500 2.4500 0.6281 -2.4500 2.4500 0.6280 -2.9500 2.4500 0.6280 -2.9500 2.4500 0.6281 -2.9500 2.9500 0.6281 -2.9500 2.4500 0.6280 -2.9500 2.9500 0.6280 -2.9500 2.9500 0.6281 -2.9500 2.4500 0.6281 -2.4500 2.9500 0.6281 -2.4500 2.4500 0.6281 -2.9500 2.4500 0.6280 -2.9500 2.9500 0.6280 -2.4500 2.4500 0.6280 -2.4500 2.9500 0.6280 -2.9500 2.9500 0.6281 -2.4500 2.9500 0.6281 -2.9500 2.9500 0.6280 -2.4500 2.9500 0.6280 -2.4500 2.9500 0.6281 -2.4500 2.4500 0.6281 -2.4500 2.9500 0.6280 -2.4500 2.4500 0.6280</float_array>
          <technique_common>
            <accessor source="#part_023-mesh-positions-array" count="24" stride="3">
              <param name="X" type="float"/>
              <param name="Y" type="float"/>
              <param name="Z" type="float"/>
            </accessor>
          </technique_common>
        </source>
        <source id="part_023-mesh-normals">
          <float_array id="part_023-mesh-normals-array" count="36">-0.0000 -1.0000 -0.0000 0.0000 -1.0000 0.0000 -1.0000 0.0000 0.0000 -1.0000 0.0000 0.0000 -0.0000 0.0000 1.0000 0.0000 0.0000 1.0000 0.0000 0.0000 -1.0000 0.0000 0.0000 -1.0000 -0.0000 1.0000 0.0000 0.0000 1.0000 0.0000 1.0000 0.0000 0.0000 1.0000 0.0000 0.0000</float_array>
          <technique_common>
            <accessor source="#part_023-mesh-normals-array" count="12" stride="3">
              <param name="X" type="float"/>
              <param name="Y" type="float"/>
              <param name="Z" type="float"/>
            </accessor>
          </technique_common>
        </source>
        <vertices id="part_023-mesh-vertices">
          <input semantic="POSITION" source="#part_023-mesh-positions"/>
        </vertices>
        <triangles material="mat_0_157_0_392_0_196" count="12">
          <input semantic="VERTEX" source="#part_023-mesh-vertices" offset="0"/>
          <input semantic="NORMAL" source="#part_023-mesh-normals" offset="1"/>
          <p>0 0 1 0 2 0 2 1 1 1 3 1 4 2 5 2 6 2 6 3 5 3 7 3 8 4 9 4 10 4 10 5 9 5 11 5 12 6 13 6 14 6 14 7 13 7 15 7 16 8 17 8 18 8 18 9 17 9 19 9 20 10 21 10 22 10 22 11 21 11 23 11</p>
        </triangles>
      </mesh>
    </geometry>
    <geometry id="part_024-mesh" name="part_024">
      <mesh>
        <source id="part_024-mesh-positions">
          <float_array id="part_024-mesh-positions-array" count="138">3.0000 -2.7000 0.0250 3.0000 -2.4000 0.1750 3.0000 -2.7000 0.1750 3.0000 -2.1000 0.3250 3.0000 -2.1000 0.4750 3.0000 -1.8000 0.4750 3.0000 -2.1000 0.3250 3.0000 -2.4000 0.1750 3.0000 -2.4000 0.3250 3.0000 -2.4000 0.3250 3.0000 -2.4000 0.1750 4.0000 -2.4000 0.3250 4.0000 -2.4000 0.1750 3.0000 -2.7000 0.1750 3.0000 -2.7000 0.0250 4.0000 -2.7000 0.1750 4.0000 -2.7000 0.0250 3.0000 -2.1000 0.3250 3.0000 -2.4000 0.3250 4.0000 -2.1000 0.3250 4.0000 -2.4000 0.3250 3.0000 -2.4000 0.1750 3.0000 -2.7000 0.1750 4.0000 -2.4000 0.1750 4.0000 -2.7000 0.1750 3.0000 -2.1000 0.4750 3.0000 -2.1000 0.3250 4.0000 -2.1000 0.4750 4.0000 -2.1000 0.3250 3.0000 -1.8000 0.4750 3.0000 -2.1000 0.4750 4.0000 -1.8000 0.4750 4.0000 -2.1000 0.4750 3.0000 -1.8000 0.6250 3.0000 -1.8000 0.4750 4.0000 -1.8000 0.6250 4.0000 -1.8000 0.4750 4.0000 -2.1000 0.3250 4.0000 -2.4000 0.3250 4.0000 -2.4000 0.1750 4.0000 -2.7000 0.1750 4.0000 -2.7000 0.0250 4.0000 -2.4000 0.1750 4.0000 -2.1000 0.3250 4.0000 -1.8000 0.4750 4.0000 -2.1000 0.4750</float_array>
          <technique_common>
            <accessor source="#part_024-mesh-positions-array" count="46" stride="3">
              <param name="X" type="float"/>
              <param name="Y" type="float"/>
              <param name="Z" type="float"/>
            </accessor>
          </technique_common>
        </source>
        <source id="part_024-mesh-normals">
          <float_array id="part_024-mesh-normals-array" count="60">-1.0000 -0.0000 0.0000 -1.0000 0.0000 0.0000 -1.0000 -0.0000 0.0000 0.0000 -1.0000 0.0000 0.0000 -1.0000 -0.0000 0.0000 -1.0000 0.0000 0.0000 -1.0000 -0.0000 -0.0000 0.0000 1.0000 0.0000 0.0000 1.0000 -0.0000 0.0000 1.0000 0.0000 0.0000 1.0000 0.0000 -1.0000 0.0000 0.0000 -1.0000 -0.0000 -0.0000 0.0000 1.0000 0.0000 0.0000 1.0000 0.0000 -1.0000 0.0000 0.0000 -1.0000 -0.0000 1.0000 0.0000 0.0000 1.0000 -0.0000 0.0000 1.0000 0.0000 0.0000</float_array>
          <technique_common>
            <accessor source="#part_024-mesh-normals-array" count="20" stride="3">
              <param name="X" type="float"/>
              <param name="Y" type="float"/>
              <param name="Z" type="float"/>
            </accessor>
          </technique_common>
        </source>
        <vertices id="part_024-mesh-vertices">
          <input semantic="POSITION" source="#part_024-mesh-positions"/>
        </vertices>
        <triangles material="mat_0_588_0_843_0_863" count="20">
          <input semantic="VERTEX" source="#part_024-mesh-vertices" offset="0"/>
          <input semantic="NORMAL" source="#part_024-mesh-normals" offset="1"/>
          <p>1 0 0 0 2 0 3 1 4 1 5 1 6 2 7 2 8 2 9 3 10 3 11 3 11 4 10 4 12 4 13 5 14 5 15 5 15 6 14 6 16 6 17 7 18 7 19 7 19 8 18 8 20 8 21 9 22 9 23 9 23 10 22 10 24 10 25 11 26 11 27 11 27 12 26 12 28 12 29 13 30 13 31 13 31 14 30 14 32 14 33 15 34 15 35 15 35 16 34 16 36 16 37 17 38 17 39 17 40 18 41 18 42 18 43 19 44 19 45 19</p>
        </triangles>
      </mesh>
    </geometry>
    <geometry id="part_025-mesh" name="part_025">
      <mesh>
        <source id="part_025-mesh-positions">
          <float_array id="part_025-mesh-positions-array" count="57">3.0000 2.7000 0.0250 3.0000 -2.7000 0.0250 3.0000 -2.4000 0.1750 3.0000 -1.8000 0.6250 3.0000 -0.8000 0.6250 3.0000 -1.8000 0.4750 3.0000 -2.7000 0.0250 3.0000 2.7000 0.0250 4.0000 -2.7000 0.0250 3.0000 -0.8000 0.6250 3.0000 -1.8000 0.6250 4.0000 -0.8000 0.6250 4.0000 -1.8000 0.6250 4.0000 -1.8000 0.6250 4.0000 -1.8000 0.4750 4.0000 -0.8000 0.6250 4.0000 -2.7000 0.0250 4.0000 -2.4000 0.1750 4.0000 2.7000 0.0250</float_array>
          <technique_common>
            <accessor source="#part_025-mesh-positions-array" count="19" stride="3">
              <param name="X" type="float"/>
              <param name="Y" type="float"/>
              <param name="Z" type="float"/>
            </accessor>
          </technique_common>
        </source>
        <source id="part_025-mesh-normals">
          <float_array id="part_025-mesh-normals-array" count="21">-1.0000 0.0000 0.0000 -1.0000 0.0000 0.0000 0.0000 0.0000 -1.0000 -0.0000 0.0000 1.0000 0.0000 0.0000 1.0000 1.0000 -0.0000 0.0000 1.0000 0.0000 0.0000</float_array>
          <technique_common>
            <accessor source="#part_025-mesh-normals-array" count="7" stride="3">
              <param name="X" type="float"/>
              <param name="Y" type="float"/>
              <param name="Z" type="float"/>
            </accessor>
          </technique_common>
        </source>
        <vertices id="part_025-mesh-vertices">
          <input semantic="POSITION" source="#part_025-mesh-positions"/>
        </vertices>
        <triangles material="mat_0_235_0_667_0_961" count="7">
          <input semantic="VERTEX" source="#part_025-mesh-vertices" offset="0"/>
          <input semantic="NORMAL" source="#part_025-mesh-normals" offset="1"/>
          <p>0 0 1 0 2 0 3 1 4 1 5 1 6 2 7 2 8 2 9 3 10 3 11 3 11 4 10 4 12 4 13 5 14 5 15 5 17 6 16 6 18 6</p>
        </triangles>
      </mesh>
    </geometry>
    <geometry id="part_026-mesh" name="part_026">
      <mesh>
        <source id="part_026-mesh-positions">
          <float_array id="part_026-mesh-positions-array" count="57">3.0000 -0.8000 0.6250 3.0000 -1.8000 0.4750 3.0000 2.7000 0.0250 3.0000 -2.1000 0.3250 3.0000 -2.4000 0.1750 3.0000 2.7000 0.0250 3.0000 -0.8000 0.6250 4.0000 2.7000 0.0250 4.0000 -0.8000 0.6250 3.0000 2.7000 0.0250 4.0000 -2.7000 0.0250 4.0000 2.7000 0.0250 4.0000 -1.8000 0.4750 4.0000 -0.8000 0.6250 4.0000 2.7000 0.0250 4.0000 -2.4000 0.1750 4.0000 2.7000 0.0250 4.0000 -2.1000 0.3250 4.0000 -1.8000 0.4750</float_array>
          <technique_common>
            <accessor source="#part_026-mesh-positions-array" count="19" stride="3">
              <param name="X" type="float"/>
              <param name="Y" type="float"/>
              <param name="Z" type="float"/>
            </accessor>
          </technique_common>
        </source>
        <source id="part_026-mesh-normals">
          <float_array id="part_026-mesh-normals-array" count="27">-1.0000 0.0000 0.0000 -1.0000 0.0000 -0.0000 -1.0000 0.0000 -0.0000 -0.0000 0.1690 0.9856 0.0000 0.1690 0.9856 0.0000 0.0000 -1.0000 1.0000 0.0000 0.0000 1.0000 -0.0000 0.0000 1.0000 -0.0000 0.0000</float_array>
          <technique_common>
            <accessor source="#part_026-mesh-normals-array" count="9" stride="3">
              <param name="X" type="float"/>
              <param name="Y" type="float"/>
              <param name="Z" type="float"/>
            </accessor>
          </technique_common>
        </source>
        <vertices id="part_026-mesh-vertices">
          <input semantic="POSITION" source="#part_026-mesh-positions"/>
        </vertices>
        <triangles material="mat_0_510_0_706_0_784" count="9">
          <input semantic="VERTEX" source="#part_026-mesh-vertices" offset="0"/>
          <input semantic="NORMAL" source="#part_026-mesh-normals" offset="1"/>
          <p>1 0 0 0 2 0 1 1 2 1 3 1 3 2 2 2 4 2 5 3 6 3 7 3 7 4 6 4 8 4 10 5 9 5 11 5 13 6 12 6 14 6 15 7 16 7 17 7 17 8 16 8 18 8</p>
        </triangles>
      </mesh>
    </geometry>
    <geometry id="part_027-mesh" name="part_027">
      <mesh>
        <source id="part_027-mesh-positions">
          <float_array id="part_027-mesh-positions-array" count="432">2.9500 -0.8000 0.7250 3.0000 -0.8000 0.7250 2.9500 2.9500 0.7250 3.0000 3.0000 0.7250 -2.9500 2.9500 0.7250 -3.0000 3.0000 0.7250 -2.9500 -0.8000 0.7250 -3.0000 -0.8000 0.7250 2.9500 2.9500 0.7250 -2.9500 2.9500 0.7250 2.9500 2.9500 0.6250 -2.9500 2.9500 0.6250 -2.9500 -0.8000 0.6250 -3.0000 -0.8000 0.6250 -2.9500 2.9500 0.6250 -3.0000 3.0000 0.6250 2.9500 2.9500 0.6250 3.0000 3.0000 0.6250 2.9500 -0.8000 0.6250 3.0000 -0.8000 0.6250 -3.0000 3.0000 0.7250 3.0000 3.0000 0.7250 -3.0000 3.0000 0.6250 3.0000 3.0000 0.6250 3.0000 3.0000 0.7250 3.0000 -0.8000 0.7250 3.0000 3.0000 0.6250 3.0000 -0.8000 0.6250 -3.0000 -0.8000 0.7250 -3.0000 3.0000 0.7250 -3.0000 -0.8000 0.6250 -3.0000 3.0000 0.6250 -2.9500 -0.8000 0.7250 -3.0000 -0.8000 0.7250 -2.9500 -0.8000 0.6250 -3.0000 -0.8000 0.6250 3.0000 -0.8000 0.7250 2.9500 -0.8000 0.7250 3.0000 -0.8000 0.6250 2.9500 -0.8000 0.6250 -2.9500 2.9500 0.7250 -2.9500 -0.8000 0.7250 -2.9500 2.9500 0.6250 -2.9500 -0.8000 0.6250 2.9500 -0.8000 0.7250 2.9500 2.9500 0.7250 2.9500 -0.8000 0.6250 2.9500 2.9500 0.6250 -0.0250 -1.5000 0.7250 -0.0250 -2.2000 0.7250 0.0250 -1.5000 0.7250 0.0250 -2.2000 0.7250 0.0250 -2.2000 0.7250 -0.0250 -2.2000 0.7250 0.0250 -2.2000 0.6250 -0.0250 -2.2000 0.6250 -0.0250 -2.2000 0.6250 -0.0250 -1.5000 0.6250 0.0250 -2.2000 0.6250 0.0250 -1.5000 0.6250 -0.0250 -2.2000 0.7250 -0.0250 -1.5000 0.7250 -0.0250 -2.2000 0.6250 -0.0250 -1.5000 0.6250 -0.0250 -1.5000 0.7250 0.0250 -1.5000 0.7250 -0.0250 -1.5000 0.6250 0.0250 -1.5000 0.6250 0.0250 -1.5000 0.7250 0.0250 -2.2000 0.7250 0.0250 -1.5000 0.6250 0.0250 -2.2000 0.6250 -0.0250 1.5000 0.7250 -0.0250 2.2000 0.7250 -0.0250 1.5000 0.6250 -0.0250 2.2000 0.6250 -0.0250 2.2000 0.7250 0.0250 2.2000 0.7250 -0.0250 2.2000 0.6250 0.0250 2.2000 0.6250 0.0250 1.5000 0.7250 -0.0250 1.5000 0.7250 0.0250 1.5000 0.6250 -0.0250 1.5000 0.6250 -0.0250 1.5000 0.6250 -0.0250 2.2000 0.6250 0.0250 1.5000 0.6250 0.0250 2.2000 0.6250 -0.0250 2.2000 0.7250 -0.0250 1.5000 0.7250 0.0250 2.2000 0.7250 0.0250 1.5000 0.7250 0.0250 2.2000 0.7250 0.0250 1.5000 0.7250 0.0250 2.2000 0.6250 0.0250 1.5000 0.6250 2.9500 -1.8000 0.7250 3.0000 -1.8000 0.7250 2.9500 -1.8000 0.6250 3.0000 -1.8000 0.6250 2.9500 -2.9500 0.7250 2.9500 -1.8000 0.7250 2.9500 -2.9500 0.6250 2.9500 -1.8000 0.6250 3.0000 -1.8000 0.7250 3.0000 -3.0000 0.7250 3.0000 -1.8000 0.6250 3.0000 -3.0000 0.6250 -2.9500 -2.9500 0.7250 2.9500 -2.9500 0.7250 -2.9500 -2.9500 0.6250 2.9500 -2.9500 0.6250 3.0000 -3.0000 0.7250 -3.0000 -3.0000 0.7250 3.0000 -3.0000 0.6250 -3.0000 -3.0000 0.6250 -2.9500 -1.8000 0.7250 -2.9500 -2.9500 0.7250 -2.9500 -1.8000 0.6250 -2.9500 -2.9500 0.6250 -3.0000 -1.8000 0.7250 -2.9500 -1.8000 0.7250 -3.0000 -1.8000 0.6250 -2.9500 -1.8000 0.6250 -3.0000 -3.0000 0.7250 -3.0000 -1.8000 0.7250 -3.0000 -3.0000 0.6250 -3.0000 -1.8000 0.6250 -2.9500 -1.8000 0.7250 -3.0000 -1.8000 0.7250 -2.9500 -2.9500 0.7250 -3.0000 -3.0000 0.7250 2.9500 -2.9500 0.7250 3.0000 -3.0000 0.7250 2.9500 -1.8000 0.7250 3.0000 -1.8000 0.7250 2.9500 -1.8000 0.6250 3.0000 -1.8000 0.6250 2.9500 -2.9500 0.6250 3.0000 -3.0000 0.6250 -2.9500 -2.9500 0.6250 -3.0000 -3.0000 0.6250 -2.9500 -1.8000 0.6250 -3.0000 -1.8000 0.6250</float_array>
          <technique_common>
            <accessor source="#part_027-mesh-positions-array" count="144" stride="3">
              <param name="X" type="float"/>
              <param name="Y" type="float"/>
              <param name="Z" type="float"/>
            </accessor>
          </technique_common>
        </source>
        <source id="part_027-mesh-normals">
          <float_array id="part_027-mesh-normals-array" count="240">0.0000 0.0000 1.0000 -0.0000 0.0000 1.0000 0.0000 -0.0000 1.0000 0.0000 -0.0000 1.0000 0.0000 0.0000 1.0000 0.0000 0.0000 1.0000 -0.0000 -1.0000 -0.0000 0.0000 -1.0000 0.0000 0.0000 0.0000 -1.0000 -0.0000 0.0000 -1.0000 0.0000 0.0000 -1.0000 0.0000 0.0000 -1.0000 0.0000 0.0000 -1.0000 0.0000 0.0000 -1.0000 -0.0000 1.0000 0.0000 0.0000 1.0000 0.0000 1.0000 0.0000 0.0000 1.0000 0.0000 0.0000 -1.0000 0.0000 0.0000 -1.0000 0.0000 0.0000 -0.0000 -1.0000 -0.0000 0.0000 -1.0000 0.0000 -0.0000 -1.0000 -0.0000 0.0000 -1.0000 0.0000 1.0000 0.0000 0.0000 1.0000 0.0000 0.0000 -1.0000 0.0000 0.0000 -1.0000 0.0000 0.0000 -0.0000 0.0000 1.0000 0.0000 0.0000 1.0000 -0.0000 -1.0000 -0.0000 0.0000 -1.0000 0.0000 0.0000 0.0000 -1.0000 0.0000 0.0000 -1.0000 -1.0000 0.0000 0.0000 -1.0000 0.0000 0.0000 -0.0000 1.0000 0.0000 0.0000 1.0000 0.0000 1.0000 0.0000 0.0000 1.0000 0.0000 0.0000 -1.0000 0.0000 0.0000 -1.0000 0.0000 0.0000 -0.0000 1.0000 0.0000 0.0000 1.0000 0.0000 -0.0000 -1.0000 -0.0000 0.0000 -1.0000 0.0000 0.0000 0.0000 -1.0000 0.0000 0.0000 -1.0000 -0.0000 0.0000 1.0000 0.0000 0.0000 1.0000 1.0000 0.0000 0.0000 1.0000 0.0000 0.0000 -0.0000 1.0000 0.0000 0.0000 1.0000 0.0000 -1.0000 0.0000 0.0000 -1.0000 0.0000 0.0000 1.0000 0.0000 0.0000 1.0000 0.0000 0.0000 -0.0000 1.0000 0.0000 0.0000 1.0000 0.0000 -0.0000 -1.0000 -0.0000 0.0000 -1.0000 0.0000 1.0000 0.0000 0.0000 1.0000 0.0000 0.0000 -0.0000 1.0000 0.0000 0.0000 1.0000 0.0000 -1.0000 0.0000 0.0000 -1.0000 0.0000 0.0000 0.0000 0.0000 1.0000 0.0000 0.0000 1.0000 -0.0000 0.0000 1.0000 0.0000 0.0000 1.0000 -0.0000 0.0000 1.0000 -0.0000 0.0000 1.0000 0.0000 0.0000 -1.0000 0.0000 0.0000 -1.0000 -0.0000 -0.0000 -1.0000 0.0000 -0.0000 -1.0000 -0.0000 0.0000 -1.0000 -0.0000 0.0000 -1.0000</float_array>
          <technique_common>
            <accessor source="#part_027-mesh-normals-array" count="80" stride="3">
              <param name="X" type="float"/>
              <param name="Y" type="float"/>
              <param name="Z" type="float"/>
            </accessor>
          </technique_common>
        </source>
        <vertices id="part_027-mesh-vertices">
          <input semantic="POSITION" source="#part_027-mesh-positions"/>
        </vertices>
        <triangles material="mat_0_745_0_745_0_726" count="80">
          <input semantic="VERTEX" source="#part_027-mesh-vertices" offset="0"/>
          <input semantic="NORMAL" source="#part_027-mesh-normals" offset="1"/>
          <p>0 0 1 0 2 0 2 1 1 1 3 1 2 2 3 2 4 2 4 3 3 3 5 3 4 4 5 4 6 4 6 5 5 5 7 5 8 6 9 6 10 6 10 7 9 7 11 7 12 8 13 8 14 8 14 9 13 9 15 9 14 10 15 10 16 10 16 11 15 11 17 11 16 12 17 12 18 12 18 13 17 13 19 13 20 14 21 14 22 14 22 15 21 15 23 15 24 16 25 16 26 16 26 17 25 17 27 17 28 18 29 18 30 18 30 19 29 19 31 19 32 20 33 20 34 20 34 21 33 21 35 21 36 22 37 22 38 22 38 23 37 23 39 23 40 24 41 24 42 24 42 25 41 25 43 25 44 26 45 26 46 26 46 27 45 27 47 27 48 28 49 28 50 28 50 29 49 29 51 29 52 30 53 30 54 30 54 31 53 31 55 31 56 32 57 32 58 32 58 33 57 33 59 33 60 34 61 34 62 34 62 35 61 35 63 35 64 36 65 36 66 36 66 37 65 37 67 37 68 38 69 38 70 38 70 39 69 39 71 39 72 40 73 40 74 40 74 41 73 41 75 41 76 42 77 42 78 42 78 43 77 43 79 43 80 44 81 44 82 44 82 45 81 45 83 45 84 46 85 46 86 46 86 47 85 47 87 47 88 48 89 48 90 48 90 49 89 49 91 49 92 50 93 50 94 50 94 51 93 51 95 51 96 52 97 52 98 52 98 53 97 53 99 53 100 54 101 54 102 54 102 55 101 55 103 55 104 56 105 56 106 56 106 57 105 57 107 57 108 58 109 58 110 58 110 59 109 59 111 59 112 60 113 60 114 60 114 61 113 61 115 61 116 62 117 62 118 62 118 63 117 63 119 63 120 64 121 64 122 64 122 65 121 65 123 65 124 66 125 66 126 66 126 67 125 67 127 67 128 68 129 68 130 68 130 69 129 69 131 69 130 70 131 70 132 70 132 71 131 71 133 71 132 72 133 72 134 72 134 73 133 73 135 73 136 74 137 74 138 74 138 75 137 75 139 75 138 76 139 76 140 76 140 77 139 77 141 77 140 78 141 78 142 78 142 79 141 79 143 79</p>
        </triangles>
      </mesh>
    </geometry>
    <geometry id="part_028-mesh" name="part_028">
      <mesh>
        <source id="part_028-mesh-positions">
          <float_array id="part_028-mesh-positions-array" count="72">2.9500 2.4500 0.6281 2.4500 2.4500 0.6281 2.9500 2.4500 0.6280 2.4500 2.4500 0.6280 2.4500 2.4500 0.6281 2.4500 2.9500 0.6281 2.4500 2.4500 0.6280 2.4500 2.9500 0.6280 2.4500 2.9500 0.6281 2.4500 2.4500 0.6281 2.9500 2.9500 0.6281 2.9500 2.4500 0.6281 2.4500 2.4500 0.6280 2.4500 2.9500 0.6280 2.9500 2.4500 0.6280 2.9500 2.9500 0.6280 2.4500 2.9500 0.6281 2.9500 2.9500 0.6281 2.4500 2.9500 0.6280 2.9500 2.9500 0.6280 2.9500 2.9500 0.6281 2.9500 2.4500 0.6281 2.9500 2.9500 0.6280 2.9500 2.4500 0.6280</float_array>
          <technique_common>
            <accessor source="#part_028-mesh-positions-array" count="24" stride="3">
              <param name="X" type="float"/>
              <param name="Y" type="float"/>
              <param name="Z" type="float"/>
            </accessor>
          </technique_common>
        </source>
        <source id="part_028-mesh-normals">
          <float_array id="part_028-mesh-normals-array" count="36">-0.0000 -1.0000 -0.0000 0.0000 -1.0000 0.0000 -1.0000 0.0000 0.0000 -1.0000 0.0000 0.0000 -0.0000 0.0000 1.0000 0.0000 0.0000 1.0000 0.0000 0.0000 -1.0000 0.0000 0.0000 -1.0000 -0.0000 1.0000 0.0000 0.0000 1.0000 0.0000 1.0000 0.0000 0.0000 1.0000 0.0000 0.0000</float_array>
          <technique_common>
            <accessor source="#part_028-mesh-normals-array" count="12" stride="3">
              <param name="X" type="float"/>
              <param name="Y" type="float"/>
              <param name="Z" type="float"/>
            </accessor>
          </technique_common>
        </source>
        <vertices id="part_028-mesh-vertices">
          <input semantic="POSITION" source="#part_028-mesh-positions"/>
        </vertices>
        <triangles material="mat_0_157_0_392_0_196" count="12">
          <input semantic="VERTEX" source="#part_028-mesh-vertices" offset="0"/>
          <input semantic="NORMAL" source="#part_028-mesh-normals" offset="1"/>
          <p>0 0 1 0 2 0 2 1 1 1 3 1 4 2 5 2 6 2 6 3 5 3 7 3 8 4 9 4 10 4 10 5 9 5 11 5 12 6 13 6 14 6 14 7 13 7 15 7 16 8 17 8 18 8 18 9 17 9 19 9 20 10 21 10 22 10 22 11 21 11 23 11</p>
        </triangles>
      </mesh>
    </geometry>
    <geometry id="part_029-mesh" name="part_029">
      <mesh>
        <source id="part_029-mesh-positions">
          <float_array id="part_029-mesh-positions-array" count="72">-1.0000 1.0000 0.9271 -1.5000 1.0000 0.9271 -1.0000 1.0000 0.9270 -1.5000 1.0000 0.9270 -1.5000 1.0000 0.9271 -1.5000 1.5000 0.9271 -1.5000 1.0000 0.9270 -1.5000 1.5000 0.9270 -1.5000 1.5000 0.9271 -1.5000 1.0000 0.9271 -1.0000 1.5000 0.9271 -1.0000 1.0000 0.9271 -1.5000 1.0000 0.9270 -1.5000 1.5000 0.9270 -1.0000 1.0000 0.9270 -1.0000 1.5000 0.9270 -1.5000 1.5000 0.9271 -1.0000 1.5000 0.9271 -1.5000 1.5000 0.9270 -1.0000 1.5000 0.9270 -1.0000 1.5000 0.9271 -1.0000 1.0000 0.9271 -1.0000 1.5000 0.9270 -1.0000 1.0000 0.9270</float_array>
          <technique_common>
            <accessor source="#part_029-mesh-positions-array" count="24" stride="3">
              <param name="X" type="float"/>
              <param name="Y" type="float"/>
              <param name="Z" type="float"/>
            </accessor>
          </technique_common>
        </source>
        <source id="part_029-mesh-normals">
          <float_array id="part_029-mesh-normals-array" count="36">-0.0000 -1.0000 -0.0000 0.0000 -1.0000 0.0000 -1.0000 0.0000 0.0000 -1.0000 0.0000 0.0000 -0.0000 0.0000 1.0000 0.0000 0.0000 1.0000 0.0000 0.0000 -1.0000 0.0000 0.0000 -1.0000 -0.0000 1.0000 0.0000 0.0000 1.0000 0.0000 1.0000 0.0000 0.0000 1.0000 0.0000 0.0000</float_array>
          <technique_common>
            <accessor source="#part_029-mesh-normals-array" count="12" stride="3">
              <param name="X" type="float"/>
              <param name="Y" type="float"/>
              <param name="Z" type="float"/>
            </accessor>
          </technique_common>
        </source>
        <vertices id="part_029-mesh-vertices">
          <input semantic="POSITION" source="#part_029-mesh-positions"/>
        </vertices>
        <triangles material="mat_0_157_0_392_0_196" count="12">
          <input semantic="VERTEX" source="#part_029-mesh-vertices" offset="0"/>
          <input semantic="NORMAL" source="#part_029-mesh-normals" offset="1"/>
          <p>0 0 1 0 2 0 2 1 1 1 3 1 4 2 5 2 6 2 6 3 5 3 7 3 8 4 9 4 10 4 10 5 9 5 11 5 12 6 13 6 14 6 14 7 13 7 15 7 16 8 17 8 18 8 18 9 17 9 19 9 20 10 21 10 22 10 22 11 21 11 23 11</p>
        </triangles>
      </mesh>
    </geometry>
    <geometry id="part_030-mesh" name="part_030">
      <mesh>
        <source id="part_030-mesh-positions">
          <float_array id="part_030-mesh-positions-array" count="72">1.5000 1.0000 0.9271 1.0000 1.0000 0.9271 1.5000 1.0000 0.9270 1.0000 1.0000 0.9270 1.0000 1.0000 0.9271 1.0000 1.5000 0.9271 1.0000 1.0000 0.9270 1.0000 1.5000 0.9270 1.0000 1.5000 0.9271 1.0000 1.0000 0.9271 1.5000 1.5000 0.9271 1.5000 1.0000 0.9271 1.0000 1.0000 0.9270 1.0000 1.5000 0.9270 1.5000 1.0000 0.9270 1.5000 1.5000 0.9270 1.0000 1.5000 0.9271 1.5000 1.5000 0.9271 1.0000 1.5000 0.9270 1.5000 1.5000 0.9270 1.5000 1.5000 0.9271 1.5000 1.0000 0.9271 1.5000 1.5000 0.9270 1.5000 1.0000 0.9270</float_array>
          <technique_common>
            <accessor source="#part_030-mesh-positions-array" count="24" stride="3">
              <param name="X" type="float"/>
              <param name="Y" type="float"/>
              <param name="Z" type="float"/>
            </accessor>
          </technique_common>
        </source>
        <source id="part_030-mesh-normals">
          <float_array id="part_030-mesh-normals-array" count="36">-0.0000 -1.0000 -0.0000 0.0000 -1.0000 0.0000 -1.0000 0.0000 0.0000 -1.0000 0.0000 0.0000 -0.0000 0.0000 1.0000 0.0000 0.0000 1.0000 0.0000 0.0000 -1.0000 0.0000 0.0000 -1.0000 -0.0000 1.0000 0.0000 0.0000 1.0000 0.0000 1.0000 0.0000 0.0000 1.0000 0.0000 0.0000</float_array>
          <technique_common>
            <accessor source="#part_030-mesh-normals-array" count="12" stride="3">
              <param name="X" type="float"/>
              <param name="Y" type="float"/>
              <param name="Z" type="float"/>
            </accessor>
          </technique_common>
        </source>
        <vertices id="part_030-mesh-vertices">
          <input semantic="POSITION" source="#part_030-mesh-positions"/>
        </vertices>
        <triangles material="mat_0_157_0_392_0_196" count="12">
          <input semantic="VERTEX" source="#part_030-mesh-vertices" offset="0"/>
          <input semantic="NORMAL" source="#part_030-mesh-normals" offset="1"/>
          <p>0 0 1 0 2 0 2 1 1 1 3 1 4 2 5 2 6 2 6 3 5 3 7 3 8 4 9 4 10 4 10 5 9 5 11 5 12 6 13 6 14 6 14 7 13 7 15 7 16 8 17 8 18 8 18 9 17 9 19 9 20 10 21 10 22 10 22 11 21 11 23 11</p>
        </triangles>
      </mesh>
    </geometry>
    <geometry id="part_031-mesh" name="part_031">
      <mesh>
        <source id="part_031-mesh-positions">
          <float_array id="part_031-mesh-positions-array" count="72">-2.4500 -2.9500 0.6281 -2.9500 -2.9500 0.6281 -2.4500 -2.9500 0.6280 -2.9500 -2.9500 0.6280 -2.9500 -2.9500 0.6281 -2.9500 -2.4500 0.6281 -2.9500 -2.9500 0.6280 -2.9500 -2.4500 0.6280 -2.9500 -2.4500 0.6281 -2.9500 -2.9500 0.6281 -2.4500 -2.4500 0.6281 -2.4500 -2.9500 0.6281 -2.9500 -2.9500 0.6280 -2.9500 -2.4500 0.6280 -2.4500 -2.9500 0.6280 -2.4500 -2.4500 0.6280 -2.9500 -2.4500 0.6281 -2.4500 -2.4500 0.6281 -2.9500 -2.4500 0.6280 -2.4500 -2.4500 0.6280 -2.4500 -2.4500 0.6281 -2.4500 -2.9500 0.6281 -2.4500 -2.4500 0.6280 -2.4500 -2.9500 0.6280</float_array>
          <technique_common>
            <accessor source="#part_031-mesh-positions-array" count="24" stride="3">
              <param name="X" type="float"/>
              <param name="Y" type="float"/>
              <param name="Z" type="float"/>
            </accessor>
          </technique_common>
        </source>
        <source id="part_031-mesh-normals">
          <float_array id="part_031-mesh-normals-array" count="36">-0.0000 -1.0000 -0.0000 0.0000 -1.0000 0.0000 -1.0000 0.0000 0.0000 -1.0000 0.0000 0.0000 -0.0000 0.0000 1.0000 0.0000 0.0000 1.0000 0.0000 0.0000 -1.0000 0.0000 0.0000 -1.0000 -0.0000 1.0000 0.0000 0.0000 1.0000 0.0000 1.0000 0.0000 0.0000 1.0000 0.0000 0.0000</float_array>
          <technique_common>
            <accessor source="#part_031-mesh-normals-array" count="12" stride="3">
              <param name="X" type="float"/>
              <param name="Y" type="float"/>
              <param name="Z" type="float"/>
            </accessor>
          </technique_common>
        </source>
        <vertices id="part_031-mesh-vertices">
          <input semantic="POSITION" source="#part_031-mesh-positions"/>
        </vertices>
        <triangles material="mat_0_157_0_392_0_196" count="12">
          <input semantic="VERTEX" source="#part_031-mesh-vertices" offset="0"/>
          <input semantic="NORMAL" source="#part_031-mesh-normals" offset="1"/>
          <p>0 0 1 0 2 0 2 1 1 1 3 1 4 2 5 2 6 2 6 3 5 3 7 3 8 4 9 4 10 4 10 5 9 5 11 5 12 6 13 6 14 6 14 7 13 7 15 7 16 8 17 8 18 8 18 9 17 9 19 9 20 10 21 10 22 10 22 11 21 11 23 11</p>
        </triangles>
      </mesh>
    </geometry>
    <geometry id="part_032-mesh" name="part_032">
      <mesh>
        <source id="part_032-mesh-positions">
          <float_array id="part_032-mesh-positions-array" count="456">1.5000 -1.5000 0.9250 -1.5000 -1.5000 0.9250 1.5000 -1.5000 0.6250 -1.5000 -1.5000 0.6250 -1.5000 -1.5000 0.9250 -1.5000 1.5000 0.9250 -1.5000 -1.5000 0.6250 -1.5000 1.5000 0.6250 -0.0349 -0.1304 0.9250 -0.0675 -0.1169 0.9250 -1.5000 -1.5000 0.9250 -0.0955 -0.0955 0.9250 -1.5000 1.5000 0.9250 -0.0955 -0.0955 0.9250 -0.1169 -0.0675 0.9250 -1.5000 1.5000 0.9250 -0.1304 -0.0349 0.9250 -0.1350 0.0000 0.9250 -0.1350 0.0000 0.9250 -0.1304 0.0349 0.9250 -1.5000 1.5000 0.9250 -0.1169 0.0675 0.9250 -0.0955 0.0955 0.9250 0.0000 0.1350 0.9250 1.5000 1.5000 0.9250 -0.0349 0.1304 0.9250 -1.5000 1.5000 0.9250 -0.0675 0.1169 0.9250 -0.0955 0.0955 0.9250 0.0000 0.1350 0.9250 0.0349 0.1304 0.9250 1.5000 1.5000 0.9250 0.0675 0.1169 0.9250 0.0955 0.0955 0.9250 0.1304 -0.0349 0.9250 0.1169 -0.0675 0.9250 1.5000 -1.5000 0.9250 0.0955 -0.0955 0.9250 0.0955 0.0955 0.9250 0.1169 0.0675 0.9250 1.5000 1.5000 0.9250 0.1304 0.0349 0.9250 1.5000 -1.5000 0.9250 0.1350 0.0000 0.9250 0.1304 -0.0349 0.9250 0.0955 -0.0955 0.9250 0.0675 -0.1169 0.9250 1.5000 -1.5000 0.9250 0.0349 -0.1304 0.9250 -1.5000 -1.5000 0.9250 0.0000 -0.1350 0.9250 -0.0349 -0.1304 0.9250 0.1304 -0.0349 0.9249 0.1350 0.0000 0.9249 -0.0675 -0.1169 0.9249 0.1304 0.0349 0.9249 0.1169 0.0675 0.9249 -0.1169 -0.0675 0.9249 -0.0349 0.1304 0.9249 -0.1304 -0.0349 0.9249 -0.0675 0.1169 0.9249 0.0349 0.1304 0.9249 0.0000 0.1350 0.9249 -0.0675 -0.1169 0.9249 -0.0349 0.1304 0.9249 -0.0955 -0.0955 0.9249 -0.1169 -0.0675 0.9249 -0.0675 -0.1169 0.9249 -0.0349 -0.1304 0.9249 0.1304 -0.0349 0.9249 0.0000 -0.1350 0.9249 0.0349 -0.1304 0.9249 0.0349 -0.1304 0.9249 0.0675 -0.1169 0.9249 0.1304 -0.0349 0.9249 0.0955 -0.0955 0.9249 0.1169 -0.0675 0.9249 0.1169 0.0675 0.9249 0.0955 0.0955 0.9249 -0.0675 -0.1169 0.9249 0.0675 0.1169 0.9249 0.0349 0.1304 0.9249 -0.0675 0.1169 0.9249 -0.0955 0.0955 0.9249 -0.1304 -0.0349 0.9249 -0.1169 0.0675 0.9249 -0.1350 0.0000 0.9249 -0.1304 0.0349 0.9249 0.0000 -0.1350 0.9249 0.0000 -0.1350 0.9250 0.0349 -0.1304 0.9249 0.0349 -0.1304 0.9250 0.0675 -0.1169 0.9249 0.0675 -0.1169 0.9250 0.0955 -0.0955 0.9249 0.0955 -0.0955 0.9250 0.1169 -0.0675 0.9249 0.1169 -0.0675 0.9250 0.1304 -0.0349 0.9249 0.1304 -0.0349 0.9250 0.1350 0.0000 0.9249 0.1350 0.0000 0.9250 0.1304 0.0349 0.9249 0.1304 0.0349 0.9250 0.1169 0.0675 0.9249 0.1169 0.0675 0.9250 0.0955 0.0955 0.9249 0.0955 0.0955 0.9250 0.0675 0.1169 0.9249 0.0675 0.1169 0.9250 0.0349 0.1304 0.9249 0.0349 0.1304 0.9250 0.0000 0.1350 0.9249 0.0000 0.1350 0.9250 0.0000 0.1350 0.9249 0.0000 0.1350 0.9250 -0.0349 0.1304 0.9249 -0.0349 0.1304 0.9250 -0.0675 0.1169 0.9249 -0.0675 0.1169 0.9250 -0.0955 0.0955 0.9249 -0.0955 0.0955 0.9250 -0.1169 0.0675 0.9249 -0.1169 0.0675 0.9250 -0.1304 0.0349 0.9249 -0.1304 0.0349 0.9250 -0.1350 0.0000 0.9249 -0.1350 0.0000 0.9250 -0.1304 -0.0349 0.9249 -0.1304 -0.0349 0.9250 -0.1169 -0.0675 0.9249 -0.1169 -0.0675 0.9250 -0.0955 -0.0955 0.9249 -0.0955 -0.0955 0.9250 -0.0675 -0.1169 0.9249 -0.0675 -0.1169 0.9250 -0.0349 -0.1304 0.9249 -0.0349 -0.1304 0.9250 0.0000 -0.1350 0.9249 0.0000 -0.1350 0.9250 1.5000 1.5000 0.9250 1.5000 -1.5000 0.9250 1.5000 1.5000 0.6250 1.5000 -1.5000 0.6250 -1.5000 1.5000 0.9250 1.5000 1.5000 0.9250 -1.5000 1.5000 0.6250 1.5000 1.5000 0.6250 -1.5000 -1.5000 0.6250 -1.5000 1.5000 0.6250 1.5000 -1.5000 0.6250 1.5000 1.5000 0.6250</float_array>
          <technique_common>
            <accessor source="#part_032-mesh-positions-array" count="152" stride="3">
              <param name="X" type="float"/>
              <param name="Y" type="float"/>
              <param name="Z" type="float"/>
            </accessor>
          </technique_common>
        </source>
        <source id="part_032-mesh-normals">
          <float_array id="part_032-mesh-normals-array" count="324">-0.0000 -1.0000 -0.0000 0.0000 -1.0000 0.0000 -1.0000 0.0000 0.0000 -1.0000 0.0000 0.0000 0.0000 0.0000 1.0000 0.0000 0.0000 1.0000 0.0000 0.0000 1.0000 0.0000 0.0000 1.0000 0.0000 0.0000 1.0000 0.0000 0.0000 1.0000 0.0000 -0.0000 1.0000 0.0000 0.0000 1.0000 0.0000 0.0000 1.0000 0.0000 -0.0000 1.0000 0.0000 -0.0000 1.0000 0.0000 0.0000 1.0000 0.0000 0.0000 1.0000 -0.0000 0.0000 1.0000 0.0000 0.0000 1.0000 0.0000 0.0000 1.0000 0.0000 0.0000 1.0000 0.0000 0.0000 1.0000 -0.0000 0.0000 1.0000 0.0000 0.0000 1.0000 0.0000 0.0000 1.0000 0.0000 0.0000 1.0000 0.0000 0.0000 1.0000 0.0000 0.0000 1.0000 0.0000 0.0000 1.0000 0.0000 0.0000 1.0000 0.0000 0.0000 1.0000 0.0000 0.0000 1.0000 0.0000 -0.0000 1.0000 0.0000 0.0000 1.0000 0.0000 0.0000 1.0000 0.0000 -0.0000 1.0000 0.0000 0.0000 1.0000 0.0000 0.0000 1.0000 0.0000 0.0000 1.0000 0.0000 -0.0000 1.0000 0.0000 -0.0000 1.0000 -0.0000 0.0000 1.0000 0.0000 0.0000 1.0000 0.0000 0.0000 1.0000 0.0000 0.0000 1.0000 0.0000 0.0000 1.0000 0.0000 0.0000 1.0000 0.0000 0.0000 1.0000 0.0000 0.0000 1.0000 0.0000 0.0000 1.0000 0.0000 0.0000 1.0000 0.0000 0.0000 1.0000 0.0000 -0.0000 1.0000 0.0000 0.0000 1.0000 -0.1305 0.9914 0.0000 -0.1305 0.9914 0.0000 -0.3827 0.9239 0.0000 -0.3827 0.9239 0.0000 -0.6088 0.7933 0.0000 -0.6088 0.7933 0.0000 -0.7933 0.6088 0.0000 -0.7933 0.6088 0.0000 -0.9239 0.3827 0.0000 -0.9239 0.3827 0.0000 -0.9914 0.1305 0.0000 -0.9914 0.1305 0.0000 -0.9914 -0.1305 0.0000 -0.9914 -0.1305 0.0000 -0.9239 -0.3827 0.0000 -0.9239 -0.3827 0.0000 -0.7933 -0.6088 0.0000 -0.7933 -0.6088 0.0000 -0.6088 -0.7933 0.0000 -0.6088 -0.7933 0.0000 -0.3827 -0.9239 0.0000 -0.3827 -0.9239 0.0000 -0.1305 -0.9914 0.0000 -0.1305 -0.9914 0.0000 0.1305 -0.9914 0.0000 0.1305 -0.9914 0.0000 0.3827 -0.9239 0.0000 0.3827 -0.9239 0.0000 0.6088 -0.7933 0.0000 0.6088 -0.7933 0.0000 0.7933 -0.6088 0.0000 0.7933 -0.6088 0.0000 0.9239 -0.3827 0.0000 0.9239 -0.3827 0.0000 0.9914 -0.1305 0.0000 0.9914 -0.1305 0.0000 0.9914 0.1305 -0.0000 0.9914 0.1305 -0.0000 0.9239 0.3827 -0.0000 0.9239 0.3827 -0.0000 0.7933 0.6088 -0.0000 0.7933 0.6088 -0.0000 0.6088 0.7933 -0.0000 0.6088 0.7933 -0.0000 0.3827 0.9239 -0.0000 0.3827 0.9239 -0.0000 0.1305 0.9914 -0.0000 0.1305 0.9914 -0.0000 1.0000 0.0000 0.0000 1.0000 0.0000 0.0000 -0.0000 1.0000 0.0000 0.0000 1.0000 0.0000 0.0000 0.0000 -1.0000 0.0000 0.0000 -1.0000</float_array>
          <technique_common>
            <accessor source="#part_032-mesh-normals-array" count="108" stride="3">
              <param name="X" type="float"/>
              <param name="Y" type="float"/>
              <param name="Z" type="float"/>
            </accessor>
          </technique_common>
        </source>
        <vertices id="part_032-mesh-vertices">
          <input semantic="POSITION" source="#part_032-mesh-positions"/>
        </vertices>
        <triangles material="mat_0_745_0_745_0_726" count="108">
          <input semantic="VERTEX" source="#part_032-mesh-vertices" offset="0"/>
          <input semantic="NORMAL" source="#part_032-mesh-normals" offset="1"/>
          <p>0 0 1 0 2 0 2 1 1 1 3 1 4 2 5 2 6 2 6 3 5 3 7 3 8 4 9 4 10 4 10 5 9 5 11 5 10 6 11 6 12 6 13 7 14 7 15 7 15 8 14 8 16 8 15 9 16 9 17 9 18 10 19 10 20 10 20 11 19 11 21 11 20 12 21 12 22 12 23 13 24 13 25 13 25 14 24 14 26 14 25 15 26 15 27 15 27 16 26 16 28 16 29 17 30 17 31 17 31 18 30 18 32 18 31 19 32 19 33 19 34 20 35 20 36 20 36 21 35 21 37 21 38 22 39 22 40 22 40 23 39 23 41 23 40 24 41 24 42 24 42 25 41 25 43 25 42 26 43 26 44 26 45 27 46 27 47 27 47 28 46 28 48 28 47 29 48 29 49 29 49 30 48 30 50 30 49 31 50 31 51 31 52 32 53 32 54 32 54 33 53 33 55 33 54 34 55 34 56 34 57 35 58 35 59 35 59 36 58 36 60 36 61 37 62 37 63 37 63 38 62 38 64 38 63 39 64 39 65 39 65 40 64 40 66 40 67 41 68 41 69 41 69 42 68 42 70 42 69 43 70 43 71 43 72 44 73 44 74 44 74 45 73 45 75 45 74 46 75 46 76 46 77 47 78 47 79 47 79 48 78 48 80 48 79 49 80 49 81 49 82 50 83 50 84 50 84 51 83 51 85 51 84 52 85 52 86 52 86 53 85 53 87 53 88 54 89 54 90 54 90 55 89 55 91 55 90 56 91 56 92 56 92 57 91 57 93 57 92 58 93 58 94 58 94 59 93 59 95 59 94 60 95 60 96 60 96 61 95 61 97 61 96 62 97 62 98 62 98 63 97 63 99 63 98 64 99 64 100 64 100 65 99 65 101 65 100 66 101 66 102 66 102 67 101 67 103 67 102 68 103 68 104 68 104 69 103 69 105 69 104 70 105 70 106 70 106 71 105 71 107 71 106 72 107 72 108 72 108 73 107 73 109 73 108 74 109 74 110 74 110 75 109 75 111 75 110 76 111 76 112 76 112 77 111 77 113 77 114 78 115 78 116 78 116 79 115 79 117 79 116 80 117 80 118 80 118 81 117 81 119 81 118 82 119 82 120 82 120 83 119 83 121 83 120 84 121 84 122 84 122 85 121 85 123 85 122 86 123 86 124 86 124 87 123 87 125 87 124 88 125 88 126 88 126 89 125 89 127 89 126 90 127 90 128 90 128 91 127 91 129 91 128 92 129 92 130 92 130 93 129 93 131 93 130 94 131 94 132 94 132 95 131 95 133 95 132 96 133 96 134 96 134 97 133 97 135 97 134 98 135 98 136 98 136 99 135 99 137 99 136 100 137 100 138 100 138 101 137 101 139 101 140 102 141 102 142 102 142 103 141 103 143 103 144 104 145 104 146 104 146 105 145 105 147 105 148 106 149 106 150 106 150 107 149 107 151 107</p>
        </triangles>
      </mesh>
    </geometry>
    <geometry id="part_033-mesh" name="part_033">
      <mesh>
        <source id="part_033-mesh-positions">
          <float_array id="part_033-mesh-positions-array" count="72">-1.5000 0.5000 0.7750 -1.5000 -0.5000 0.7750 -1.5000 0.5000 0.6250 -1.5000 -0.5000 0.6250 -1.8000 -0.5000 0.7750 -1.8000 0.5000 0.7750 -1.8000 -0.5000 0.6250 -1.8000 0.5000 0.6250 -1.8000 0.5000 0.7750 -1.5000 0.5000 0.7750 -1.8000 0.5000 0.6250 -1.5000 0.5000 0.6250 -1.5000 -0.5000 0.7750 -1.8000 -0.5000 0.7750 -1.5000 -0.5000 0.6250 -1.8000 -0.5000 0.6250 -1.8000 0.5000 0.7750 -1.8000 -0.5000 0.7750 -1.5000 0.5000 0.7750 -1.5000 -0.5000 0.7750 -1.8000 -0.5000 0.6250 -1.8000 0.5000 0.6250 -1.5000 -0.5000 0.6250 -1.5000 0.5000 0.6250</float_array>
          <technique_common>
            <accessor source="#part_033-mesh-positions-array" count="24" stride="3">
              <param name="X" type="float"/>
              <param name="Y" type="float"/>
              <param name="Z" type="float"/>
            </accessor>
          </technique_common>
        </source>
        <source id="part_033-mesh-normals">
          <float_array id="part_033-mesh-normals-array" count="36">1.0000 0.0000 0.0000 1.0000 0.0000 0.0000 -1.0000 0.0000 0.0000 -1.0000 0.0000 0.0000 -0.0000 1.0000 0.0000 0.0000 1.0000 0.0000 -0.0000 -1.0000 -0.0000 0.0000 -1.0000 0.0000 -0.0000 0.0000 1.0000 0.0000 0.0000 1.0000 0.0000 0.0000 -1.0000 0.0000 0.0000 -1.0000</float_array>
          <technique_common>
            <accessor source="#part_033-mesh-normals-array" count="12" stride="3">
              <param name="X" type="float"/>
              <param name="Y" type="float"/>
              <param name="Z" type="float"/>
            </accessor>
          </technique_common>
        </source>
        <vertices id="part_033-mesh-vertices">
          <input semantic="POSITION" source="#part_033-mesh-positions"/>
        </vertices>
        <triangles material="mat_0_922_0_706_0_627" count="12">
          <input semantic="VERTEX" source="#part_033-mesh-vertices" offset="0"/>
          <input semantic="NORMAL" source="#part_033-mesh-normals" offset="1"/>
          <p>0 0 1 0 2 0 2 1 1 1 3 1 4 2 5 2 6 2 6 3 5 3 7 3 8 4 9 4 10 4 10 5 9 5 11 5 12 6 13 6 14 6 14 7 13 7 15 7 16 8 17 8 18 8 18 9 17 9 19 9 20 10 21 10 22 10 22 11 21 11 23 11</p>
        </triangles>
      </mesh>
    </geometry>
    <geometry id="part_034-mesh" name="part_034">
      <mesh>
        <source id="part_034-mesh-positions">
          <float_array id="part_034-mesh-positions-array" count="72">-1.0000 -1.5000 0.9271 -1.5000 -1.5000 0.9271 -1.0000 -1.5000 0.9270 -1.5000 -1.5000 0.9270 -1.5000 -1.5000 0.9271 -1.5000 -1.0000 0.9271 -1.5000 -1.5000 0.9270 -1.5000 -1.0000 0.9270 -1.5000 -1.0000 0.9271 -1.5000 -1.5000 0.9271 -1.0000 -1.0000 0.9271 -1.0000 -1.5000 0.9271 -1.5000 -1.5000 0.9270 -1.5000 -1.0000 0.9270 -1.0000 -1.5000 0.9270 -1.0000 -1.0000 0.9270 -1.5000 -1.0000 0.9271 -1.0000 -1.0000 0.9271 -1.5000 -1.0000 0.9270 -1.0000 -1.0000 0.9270 -1.0000 -1.0000 0.9271 -1.0000 -1.5000 0.9271 -1.0000 -1.0000 0.9270 -1.0000 -1.5000 0.9270</float_array>
          <technique_common>
            <accessor source="#part_034-mesh-positions-array" count="24" stride="3">
              <param name="X" type="float"/>
              <param name="Y" type="float"/>
              <param name="Z" type="float"/>
            </accessor>
          </technique_common>
        </source>
        <source id="part_034-mesh-normals">
          <float_array id="part_034-mesh-normals-array" count="36">-0.0000 -1.0000 -0.0000 0.0000 -1.0000 0.0000 -1.0000 0.0000 0.0000 -1.0000 0.0000 0.0000 -0.0000 0.0000 1.0000 0.0000 0.0000 1.0000 0.0000 0.0000 -1.0000 0.0000 0.0000 -1.0000 -0.0000 1.0000 0.0000 0.0000 1.0000 0.0000 1.0000 0.0000 0.0000 1.0000 0.0000 0.0000</float_array>
          <technique_common>
            <accessor source="#part_034-mesh-normals-array" count="12" stride="3">
              <param name="X" type="float"/>
              <param name="Y" type="float"/>
              <param name="Z" type="float"/>
            </accessor>
          </technique_common>
        </source>
        <vertices id="part_034-mesh-vertices">
          <input semantic="POSITION" source="#part_034-mesh-positions"/>
        </vertices>
        <triangles material="mat_0_157_0_392_0_196" count="12">
          <input semantic="VERTEX" source="#part_034-mesh-vertices" offset="0"/>
          <input semantic="NORMAL" source="#part_034-mesh-normals" offset="1"/>
          <p>0 0 1 0 2 0 2 1 1 1 3 1 4 2 5 2 6 2 6 3 5 3 7 3 8 4 9 4 10 4 10 5 9 5 11 5 12 6 13 6 14 6 14 7 13 7 15 7 16 8 17 8 18 8 18 9 17 9 19 9 20 10 21 10 22 10 22 11 21 11 23 11</p>
        </triangles>
      </mesh>
    </geometry>
    <geometry id="part_035-mesh" name="part_035">
      <mesh>
        <source id="part_035-mesh-positions">
          <float_array id="part_035-mesh-positions-array" count="72">1.5000 0.5000 0.7750 1.5000 -0.5000 0.7750 1.8000 0.5000 0.7750 1.8000 -0.5000 0.7750 1.8000 0.5000 0.7750 1.8000 -0.5000 0.7750 1.8000 0.5000 0.6250 1.8000 -0.5000 0.6250 1.5000 0.5000 0.7750 1.8000 0.5000 0.7750 1.5000 0.5000 0.6250 1.8000 0.5000 0.6250 1.5000 -0.5000 0.7750 1.5000 0.5000 0.7750 1.5000 -0.5000 0.6250 1.5000 0.5000 0.6250 1.8000 -0.5000 0.7750 1.5000 -0.5000 0.7750 1.8000 -0.5000 0.6250 1.5000 -0.5000 0.6250 1.5000 -0.5000 0.6250 1.5000 0.5000 0.6250 1.8000 -0.5000 0.6250 1.8000 0.5000 0.6250</float_array>
          <technique_common>
            <accessor source="#part_035-mesh-positions-array" count="24" stride="3">
              <param name="X" type="float"/>
              <param name="Y" type="float"/>
              <param name="Z" type="float"/>
            </accessor>
          </technique_common>
        </source>
        <source id="part_035-mesh-normals">
          <float_array id="part_035-mesh-normals-array" count="36">-0.0000 0.0000 1.0000 0.0000 0.0000 1.0000 1.0000 0.0000 0.0000 1.0000 0.0000 0.0000 -0.0000 1.0000 0.0000 0.0000 1.0000 0.0000 -1.0000 0.0000 0.0000 -1.0000 0.0000 0.0000 -0.0000 -1.0000 -0.0000 0.0000 -1.0000 0.0000 0.0000 0.0000 -1.0000 0.0000 0.0000 -1.0000</float_array>
          <technique_common>
            <accessor source="#part_035-mesh-normals-array" count="12" stride="3">
              <param name="X" type="float"/>
              <param name="Y" type="float"/>
              <param name="Z" type="float"/>
            </accessor>
          </technique_common>
        </source>
        <vertices id="part_035-mesh-vertices">
          <input semantic="POSITION" source="#part_035-mesh-positions"/>
        </vertices>
        <triangles material="mat_0_588_0_843_0_863" count="12">
          <input semantic="VERTEX" source="#part_035-mesh-vertices" offset="0"/>
          <input semantic="NORMAL" source="#part_035-mesh-normals" offset="1"/>
          <p>0 0 1 0 2 0 2 1 1 1 3 1 4 2 5 2 6 2 6 3 5 3 7 3 8 4 9 4 10 4 10 5 9 5 11 5 12 6 13 6 14 6 14 7 13 7 15 7 16 8 17 8 18 8 18 9 17 9 19 9 20 10 21 10 22 10 22 11 21 11 23 11</p>
        </triangles>
      </mesh>
    </geometry>
    <geometry id="part_036-mesh" name="part_036">
      <mesh>
        <source id="part_036-mesh-positions">
          <float_array id="part_036-mesh-positions-array" count="1206">-0.0846 -0.0308 1.7249 -0.1228 -0.0561 1.7249 -0.0779 -0.0450 1.7249 -0.1136 -0.0730 1.7249 -0.0689 -0.0579 1.7249 -0.1020 -0.0884 1.7249 -0.0579 -0.0689 1.7249 -0.0884 -0.1020 1.7249 -0.0450 -0.0779 1.7249 -0.0884 -0.1020 1.7249 -0.0730 -0.1136 1.7249 -0.0450 -0.0779 1.7249 -0.0561 -0.1228 1.7249 -0.0308 -0.0846 1.7249 -0.0380 -0.1295 1.7249 -0.0156 -0.0886 1.7249 -0.0192 -0.1336 1.7249 0.0000 -0.0900 1.7249 0.0000 -0.1350 1.7249 0.0156 -0.0886 1.7249 0.0192 -0.1336 1.7249 0.0308 -0.0846 1.7249 -0.0779 0.0450 1.7249 -0.1228 0.0561 1.7249 -0.0846 0.0308 1.7249 -0.1295 0.0380 1.7249 -0.0886 0.0156 1.7249 -0.1336 0.0192 1.7249 -0.0900 0.0000 1.7249 -0.1350 0.0000 1.7249 -0.0886 -0.0156 1.7249 -0.1336 -0.0192 1.7249 -0.0846 -0.0308 1.7249 -0.1295 -0.0380 1.7249 -0.1228 -0.0561 1.7249 -0.0308 0.0846 1.7249 -0.0561 0.1228 1.7249 -0.0450 0.0779 1.7249 -0.0730 0.1136 1.7249 -0.0579 0.0689 1.7249 -0.0884 0.1020 1.7249 -0.0689 0.0579 1.7249 -0.1020 0.0884 1.7249 -0.0779 0.0450 1.7249 -0.1136 0.0730 1.7249 -0.1228 0.0561 1.7249 0.0450 0.0779 1.7249 0.0561 0.1228 1.7249 0.0308 0.0846 1.7249 0.0380 0.1295 1.7249 0.0156 0.0886 1.7249 0.0192 0.1336 1.7249 0.0000 0.0900 1.7249 0.0000 0.1350 1.7249 -0.0156 0.0886 1.7249 -0.0192 0.1336 1.7249 -0.0308 0.0846 1.7249 -0.0380 0.1295 1.7249 -0.0561 0.1228 1.7249 0.0846 0.0308 1.7249 0.1228 0.0561 1.7249 0.0779 0.0450 1.7249 0.1136 0.0730 1.7249 0.0689 0.0579 1.7249 0.1020 0.0884 1.7249 0.0579 0.0689 1.7249 0.0884 0.1020 1.7249 0.0450 0.0779 1.7249 0.0730 0.1136 1.7249 0.0561 0.1228 1.7249 0.0779 -0.0450 1.7249 0.1228 -0.0561 1.7249 0.0846 -0.0308 1.7249 0.1295 -0.0380 1.7249 0.0886 -0.0156 1.7249 0.1336 -0.0192 1.7249 0.0900 0.0000 1.7249 0.1350 0.0000 1.7249 0.0886 0.0156 1.7249 0.1336 0.0192 1.7249 0.0846 0.0308 1.7249 0.1295 0.0380 1.7249 0.1228 0.0561 1.7249 0.0192 -0.1336 1.7249 0.0380 -0.1295 1.7249 0.0308 -0.0846 1.7249 0.0561 -0.1228 1.7249 0.0450 -0.0779 1.7249 0.0730 -0.1136 1.7249 0.0579 -0.0689 1.7249 0.0884 -0.1020 1.7249 0.0689 -0.0579 1.7249 0.1020 -0.0884 1.7249 0.0779 -0.0450 1.7249 0.1136 -0.0730 1.7249 0.1228 -0.0561 1.7249 0.0000 -0.0900 1.7249 0.0000 -0.0900 1.6249 -0.0156 -0.0886 1.7249 -0.0156 -0.0886 1.6249 -0.0308 -0.0846 1.7249 -0.0308 -0.0846 1.6249 -0.0450 -0.0779 1.7249 -0.0450 -0.0779 1.6249 -0.0579 -0.0689 1.7249 -0.0579 -0.0689 1.6249 -0.0689 -0.0579 1.7249 -0.0689 -0.0579 1.6249 -0.0779 -0.0450 1.7249 -0.0779 -0.0450 1.6249 -0.0846 -0.0308 1.7249 -0.0846 -0.0308 1.6249 -0.0886 -0.0156 1.7249 -0.0886 -0.0156 1.6249 -0.0900 0.0000 1.7249 -0.0900 0.0000 1.6249 -0.0886 0.0156 1.7249 -0.0886 0.0156 1.6249 -0.0846 0.0308 1.7249 -0.0846 0.0308 1.6249 -0.0779 0.0450 1.7249 -0.0779 0.0450 1.6249 -0.0689 0.0579 1.7249 -0.0689 0.0579 1.6249 -0.0579 0.0689 1.7249 -0.0579 0.0689 1.6249 -0.0450 0.0779 1.7249 -0.0450 0.0779 1.6249 -0.0308 0.0846 1.7249 -0.0308 0.0846 1.6249 -0.0156 0.0886 1.7249 -0.0156 0.0886 1.6249 0.0000 0.0900 1.7249 0.0000 0.0900 1.6249 0.0000 -0.1350 1.7249 0.0000 -0.1350 0.9249 0.0192 -0.1336 0.9249 0.0000 -0.1350 1.7249 0.0192 -0.1336 0.9249 0.0192 -0.1336 1.7249 0.0380 -0.1295 0.9249 0.0380 -0.1295 1.7249 0.0561 -0.1228 0.9249 0.0561 -0.1228 1.7249 0.0730 -0.1136 0.9249 0.0730 -0.1136 1.7249 0.0884 -0.1020 0.9249 0.0884 -0.1020 1.7249 0.1020 -0.0884 0.9249 0.1020 -0.0884 1.7249 0.1136 -0.0730 0.9249 0.1136 -0.0730 1.7249 0.1228 -0.0561 0.9249 0.1228 -0.0561 1.7249 0.1295 -0.0380 0.9249 0.1295 -0.0380 1.7249 0.1336 -0.0192 0.9249 0.1336 -0.0192 1.7249 0.1350 0.0000 0.9249 0.1350 0.0000 1.7249 0.1336 0.0192 0.9249 0.1336 0.0192 1.7249 0.1295 0.0380 0.9249 0.1295 0.0380 1.7249 0.1228 0.0561 0.9249 0.1228 0.0561 1.7249 0.1136 0.0730 0.9249 0.1136 0.0730 1.7249 0.1020 0.0884 0.9249 0.1020 0.0884 1.7249 0.0884 0.1020 0.9249 0.0884 0.1020 1.7249 0.0730 0.1136 0.9249 0.0730 0.1136 1.7249 0.0561 0.1228 0.9249 0.0561 0.1228 1.7249 0.0380 0.1295 0.9249 0.0380 0.1295 1.7249 0.0192 0.1336 0.9249 0.0192 0.1336 1.7249 0.0000 0.1350 0.9249 0.0000 0.1350 1.7249 0.1295 0.0380 0.9249 0.1336 0.0192 0.9249 -0.0192 -0.1336 0.9249 -0.0380 0.1295 0.9249 -0.0192 0.1336 0.9249 -0.1295 0.0380 0.9249 -0.1295 0.0380 0.9249 -0.0192 0.1336 0.9249 -0.1336 0.0192 0.9249 0.1336 0.0192 0.9249 0.1350 0.0000 0.9249 -0.0192 -0.1336 0.9249 0.1336 -0.0192 0.9249 0.0000 -0.1350 0.9249 0.0192 0.1336 0.9249 -0.0380 -0.1295 0.9249 -0.0561 -0.1228 0.9249 -0.1228 -0.0561 0.9249 0.0192 0.1336 0.9249 -0.1136 -0.0730 0.9249 -0.1020 -0.0884 0.9249 -0.1228 -0.0561 0.9249 -0.1295 -0.0380 0.9249 0.0192 0.1336 0.9249 -0.1336 -0.0192 0.9249 0.0000 0.1350 0.9249 0.0000 0.1350 0.9249 -0.1336 -0.0192 0.9249 -0.0192 0.1336 0.9249 -0.1350 0.0000 0.9249 -0.1336 0.0192 0.9249 -0.0380 -0.1295 0.9249 0.0192 0.1336 0.9249 -0.0192 -0.1336 0.9249 0.0380 0.1295 0.9249 0.0561 0.1228 0.9249 0.0561 0.1228 0.9249 0.0730 0.1136 0.9249 -0.0192 -0.1336 0.9249 0.0884 0.1020 0.9249 0.1020 0.0884 0.9249 0.1020 0.0884 0.9249 0.1136 0.0730 0.9249 -0.0192 -0.1336 0.9249 0.1228 0.0561 0.9249 0.1295 0.0380 0.9249 0.1228 -0.0561 0.9249 0.1136 -0.0730 0.9249 0.0192 -0.1336 0.9249 0.1020 -0.0884 0.9249 0.0884 -0.1020 0.9249 -0.0561 -0.1228 0.9249 -0.0730 -0.1136 0.9249 0.0192 0.1336 0.9249 -0.0884 -0.1020 0.9249 -0.1020 -0.0884 0.9249 -0.1136 0.0730 0.9249 -0.1020 0.0884 0.9249 -0.0561 0.1228 0.9249 -0.0884 0.1020 0.9249 -0.0730 0.1136 0.9249 -0.0380 0.1295 0.9249 -0.1295 0.0380 0.9249 -0.0561 0.1228 0.9249 -0.1228 0.0561 0.9249 -0.1136 0.0730 0.9249 0.0000 -0.1350 0.9249 0.1336 -0.0192 0.9249 0.0192 -0.1336 0.9249 0.1295 -0.0380 0.9249 0.1228 -0.0561 0.9249 0.0884 -0.1020 0.9249 0.0730 -0.1136 0.9249 0.0192 -0.1336 0.9249 0.0561 -0.1228 0.9249 0.0380 -0.1295 0.9249 0.0000 0.1350 1.7249 0.0000 0.1350 0.9249 -0.0192 0.1336 0.9249 0.0000 0.1350 1.7249 -0.0192 0.1336 0.9249 -0.0192 0.1336 1.7249 -0.0380 0.1295 0.9249 -0.0380 0.1295 1.7249 -0.0561 0.1228 0.9249 -0.0561 0.1228 1.7249 -0.0730 0.1136 0.9249 -0.0730 0.1136 1.7249 -0.0884 0.1020 0.9249 -0.0884 0.1020 1.7249 -0.1020 0.0884 0.9249 -0.1020 0.0884 1.7249 -0.1136 0.0730 0.9249 -0.1136 0.0730 1.7249 -0.1228 0.0561 0.9249 -0.1228 0.0561 1.7249 -0.1295 0.0380 0.9249 -0.1295 0.0380 1.7249 -0.1336 0.0192 0.9249 -0.1336 0.0192 1.7249 -0.1350 0.0000 0.9249 -0.1350 0.0000 1.7249 -0.1336 -0.0192 0.9249 -0.1336 -0.0192 1.7249 -0.1295 -0.0380 0.9249 -0.1295 -0.0380 1.7249 -0.1228 -0.0561 0.9249 -0.1228 -0.0561 1.7249 -0.1136 -0.0730 0.9249 -0.1136 -0.0730 1.7249 -0.1020 -0.0884 0.9249 -0.1020 -0.0884 1.7249 -0.0884 -0.1020 0.9249 -0.0884 -0.1020 1.7249 -0.0730 -0.1136 0.9249 -0.0730 -0.1136 1.7249 -0.0561 -0.1228 0.9249 -0.0561 -0.1228 1.7249 -0.0380 -0.1295 0.9249 -0.0380 -0.1295 1.7249 -0.0192 -0.1336 0.9249 -0.0192 -0.1336 1.7249 0.0000 -0.1350 0.9249 0.0000 -0.1350 1.7249 0.0000 0.0900 1.7249 0.0000 0.0900 1.6249 0.0156 0.0886 1.7249 0.0156 0.0886 1.6249 0.0308 0.0846 1.7249 0.0308 0.0846 1.6249 0.0450 0.0779 1.7249 0.0450 0.0779 1.6249 0.0579 0.0689 1.7249 0.0579 0.0689 1.6249 0.0689 0.0579 1.7249 0.0689 0.0579 1.6249 0.0779 0.0450 1.7249 0.0779 0.0450 1.6249 0.0846 0.0308 1.7249 0.0846 0.0308 1.6249 0.0886 0.0156 1.7249 0.0886 0.0156 1.6249 0.0900 0.0000 1.7249 0.0900 0.0000 1.6249 0.0886 -0.0156 1.7249 0.0886 -0.0156 1.6249 0.0846 -0.0308 1.7249 0.0846 -0.0308 1.6249 0.0779 -0.0450 1.7249 0.0779 -0.0450 1.6249 0.0689 -0.0579 1.7249 0.0689 -0.0579 1.6249 0.0579 -0.0689 1.7249 0.0579 -0.0689 1.6249 0.0450 -0.0779 1.7249 0.0450 -0.0779 1.6249 0.0308 -0.0846 1.7249 0.0308 -0.0846 1.6249 0.0156 -0.0886 1.7249 0.0156 -0.0886 1.6249 0.0000 -0.0900 1.7249 0.0000 -0.0900 1.6249 0.0846 -0.0308 1.6249 -0.0579 -0.0689 1.6249 -0.0450 -0.0779 1.6249 0.0689 0.0579 1.6249 0.0579 0.0689 1.6249 -0.0579 -0.0689 1.6249 0.0450 0.0779 1.6249 0.0846 -0.0308 1.6249 0.0886 -0.0156 1.6249 -0.0579 -0.0689 1.6249 0.0900 0.0000 1.6249 0.0886 0.0156 1.6249 0.0450 0.0779 1.6249 0.0308 0.0846 1.6249 -0.0579 -0.0689 1.6249 0.0156 0.0886 1.6249 0.0000 0.0900 1.6249 -0.0450 0.0779 1.6249 -0.0579 0.0689 1.6249 -0.0579 -0.0689 1.6249 -0.0689 0.0579 1.6249 -0.0779 0.0450 1.6249 -0.0779 0.0450 1.6249 -0.0846 0.0308 1.6249 -0.0579 -0.0689 1.6249 -0.0886 0.0156 1.6249 -0.0900 0.0000 1.6249 -0.0450 -0.0779 1.6249 -0.0308 -0.0846 1.6249 0.0846 -0.0308 1.6249 -0.0156 -0.0886 1.6249 0.0000 -0.0900 1.6249 0.0886 0.0156 1.6249 0.0846 0.0308 1.6249 -0.0579 -0.0689 1.6249 0.0779 0.0450 1.6249 0.0689 0.0579 1.6249 0.0000 0.0900 1.6249 -0.0156 0.0886 1.6249 -0.0579 -0.0689 1.6249 -0.0308 0.0846 1.6249 -0.0450 0.0779 1.6249 0.0000 -0.0900 1.6249 0.0156 -0.0886 1.6249 0.0846 -0.0308 1.6249 0.0308 -0.0846 1.6249 0.0450 -0.0779 1.6249 0.0450 -0.0779 1.6249 0.0579 -0.0689 1.6249 0.0846 -0.0308 1.6249 0.0689 -0.0579 1.6249 0.0779 -0.0450 1.6249 -0.0900 0.0000 1.6249 -0.0886 -0.0156 1.6249 -0.0579 -0.0689 1.6249 -0.0846 -0.0308 1.6249 -0.0689 -0.0579 1.6249 -0.0779 -0.0450 1.6249</float_array>
          <technique_common>
            <accessor source="#part_036-mesh-positions-array" count="402" stride="3">
              <param name="X" type="float"/>
              <param name="Y" type="float"/>
              <param name="Z" type="float"/>
            </accessor>
          </technique_common>
        </source>
        <source id="part_036-mesh-normals">
          <float_array id="part_036-mesh-normals-array" count="948">0.0000 0.0000 1.0000 0.0000 0.0000 1.0000 0.0000 0.0000 1.0000 0.0000 0.0000 1.0000 0.0000 0.0000 1.0000 0.0000 0.0000 1.0000 0.0000 0.0000 1.0000 -0.0000 0.0000 1.0000 0.0000 0.0000 1.0000 0.0000 0.0000 1.0000 0.0000 0.0000 1.0000 0.0000 0.0000 1.0000 0.0000 0.0000 1.0000 0.0000 0.0000 1.0000 0.0000 0.0000 1.0000 -0.0000 0.0000 1.0000 0.0000 0.0000 1.0000 -0.0000 0.0000 1.0000 0.0000 0.0000 1.0000 0.0000 0.0000 1.0000 0.0000 0.0000 1.0000 0.0000 0.0000 1.0000 0.0000 0.0000 1.0000 0.0000 0.0000 1.0000 0.0000 0.0000 1.0000 0.0000 0.0000 1.0000 0.0000 0.0000 1.0000 0.0000 0.0000 1.0000 0.0000 0.0000 1.0000 0.0000 0.0000 1.0000 0.0000 0.0000 1.0000 0.0000 0.0000 1.0000 0.0000 0.0000 1.0000 0.0000 0.0000 1.0000 0.0000 0.0000 1.0000 0.0000 0.0000 1.0000 0.0000 0.0000 1.0000 0.0000 0.0000 1.0000 0.0000 -0.0000 1.0000 0.0000 0.0000 1.0000 0.0000 -0.0000 1.0000 0.0000 0.0000 1.0000 0.0000 -0.0000 1.0000 0.0000 0.0000 1.0000 0.0000 -0.0000 1.0000 0.0000 -0.0000 1.0000 0.0000 0.0000 1.0000 0.0000 -0.0000 1.0000 0.0000 0.0000 1.0000 0.0000 -0.0000 1.0000 0.0000 0.0000 1.0000 0.0000 -0.0000 1.0000 0.0000 0.0000 1.0000 0.0000 -0.0000 1.0000 0.0000 0.0000 1.0000 0.0000 -0.0000 1.0000 0.0000 0.0000 1.0000 0.0000 0.0000 1.0000 -0.0000 0.0000 1.0000 0.0000 0.0000 1.0000 -0.0000 0.0000 1.0000 0.0000 0.0000 1.0000 -0.0000 0.0000 1.0000 -0.0000 0.0000 1.0000 0.0000 -0.0000 1.0000 -0.0000 0.0000 1.0000 0.0000 -0.0000 1.0000 -0.0000 0.0000 1.0000 0.0000 0.0000 1.0000 0.0000 0.0000 1.0000 0.0000 0.0000 1.0000 -0.0000 0.0000 1.0000 0.0000 0.0000 1.0000 -0.0000 0.0000 1.0000 0.0000 0.0000 1.0000 -0.0000 0.0000 1.0000 0.0000 0.0000 1.0000 -0.0000 0.0000 1.0000 0.0000 0.0000 1.0000 0.0000 0.0000 1.0000 0.0871 0.9962 0.0000 0.0871 0.9962 0.0000 0.2588 0.9659 0.0000 0.2588 0.9659 0.0000 0.4226 0.9063 0.0000 0.4226 0.9063 0.0000 0.5736 0.8192 0.0000 0.5736 0.8192 0.0000 0.7071 0.7071 0.0000 0.7071 0.7071 0.0000 0.8192 0.5736 0.0000 0.8192 0.5736 0.0000 0.9063 0.4226 0.0000 0.9063 0.4226 0.0000 0.9659 0.2588 0.0000 0.9659 0.2588 0.0000 0.9962 0.0871 0.0000 0.9962 0.0871 0.0000 0.9962 -0.0871 0.0000 0.9962 -0.0871 0.0000 0.9659 -0.2588 0.0000 0.9659 -0.2588 0.0000 0.9063 -0.4226 0.0000 0.9063 -0.4226 0.0000 0.8192 -0.5736 0.0000 0.8192 -0.5736 0.0000 0.7071 -0.7071 0.0000 0.7071 -0.7071 0.0000 0.5736 -0.8192 0.0000 0.5736 -0.8192 0.0000 0.4226 -0.9063 0.0000 0.4226 -0.9063 0.0000 0.2588 -0.9659 0.0000 0.2588 -0.9659 0.0000 0.0871 -0.9962 0.0000 0.0871 -0.9962 0.0000 0.0713 -0.9975 0.0000 0.0713 -0.9975 0.0000 0.2125 -0.9772 0.0000 0.2125 -0.9772 0.0000 0.3495 -0.9369 0.0000 0.3495 -0.9369 0.0000 0.4792 -0.8777 0.0000 0.4792 -0.8777 0.0000 0.5993 -0.8005 0.0000 0.5993 -0.8005 0.0000 0.7071 -0.7071 0.0000 0.7071 -0.7071 0.0000 0.8005 -0.5993 0.0000 0.8005 -0.5993 0.0000 0.8777 -0.4792 0.0000 0.8777 -0.4792 0.0000 0.9369 -0.3495 0.0000 0.9369 -0.3495 0.0000 0.9772 -0.2125 0.0000 0.9772 -0.2125 0.0000 0.9975 -0.0713 0.0000 0.9975 -0.0713 0.0000 0.9975 0.0713 0.0000 0.9975 0.0713 0.0000 0.9772 0.2125 0.0000 0.9772 0.2125 0.0000 0.9369 0.3495 0.0000 0.9369 0.3495 0.0000 0.8777 0.4792 0.0000 0.8777 0.4792 0.0000 0.8005 0.5993 0.0000 0.8005 0.5993 0.0000 0.7071 0.7071 0.0000 0.7071 0.7071 0.0000 0.5993 0.8005 0.0000 0.5993 0.8005 0.0000 0.4792 0.8777 0.0000 0.4792 0.8777 0.0000 0.3495 0.9369 0.0000 0.3495 0.9369 0.0000 0.2125 0.9772 0.0000 0.2125 0.9772 0.0000 0.0713 0.9975 0.0000 0.0713 0.9975 0.0000 0.0000 -0.0000 -1.0000 0.0000 -0.0000 -1.0000 0.0000 -0.0000 -1.0000 0.0000 -0.0000 -1.0000 0.0000 0.0000 -1.0000 0.0000 0.0000 -1.0000 0.0000 0.0000 -1.0000 0.0000 0.0000 -1.0000 0.0000 0.0000 -1.0000 0.0000 0.0000 -1.0000 0.0000 0.0000 -1.0000 -0.0000 0.0000 -1.0000 0.0000 0.0000 -1.0000 0.0000 0.0000 -1.0000 0.0000 0.0000 -1.0000 0.0000 0.0000 -1.0000 0.0000 0.0000 -1.0000 0.0000 0.0000 -1.0000 0.0000 -0.0000 -1.0000 0.0000 0.0000 -1.0000 0.0000 0.0000 -1.0000 0.0000 -0.0000 -1.0000 0.0000 0.0000 -1.0000 0.0000 0.0000 -1.0000 0.0000 0.0000 -1.0000 0.0000 0.0000 -1.0000 0.0000 0.0000 -1.0000 0.0000 0.0000 -1.0000 0.0000 0.0000 -1.0000 0.0000 0.0000 -1.0000 0.0000 0.0000 -1.0000 0.0000 0.0000 -1.0000 0.0000 0.0000 -1.0000 0.0000 0.0000 -1.0000 0.0000 0.0000 -1.0000 0.0000 0.0000 -1.0000 0.0000 0.0000 -1.0000 0.0000 0.0000 -1.0000 0.0000 0.0000 -1.0000 0.0000 0.0000 -1.0000 0.0000 0.0000 -1.0000 0.0000 0.0000 -1.0000 -0.0713 0.9975 0.0000 -0.0713 0.9975 0.0000 -0.2125 0.9772 0.0000 -0.2125 0.9772 0.0000 -0.3495 0.9369 0.0000 -0.3495 0.9369 0.0000 -0.4792 0.8777 0.0000 -0.4792 0.8777 0.0000 -0.5993 0.8005 0.0000 -0.5993 0.8005 0.0000 -0.7071 0.7071 0.0000 -0.7071 0.7071 0.0000 -0.8005 0.5993 0.0000 -0.8005 0.5993 0.0000 -0.8777 0.4792 0.0000 -0.8777 0.4792 0.0000 -0.9369 0.3495 0.0000 -0.9369 0.3495 0.0000 -0.9772 0.2125 0.0000 -0.9772 0.2125 0.0000 -0.9975 0.0713 0.0000 -0.9975 0.0713 0.0000 -0.9975 -0.0713 -0.0000 -0.9975 -0.0713 0.0000 -0.9772 -0.2125 -0.0000 -0.9772 -0.2125 0.0000 -0.9369 -0.3495 -0.0000 -0.9369 -0.3495 0.0000 -0.8777 -0.4792 -0.0000 -0.8777 -0.4792 0.0000 -0.8005 -0.5993 -0.0000 -0.8005 -0.5993 0.0000 -0.7071 -0.7071 -0.0000 -0.7071 -0.7071 0.0000 -0.5993 -0.8005 -0.0000 -0.5993 -0.8005 0.0000 -0.4792 -0.8777 -0.0000 -0.4792 -0.8777 0.0000 -0.3495 -0.9369 -0.0000 -0.3495 -0.9369 0.0000 -0.2125 -0.9772 -0.0000 -0.2125 -0.9772 0.0000 -0.0713 -0.9975 -0.0000 -0.0713 -0.9975 0.0000 -0.0871 -0.9962 -0.0000 -0.0871 -0.9962 -0.0000 -0.2588 -0.9659 -0.0000 -0.2588 -0.9659 -0.0000 -0.4226 -0.9063 -0.0000 -0.4226 -0.9063 -0.0000 -0.5736 -0.8192 -0.0000 -0.5736 -0.8192 -0.0000 -0.7071 -0.7071 -0.0000 -0.7071 -0.7071 -0.0000 -0.8192 -0.5736 -0.0000 -0.8192 -0.5736 -0.0000 -0.9063 -0.4226 -0.0000 -0.9063 -0.4226 -0.0000 -0.9659 -0.2588 -0.0000 -0.9659 -0.2588 -0.0000 -0.9962 -0.0871 -0.0000 -0.9962 -0.0871 -0.0000 -0.9962 0.0871 0.0000 -0.9962 0.0871 0.0000 -0.9659 0.2588 0.0000 -0.9659 0.2588 0.0000 -0.9063 0.4226 0.0000 -0.9063 0.4226 0.0000 -0.8192 0.5736 0.0000 -0.8192 0.5736 0.0000 -0.7071 0.7071 0.0000 -0.7071 0.7071 0.0000 -0.5736 0.8192 0.0000 -0.5736 0.8192 0.0000 -0.4226 0.9063 0.0000 -0.4226 0.9063 0.0000 -0.2588 0.9659 0.0000 -0.2588 0.9659 0.0000 -0.0871 0.9962 0.0000 -0.0871 0.9962 0.0000 0.0000 0.0000 1.0000 0.0000 0.0000 1.0000 0.0000 0.0000 1.0000 0.0000 -0.0000 1.0000 0.0000 0.0000 1.0000 0.0000 0.0000 1.0000 0.0000 0.0000 1.0000 0.0000 0.0000 1.0000 0.0000 0.0000 1.0000 0.0000 0.0000 1.0000 0.0000 -0.0000 1.0000 0.0000 0.0000 1.0000 0.0000 0.0000 1.0000 0.0000 0.0000 1.0000 0.0000 0.0000 1.0000 -0.0000 0.0000 1.0000 0.0000 0.0000 1.0000 0.0000 0.0000 1.0000 0.0000 0.0000 1.0000 0.0000 0.0000 1.0000 0.0000 0.0000 1.0000 0.0000 0.0000 1.0000 0.0000 0.0000 1.0000 0.0000 0.0000 1.0000 0.0000 0.0000 1.0000 0.0000 0.0000 1.0000 0.0000 0.0000 1.0000 0.0000 0.0000 1.0000 0.0000 0.0000 1.0000 0.0000 0.0000 1.0000 0.0000 0.0000 1.0000 0.0000 0.0000 1.0000 0.0000 0.0000 1.0000 0.0000 0.0000 1.0000</float_array>
          <technique_common>
            <accessor source="#part_036-mesh-normals-array" count="316" stride="3">
              <param name="X" type="float"/>
              <param name="Y" type="float"/>
              <param name="Z" type="float"/>
            </accessor>
          </technique_common>
        </source>
        <vertices id="part_036-mesh-vertices">
          <input semantic="POSITION" source="#part_036-mesh-positions"/>
        </vertices>
        <triangles material="mat_0_392_0_243_0_000" count="316">
          <input semantic="VERTEX" source="#part_036-mesh-vertices" offset="0"/>
          <input semantic="NORMAL" source="#part_036-mesh-normals" offset="1"/>
          <p>0 0 1 0 2 0 2 1 1 1 3 1 2 2 3 2 4 2 4 3 3 3 5 3 4 4 5 4 6 4 6 5 5 5 7 5 6 6 7 6 8 6 9 7 10 7 11 7 11 8 10 8 12 8 11 9 12 9 13 9 13 10 12 10 14 10 13 11 14 11 15 11 15 12 14 12 16 12 15 13 16 13 17 13 17 14 16 14 18 14 17 15 18 15 19 15 19 16 18 16 20 16 19 17 20 17 21 17 22 18 23 18 24 18 24 19 23 19 25 19 24 20 25 20 26 20 26 21 25 21 27 21 26 22 27 22 28 22 28 23 27 23 29 23 28 24 29 24 30 24 30 25 29 25 31 25 30 26 31 26 32 26 32 27 31 27 33 27 32 28 33 28 34 28 35 29 36 29 37 29 37 30 36 30 38 30 37 31 38 31 39 31 39 32 38 32 40 32 39 33 40 33 41 33 41 34 40 34 42 34 41 35 42 35 43 35 43 36 42 36 44 36 43 37 44 37 45 37 46 38 47 38 48 38 48 39 47 39 49 39 48 40 49 40 50 40 50 41 49 41 51 41 50 42 51 42 52 42 52 43 51 43 53 43 52 44 53 44 54 44 54 45 53 45 55 45 54 46 55 46 56 46 56 47 55 47 57 47 56 48 57 48 58 48 59 49 60 49 61 49 61 50 60 50 62 50 61 51 62 51 63 51 63 52 62 52 64 52 63 53 64 53 65 53 65 54 64 54 66 54 65 55 66 55 67 55 67 56 66 56 68 56 67 57 68 57 69 57 70 58 71 58 72 58 72 59 71 59 73 59 72 60 73 60 74 60 74 61 73 61 75 61 74 62 75 62 76 62 76 63 75 63 77 63 76 64 77 64 78 64 78 65 77 65 79 65 78 66 79 66 80 66 80 67 79 67 81 67 80 68 81 68 82 68 83 69 84 69 85 69 85 70 84 70 86 70 85 71 86 71 87 71 87 72 86 72 88 72 87 73 88 73 89 73 89 74 88 74 90 74 89 75 90 75 91 75 91 76 90 76 92 76 91 77 92 77 93 77 93 78 92 78 94 78 93 79 94 79 95 79 96 80 97 80 98 80 98 81 97 81 99 81 98 82 99 82 100 82 100 83 99 83 101 83 100 84 101 84 102 84 102 85 101 85 103 85 102 86 103 86 104 86 104 87 103 87 105 87 104 88 105 88 106 88 106 89 105 89 107 89 106 90 107 90 108 90 108 91 107 91 109 91 108 92 109 92 110 92 110 93 109 93 111 93 110 94 111 94 112 94 112 95 111 95 113 95 112 96 113 96 114 96 114 97 113 97 115 97 114 98 115 98 116 98 116 99 115 99 117 99 116 100 117 100 118 100 118 101 117 101 119 101 118 102 119 102 120 102 120 103 119 103 121 103 120 104 121 104 122 104 122 105 121 105 123 105 122 106 123 106 124 106 124 107 123 107 125 107 124 108 125 108 126 108 126 109 125 109 127 109 126 110 127 110 128 110 128 111 127 111 129 111 128 112 129 112 130 112 130 113 129 113 131 113 130 114 131 114 132 114 132 115 131 115 133 115 134 116 135 116 136 116 137 117 138 117 139 117 139 118 138 118 140 118 139 119 140 119 141 119 141 120 140 120 142 120 141 121 142 121 143 121 143 122 142 122 144 122 143 123 144 123 145 123 145 124 144 124 146 124 145 125 146 125 147 125 147 126 146 126 148 126 147 127 148 127 149 127 149 128 148 128 150 128 149 129 150 129 151 129 151 130 150 130 152 130 151 131 152 131 153 131 153 132 152 132 154 132 153 133 154 133 155 133 155 134 154 134 156 134 155 135 156 135 157 135 157 136 156 136 158 136 157 137 158 137 159 137 159 138 158 138 160 138 159 139 160 139 161 139 161 140 160 140 162 140 161 141 162 141 163 141 163 142 162 142 164 142 163 143 164 143 165 143 165 144 164 144 166 144 165 145 166 145 167 145 167 146 166 146 168 146 167 147 168 147 169 147 169 148 168 148 170 148 169 149 170 149 171 149 171 150 170 150 172 150 171 151 172 151 173 151 173 152 172 152 174 152 173 153 174 153 175 153 175 154 174 154 176 154 175 155 176 155 177 155 177 156 176 156 178 156 177 157 178 157 179 157 179 158 178 158 180 158 179 159 180 159 181 159 182 160 183 160 184 160 185 161 186 161 187 161 188 162 189 162 190 162 191 163 192 163 193 163 193 164 192 164 194 164 193 165 194 165 195 165 196 166 197 166 198 166 199 167 200 167 201 167 201 168 200 168 202 168 203 169 204 169 205 169 205 170 204 170 206 170 205 171 206 171 207 171 208 172 209 172 210 172 210 173 209 173 211 173 210 174 211 174 212 174 213 175 214 175 215 175 215 176 214 176 216 176 215 177 216 177 217 177 218 178 219 178 220 178 220 179 219 179 221 179 220 180 221 180 222 180 223 181 224 181 225 181 225 182 224 182 226 182 225 183 226 183 227 183 228 184 229 184 230 184 230 185 229 185 231 185 230 186 231 186 232 186 233 187 234 187 235 187 235 188 234 188 236 188 235 189 236 189 237 189 238 190 239 190 240 190 240 191 239 191 241 191 240 192 241 192 242 192 243 193 244 193 245 193 245 194 244 194 246 194 245 195 246 195 247 195 248 196 249 196 250 196 250 197 249 197 251 197 250 198 251 198 252 198 253 199 254 199 255 199 255 200 254 200 256 200 255 201 256 201 257 201 258 202 259 202 260 202 261 203 262 203 263 203 263 204 262 204 264 204 263 205 264 205 265 205 265 206 264 206 266 206 265 207 266 207 267 207 267 208 266 208 268 208 267 209 268 209 269 209 269 210 268 210 270 210 269 211 270 211 271 211 271 212 270 212 272 212 271 213 272 213 273 213 273 214 272 214 274 214 273 215 274 215 275 215 275 216 274 216 276 216 275 217 276 217 277 217 277 218 276 218 278 218 277 219 278 219 279 219 279 220 278 220 280 220 279 221 280 221 281 221 281 222 280 222 282 222 281 223 282 223 283 223 283 224 282 224 284 224 283 225 284 225 285 225 285 226 284 226 286 226 285 227 286 227 287 227 287 228 286 228 288 228 287 229 288 229 289 229 289 230 288 230 290 230 289 231 290 231 291 231 291 232 290 232 292 232 291 233 292 233 293 233 293 234 292 234 294 234 293 235 294 235 295 235 295 236 294 236 296 236 295 237 296 237 297 237 297 238 296 238 298 238 297 239 298 239 299 239 299 240 298 240 300 240 299 241 300 241 301 241 301 242 300 242 302 242 301 243 302 243 303 243 303 244 302 244 304 244 303 245 304 245 305 245 306 246 307 246 308 246 308 247 307 247 309 247 308 248 309 248 310 248 310 249 309 249 311 249 310 250 311 250 312 250 312 251 311 251 313 251 312 252 313 252 314 252 314 253 313 253 315 253 314 254 315 254 316 254 316 255 315 255 317 255 316 256 317 256 318 256 318 257 317 257 319 257 318 258 319 258 320 258 320 259 319 259 321 259 320 260 321 260 322 260 322 261 321 261 323 261 322 262 323 262 324 262 324 263 323 263 325 263 324 264 325 264 326 264 326 265 325 265 327 265 326 266 327 266 328 266 328 267 327 267 329 267 328 268 329 268 330 268 330 269 329 269 331 269 330 270 331 270 332 270 332 271 331 271 333 271 332 272 333 272 334 272 334 273 333 273 335 273 334 274 335 274 336 274 336 275 335 275 337 275 336 276 337 276 338 276 338 277 337 277 339 277 338 278 339 278 340 278 340 279 339 279 341 279 340 280 341 280 342 280 342 281 341 281 343 281 344 282 345 282 346 282 347 283 348 283 349 283 349 284 348 284 350 284 351 285 352 285 353 285 353 286 352 286 354 286 353 287 354 287 355 287 356 288 357 288 358 288 358 289 357 289 359 289 358 290 359 290 360 290 361 291 362 291 363 291 363 292 362 292 364 292 363 293 364 293 365 293 366 294 367 294 368 294 368 295 367 295 369 295 368 296 369 296 370 296 371 297 372 297 373 297 373 298 372 298 374 298 373 299 374 299 375 299 376 300 377 300 378 300 378 301 377 301 379 301 378 302 379 302 380 302 381 303 382 303 383 303 383 304 382 304 384 304 383 305 384 305 385 305 386 306 387 306 388 306 388 307 387 307 389 307 388 308 389 308 390 308 391 309 392 309 393 309 393 310 392 310 394 310 393 311 394 311 395 311 396 312 397 312 398 312 398 313 397 313 399 313 398 314 399 314 400 314 400 315 399 315 401 315</p>
        </triangles>
      </mesh>
    </geometry>
    <geometry id="part_037-mesh" name="part_037">
      <mesh>
        <source id="part_037-mesh-positions">
          <float_array id="part_037-mesh-positions-array" count="72">1.5000 -1.5000 0.9271 1.0000 -1.5000 0.9271 1.5000 -1.5000 0.9270 1.0000 -1.5000 0.9270 1.0000 -1.5000 0.9271 1.0000 -1.0000 0.9271 1.0000 -1.5000 0.9270 1.0000 -1.0000 0.9270 1.0000 -1.0000 0.9271 1.0000 -1.5000 0.9271 1.5000 -1.0000 0.9271 1.5000 -1.5000 0.9271 1.0000 -1.5000 0.9270 1.0000 -1.0000 0.9270 1.5000 -1.5000 0.9270 1.5000 -1.0000 0.9270 1.0000 -1.0000 0.9271 1.5000 -1.0000 0.9271 1.0000 -1.0000 0.9270 1.5000 -1.0000 0.9270 1.5000 -1.0000 0.9271 1.5000 -1.5000 0.9271 1.5000 -1.0000 0.9270 1.5000 -1.5000 0.9270</float_array>
          <technique_common>
            <accessor source="#part_037-mesh-positions-array" count="24" stride="3">
              <param name="X" type="float"/>
              <param name="Y" type="float"/>
              <param name="Z" type="float"/>
            </accessor>
          </technique_common>
        </source>
        <source id="part_037-mesh-normals">
          <float_array id="part_037-mesh-normals-array" count="36">-0.0000 -1.0000 -0.0000 0.0000 -1.0000 0.0000 -1.0000 0.0000 0.0000 -1.0000 0.0000 0.0000 -0.0000 0.0000 1.0000 0.0000 0.0000 1.0000 0.0000 0.0000 -1.0000 0.0000 0.0000 -1.0000 -0.0000 1.0000 0.0000 0.0000 1.0000 0.0000 1.0000 0.0000 0.0000 1.0000 0.0000 0.0000</float_array>
          <technique_common>
            <accessor source="#part_037-mesh-normals-array" count="12" stride="3">
              <param name="X" type="float"/>
              <param name="Y" type="float"/>
              <param name="Z" type="float"/>
            </accessor>
          </technique_common>
        </source>
        <vertices id="part_037-mesh-vertices">
          <input semantic="POSITION" source="#part_037-mesh-positions"/>
        </vertices>
        <triangles material="mat_0_157_0_392_0_196" count="12">
          <input semantic="VERTEX" source="#part_037-mesh-vertices" offset="0"/>
          <input semantic="NORMAL" source="#part_037-mesh-normals" offset="1"/>
          <p>0 0 1 0 2 0 2 1 1 1 3 1 4 2 5 2 6 2 6 3 5 3 7 3 8 4 9 4 10 4 10 5 9 5 11 5 12 6 13 6 14 6 14 7 13 7 15 7 16 8 17 8 18 8 18 9 17 9 19 9 20 10 21 10 22 10 22 11 21 11 23 11</p>
        </triangles>
      </mesh>
    </geometry>
    <geometry id="part_038-mesh" name="part_038">
      <mesh>
        <source id="part_038-mesh-positions">
          <float_array id="part_038-mesh-positions-array" count="72">2.9500 -2.9500 0.6281 2.4500 -2.9500 0.6281 2.9500 -2.9500 0.6280 2.4500 -2.9500 0.6280 2.4500 -2.9500 0.6281 2.4500 -2.4500 0.6281 2.4500 -2.9500 0.6280 2.4500 -2.4500 0.6280 2.4500 -2.4500 0.6281 2.4500 -2.9500 0.6281 2.9500 -2.4500 0.6281 2.9500 -2.9500 0.6281 2.4500 -2.9500 0.6280 2.4500 -2.4500 0.6280 2.9500 -2.9500 0.6280 2.9500 -2.4500 0.6280 2.4500 -2.4500 0.6281 2.9500 -2.4500 0.6281 2.4500 -2.4500 0.6280 2.9500 -2.4500 0.6280 2.9500 -2.4500 0.6281 2.9500 -2.9500 0.6281 2.9500 -2.4500 0.6280 2.9500 -2.9500 0.6280</float_array>
          <technique_common>
            <accessor source="#part_038-mesh-positions-array" count="24" stride="3">
              <param name="X" type="float"/>
              <param name="Y" type="float"/>
              <param name="Z" type="float"/>
            </accessor>
          </technique_common>
        </source>
        <source id="part_038-mesh-normals">
          <float_array id="part_038-mesh-normals-array" count="36">-0.0000 -1.0000 -0.0000 0.0000 -1.0000 0.0000 -1.0000 0.0000 0.0000 -1.0000 0.0000 0.0000 -0.0000 0.0000 1.0000 0.0000 0.0000 1.0000 0.0000 0.0000 -1.0000 0.0000 0.0000 -1.0000 -0.0000 1.0000 0.0000 0.0000 1.0000 0.0000 1.0000 0.0000 0.0000 1.0000 0.0000 0.0000</float_array>
          <technique_common>
            <accessor source="#part_038-mesh-normals-array" count="12" stride="3">
              <param name="X" type="float"/>
              <param name="Y" type="float"/>
              <param name="Z" type="float"/>
            </accessor>
          </technique_common>
        </source>
        <vertices id="part_038-mesh-vertices">
          <input semantic="POSITION" source="#part_038-mesh-positions"/>
        </vertices>
        <triangles material="mat_0_157_0_392_0_196" count="12">
          <input semantic="VERTEX" source="#part_038-mesh-vertices" offset="0"/>
          <input semantic="NORMAL" source="#part_038-mesh-normals" offset="1"/>
          <p>0 0 1 0 2 0 2 1 1 1 3 1 4 2 5 2 6 2 6 3 5 3 7 3 8 4 9 4 10 4 10 5 9 5 11 5 12 6 13 6 14 6 14 7 13 7 15 7 16 8 17 8 18 8 18 9 17 9 19 9 20 10 21 10 22 10 22 11 21 11 23 11</p>
        </triangles>
      </mesh>
    </geometry>
  </library_geometries>
  <library_visual_scenes>
    <visual_scene id="Scene" name="Scene">
      <node id="node_part_000" name="part_000">
        <instance_geometry url="#part_000-mesh">
          <bind_material>
            <technique_common>
              <instance_material symbol="mat_0_392_0_243_0_000" target="#mat_0_392_0_243_0_000"/>
            </technique_common>
          </bind_material>
        </instance_geometry>
      </node>
      <node id="node_part_001" name="part_001">
        <instance_geometry url="#part_001-mesh">
          <bind_material>
            <technique_common>
              <instance_material symbol="mat_0_196_0_000_1_000" target="#mat_0_196_0_000_1_000"/>
            </technique_common>
          </bind_material>
        </instance_geometry>
      </node>
      <node id="node_part_002" name="part_002">
        <instance_geometry url="#part_002-mesh">
          <bind_material>
            <technique_common>
              <instance_material symbol="mat_0_196_0_000_1_000" target="#mat_0_196_0_000_1_000"/>
            </technique_common>
          </bind_material>
        </instance_geometry>
      </node>
      <node id="node_part_003" name="part_003">
        <instance_geometry url="#part_003-mesh">
          <bind_material>
            <technique_common>
              <instance_material symbol="mat_0_875_0_133_0_133" target="#mat_0_875_0_133_0_133"/>
            </technique_common>
          </bind_material>
        </instance_geometry>
      </node>
      <node id="node_part_004" name="part_004">
        <instance_geometry url="#part_004-mesh">
          <bind_material>
            <technique_common>
              <instance_material symbol="mat_0_941_0_824_0_824" target="#mat_0_941_0_824_0_824"/>
            </technique_common>
          </bind_material>
        </instance_geometry>
      </node>
      <node id="node_part_005" name="part_005">
        <instance_geometry url="#part_005-mesh">
          <bind_material>
            <technique_common>
              <instance_material symbol="mat_0_667_0_824_0_902" target="#mat_0_667_0_824_0_902"/>
            </technique_common>
          </bind_material>
        </instance_geometry>
      </node>
      <node id="node_part_006" name="part_006">
        <instance_geometry url="#part_006-mesh">
          <bind_material>
            <technique_common>
              <instance_material symbol="mat_0_875_0_133_0_133" target="#mat_0_875_0_133_0_133"/>
            </technique_common>
          </bind_material>
        </instance_geometry>
      </node>
      <node id="node_part_007" name="part_007">
        <instance_geometry url="#part_007-mesh">
          <bind_material>
            <technique_common>
              <instance_material symbol="mat_0_875_0_133_0_133" target="#mat_0_875_0_133_0_133"/>
            </technique_common>
          </bind_material>
        </instance_geometry>
      </node>
      <node id="node_part_008" name="part_008">
        <instance_geometry url="#part_008-mesh">
          <bind_material>
            <technique_common>
              <instance_material symbol="mat_0_961_0_941_0_784" target="#mat_0_961_0_941_0_784"/>
            </technique_common>
          </bind_material>
        </instance_geometry>
      </node>
      <node id="node_part_009" name="part_009">
        <instance_geometry url="#part_009-mesh">
          <bind_material>
            <technique_common>
              <instance_material symbol="mat_0_961_0_941_0_784" target="#mat_0_961_0_941_0_784"/>
            </technique_common>
          </bind_material>
        </instance_geometry>
      </node>
      <node id="node_part_010" name="part_010">
        <instance_geometry url="#part_010-mesh">
          <bind_material>
            <technique_common>
              <instance_material symbol="mat_0_392_0_243_0_000" target="#mat_0_392_0_243_0_000"/>
            </technique_common>
          </bind_material>
        </instance_geometry>
      </node>
      <node id="node_part_011" name="part_011">
        <instance_geometry url="#part_011-mesh">
          <bind_material>
            <technique_common>
              <instance_material symbol="mat_0_588_0_843_0_863" target="#mat_0_588_0_843_0_863"/>
            </technique_common>
          </bind_material>
        </instance_geometry>
      </node>
      <node id="node_part_012" name="part_012">
        <instance_geometry url="#part_012-mesh">
          <bind_material>
            <technique_common>
              <instance_material symbol="mat_0_875_0_133_0_133" target="#mat_0_875_0_133_0_133"/>
            </technique_common>
          </bind_material>
        </instance_geometry>
      </node>
      <node id="node_part_013" name="part_013">
        <instance_geometry url="#part_013-mesh">
          <bind_material>
            <technique_common>
              <instance_material symbol="mat_0_922_0_706_0_627" target="#mat_0_922_0_706_0_627"/>
            </technique_common>
          </bind_material>
        </instance_geometry>
      </node>
      <node id="node_part_014" name="part_014">
        <instance_geometry url="#part_014-mesh">
          <bind_material>
            <technique_common>
              <instance_material symbol="mat_0_961_0_667_0_235" target="#mat_0_961_0_667_0_235"/>
            </technique_common>
          </bind_material>
        </instance_geometry>
      </node>
      <node id="node_part_015" name="part_015">
        <instance_geometry url="#part_015-mesh">
          <bind_material>
            <technique_common>
              <instance_material symbol="mat_0_784_0_588_0_549" target="#mat_0_784_0_588_0_549"/>
            </technique_common>
          </bind_material>
        </instance_geometry>
      </node>
      <node id="node_part_016" name="part_016">
        <instance_geometry url="#part_016-mesh">
          <bind_material>
            <technique_common>
              <instance_material symbol="mat_0_196_0_000_1_000" target="#mat_0_196_0_000_1_000"/>
            </technique_common>
          </bind_material>
        </instance_geometry>
      </node>
      <node id="node_part_017" name="part_017">
        <instance_geometry url="#part_017-mesh">
          <bind_material>
            <technique_common>
              <instance_material symbol="mat_0_196_0_000_1_000" target="#mat_0_196_0_000_1_000"/>
            </technique_common>
          </bind_material>
        </instance_geometry>
      </node>
      <node id="node_part_018" name="part_018">
        <instance_geometry url="#part_018-mesh">
          <bind_material>
            <technique_common>
              <instance_material symbol="mat_0_745_0_745_0_726" target="#mat_0_745_0_745_0_726"/>
            </technique_common>
          </bind_material>
        </instance_geometry>
      </node>
      <node id="node_part_019" name="part_019">
        <instance_geometry url="#part_019-mesh">
          <bind_material>
            <technique_common>
              <instance_material symbol="mat_0_922_0_706_0_627" target="#mat_0_922_0_706_0_627"/>
            </technique_common>
          </bind_material>
        </instance_geometry>
      </node>
      <node id="node_part_020" name="part_020">
        <instance_geometry url="#part_020-mesh">
          <bind_material>
            <technique_common>
              <instance_material symbol="mat_0_157_0_392_0_196" target="#mat_0_157_0_392_0_196"/>
            </technique_common>
          </bind_material>
        </instance_geometry>
      </node>
      <node id="node_part_021" name="part_021">
        <instance_geometry url="#part_021-mesh">
          <bind_material>
            <technique_common>
              <instance_material symbol="mat_0_157_0_392_0_196" target="#mat_0_157_0_392_0_196"/>
            </technique_common>
          </bind_material>
        </instance_geometry>
      </node>
      <node id="node_part_022" name="part_022">
        <instance_geometry url="#part_022-mesh">
          <bind_material>
            <technique_common>
              <instance_material symbol="mat_0_855_0_647_0_126" target="#mat_0_855_0_647_0_126"/>
            </technique_common>
          </bind_material>
        </instance_geometry>
      </node>
      <node id="node_part_023" name="part_023">
        <instance_geometry url="#part_023-mesh">
          <bind_material>
            <technique_common>
              <instance_material symbol="mat_0_157_0_392_0_196" target="#mat_0_157_0_392_0_196"/>
            </technique_common>
          </bind_material>
        </instance_geometry>
      </node>
      <node id="node_part_024" name="part_024">
        <instance_geometry url="#part_024-mesh">
          <bind_material>
            <technique_common>
              <instance_material symbol="mat_0_588_0_843_0_863" target="#mat_0_588_0_843_0_863"/>
            </technique_common>
          </bind_material>
        </instance_geometry>
      </node>
      <node id="node_part_025" name="part_025">
        <instance_geometry url="#part_025-mesh">
          <bind_material>
            <technique_common>
              <instance_material symbol="mat_0_235_0_667_0_961" target="#mat_0_235_0_667_0_961"/>
            </technique_common>
          </bind_material>
        </instance_geometry>
      </node>
      <node id="node_part_026" name="part_026">
        <instance_geometry url="#part_026-mesh">
          <bind_material>
            <technique_common>
              <instance_material symbol="mat_0_510_0_706_0_784" target="#mat_0_510_0_706_0_784"/>
            </technique_common>
          </bind_material>
        </instance_geometry>
      </node>
      <node id="node_part_027" name="part_027">
        <instance_geometry url="#part_027-mesh">
          <bind_material>
            <technique_common>
              <instance_material symbol="mat_0_745_0_745_0_726" target="#mat_0_745_0_745_0_726"/>
            </technique_common>
          </bind_material>
        </instance_geometry>
      </node>
      <node id="node_part_028" name="part_028">
        <instance_geometry url="#part_028-mesh">
          <bind_material>
            <technique_common>
              <instance_material symbol="mat_0_157_0_392_0_196" target="#mat_0_157_0_392_0_196"/>
            </technique_common>
          </bind_material>
        </instance_geometry>
      </node>
      <node id="node_part_029" name="part_029">
        <instance_geometry url="#part_029-mesh">
          <bind_material>
            <technique_common>
              <instance_material symbol="mat_0_157_0_392_0_196" target="#mat_0_157_0_392_0_196"/>
            </technique_common>
          </bind_material>
        </instance_geometry>
      </node>
      <node id="node_part_030" name="part_030">
        <instance_geometry url="#part_030-mesh">
          <bind_material>
            <technique_common>
              <instance_material symbol="mat_0_157_0_392_0_196" target="#mat_0_157_0_392_0_196"/>
            </technique_common>
          </bind_material>
        </instance_geometry>
      </node>
      <node id="node_part_031" name="part_031">
        <instance_geometry url="#part_031-mesh">
          <bind_material>
            <technique_common>
              <instance_material symbol="mat_0_157_0_392_0_196" target="#mat_0_157_0_392_0_196"/>
            </technique_common>
          </bind_material>
        </instance_geometry>
      </node>
      <node id="node_part_032" name="part_032">
        <instance_geometry url="#part_032-mesh">
          <bind_material>
            <technique_common>
              <instance_material symbol="mat_0_745_0_745_0_726" target="#mat_0_745_0_745_0_726"/>
            </technique_common>
          </bind_material>
        </instance_geometry>
      </node>
      <node id="node_part_033" name="part_033">
        <instance_geometry url="#part_033-mesh">
          <bind_material>
            <technique_common>
              <instance_material symbol="mat_0_922_0_706_0_627" target="#mat_0_922_0_706_0_627"/>
            </technique_common>
          </bind_material>
        </instance_geometry>
      </node>
      <node id="node_part_034" name="part_034">
        <instance_geometry url="#part_034-mesh">
          <bind_material>
            <technique_common>
              <instance_material symbol="mat_0_157_0_392_0_196" target="#mat_0_157_0_392_0_196"/>
            </technique_common>
          </bind_material>
        </instance_geometry>
      </node>
      <node id="node_part_035" name="part_035">
        <instance_geometry url="#part_035-mesh">
          <bind_material>
            <technique_common>
              <instance_material symbol="mat_0_588_0_843_0_863" target="#mat_0_588_0_843_0_863"/>
            </technique_common>
          </bind_material>
        </instance_geometry>
      </node>
      <node id="node_part_036" name="part_036">
        <instance_geometry url="#part_036-mesh">
          <bind_material>
            <technique_common>
              <instance_material symbol="mat_0_392_0_243_0_000" target="#mat_0_392_0_243_0_000"/>
            </technique_common>
          </bind_material>
        </instance_geometry>
      </node>
      <node id="node_part_037" name="part_037">
        <instance_geometry url="#part_037-mesh">
          <bind_material>
            <technique_common>
              <instance_material symbol="mat_0_157_0_392_0_196" target="#mat_0_157_0_392_0_196"/>
            </technique_common>
          </bind_material>
        </instance_geometry>
      </node>
      <node id="node_part_038" name="part_038">
        <instance_geometry url="#part_038-mesh">
          <bind_material>
            <technique_common>
              <instance_material symbol="mat_0_157_0_392_0_196" target="#mat_0_157_0_392_0_196"/>
            </technique_common>
          </bind_material>
        </instance_geometry>
      </node>
    </visual_scene>
  </library_visual_scenes>
  <scene>
    <instance_visual_scene url="#Scene"/>
  </scene>
</COLLADA>